0, "Dynamix", "645477", "08-514 803 80", "Stocksund", "http://www.dynamix.se", "/Stocksund/Dynamix/645477", "mailto:mathias.holmberg@dynamix.se", "http://maps.google.se/maps?f=q&source=s_q&hl=sv&geocode=&q=L%c3%a5ng%c3%a4ngsv%c3%a4gen+9%2c+18275%2c+STOCKSUND%2c+Sweden"
1, "Dynamo AB", "988962", "031-711 93 04", "Göteborg", "http://www.dynamoab.se", "/G%C3%B6teborg/Dynamo_AB/988962", "mailto:harald@dynamoab.se", "http://maps.google.se/maps?f=q&source=s_q&hl=sv&geocode=&q=Nordostpassagen+23%2c+41311%2c+G%c3%96TEBORG%2c+Sweden"
2, "Dynamo Film AB", "2057231", "063-701 07 55", "Fåker", "http://www.dynamofilm.se", "/F%C3%A5ker/Dynamo_Film_AB/2057231", "", "http://maps.google.se/maps?f=q&source=s_q&hl=sv&geocode=&q=%c3%85san+130%2c+83022%2c+F%c3%85KER%2c+Sweden"
3, "Dynamo i Skivarp AB", "610391", "0411-724 23", "Skivarp", "", "/Skivarp/Dynamo_i_Skivarp_AB/610391", "", "http://maps.google.se/maps?f=q&source=s_q&hl=sv&geocode=&q=Box+36%2c+27402%2c+SKIVARP%2c+Sweden"
4, "Dynamo Kulturinformation", "951088", "0171-14 20 90", "Fjärdhundra", "http://www.dynamokultur.se", "/Fj%C3%A4rdhundra/Dynamo_Kulturinformation/951088", "mailto:info@dynamokultur.se", "http://maps.google.se/maps?f=q&source=s_q&hl=sv&geocode=&q=%c3%96sterunda-%c3%a5by+Skola+2%2c+74972%2c+FJ%c3%84RDHUNDRA%2c+Sweden"
5, "Dynamo Media", "1824497", "040-660 04 54", "Malmö", "http://www.dynamomedia.se", "/Malm%C3%B6/Dynamo_Media/1824497", "mailto:info@dynamomedia.se", "http://maps.google.se/maps?f=q&source=s_q&hl=sv&geocode=&q=Ripvidegatan+17%2c+21231%2c+MALM%c3%96%2c+Sweden"
6, "Dynamo Performance Enhancement Concepts AB", "2638809", "", "Göteborg", "", "/G%C3%B6teborg/Dynamo_Performance_Enhancement_Concepts_AB/2638809", "", "http://maps.google.se/maps?f=q&source=s_q&hl=sv&geocode=&q=Vasagatan+42%2c+41137%2c+G%c3%96TEBORG%2c+Sweden"
7, "Dynamo Press AB", "477550", "", "Lövånger", "", "/L%C3%B6v%C3%A5nger/Dynamo_Press_AB/477550", "mailto:info@dynamopress.se", "http://maps.google.se/maps?f=q&source=s_q&hl=sv&geocode=&q=Selet+138%2c+93010%2c+L%c3%96V%c3%85NGER%2c+Sweden"
8, "Dynamo Sports & Incentives", "2870492", "08-121 346 50", "Stockholm", "", "/Stockholm/Dynamo_Sports__Incentives/2870492", "", "http://maps.google.se/maps?f=q&source=s_q&hl=sv&geocode=&q=Sankt+Eriksgatan+43+A%2c+11234%2c+STOCKHOLM%2c+Sweden"
9, "Dynamo Stockholm Arkitekter AB", "227804", "08-652 60 80", "Saltsjö-duvnäs", "", "/Saltsj%C3%B6_duvn%C3%A4s/Dynamo_Stockholm_Arkitekter_AB/227804", "", "http://maps.google.se/maps?f=q&source=s_q&hl=sv&geocode=&q=Strandpromenaden+2%2c+13150%2c+SALTSJ%c3%96-DUVN%c3%84S%2c+Sweden"
10, "Dynamo Tandhälsa AB", "3008218", "", "Rävlanda", "", "/R%C3%A4vlanda/Dynamo_Tandh%C3%A4lsa_AB/3008218", "", "http://maps.google.se/maps?f=q&source=s_q&hl=sv&geocode=&q=Snickarev%c3%a4gen+1%2c+43852%2c+R%c3%84VLANDA%2c+Sweden"
11, "Dynamo Text & Form", "340763", "08-545 460 50", "Stockholm", "", "/Stockholm/Dynamo_Text__Form/340763", "", "http://maps.google.se/maps?f=q&source=s_q&hl=sv&geocode=&q=Ljusst%c3%b6parbacken+28+C%2c+11765%2c+STOCKHOLM%2c+Sweden"
12, "Dynamoborstfabriken, AB", "428607", "0143-315 55", "Vadstena", "", "/Vadstena/Dynamoborstfabriken_AB/428607", "", "http://maps.google.se/maps?f=q&source=s_q&hl=sv&geocode=&q=Kvarnbacksv%c3%a4gen+11%2c+59241%2c+VADSTENA%2c+Sweden"
13, "Dynapac AB", "362837", "08-743 83 00", "Karlskrona", "", "/Karlskrona/Dynapac_AB/362837", "", "http://maps.google.se/maps?f=q&source=s_q&hl=sv&geocode=&q=Industriv%c3%a4gen+2%2c+37146%2c+KARLSKRONA%2c+Sweden"
14, "Dynapac Compaction Equipment AB", "972210", "0455-30 60 00", "Karlskrona", "http://www.dynapac.com", "/Karlskrona/Dynapac_Compaction_Equipment_AB/972210", "mailto:dynapacinfo@dynapac.com", "http://maps.google.se/maps?f=q&source=s_q&hl=sv&geocode=&q=Industriv%c3%a4gen+2%2c+37146%2c+KARLSKRONA%2c+Sweden"
15, "Dynapac Nordic", "2306317", "046-23 30 50", "Staffanstorp", "", "/Staffanstorp/Dynapac_Nordic/2306317", "", "http://maps.google.se/maps?f=q&source=s_q&hl=sv&geocode=&q=Verkstadsv%c3%a4gen+26%2c+24534%2c+STAFFANSTORP%2c+Sweden"
16, "Dynapo AB", "2943618", "", "Huddinge", "", "/Huddinge/Dynapo_AB/2943618", "", "http://maps.google.se/maps?f=q&source=s_q&hl=sv&geocode=&q=Hedenh%c3%b6sv%c3%a4gen+54%2c+14133%2c+HUDDINGE%2c+Sweden"
17, "Dynaprint AB", "611103", "08-83 37 58", "Solna", "http://www.dynaprint.se", "/Solna/Dynaprint_AB/611103", "mailto:info@dynaprint.se", "http://maps.google.se/maps?f=q&source=s_q&hl=sv&geocode=&q=Huvudstagatan+11%2c+17158%2c+SOLNA%2c+Sweden"
18, "Dynäs Ii", "1518545", "0612-306 30", "Lunde", "", "/Lunde/Dyn%C3%A4s_Ii/1518545", "", "http://maps.google.se/maps?f=q&source=s_q&hl=sv&geocode=&q=Birger+Normans+V%c3%a4g+5+C%2c+87293%2c+LUNDE%2c+Sweden"
19, "Dynäs Import AB", "967556", "040-51 92 00", "Vintrie", "http://www.dynasimport.se", "/Vintrie/Dyn%C3%A4s_Import_AB/967556", "mailto:info.dynas@telia.com", "http://maps.google.se/maps?f=q&source=s_q&hl=sv&geocode=&q=Ollebov%c3%a4gen+14%2c+21845%2c+VINTRIE%2c+Sweden"
20, "Dynäs Kamratförening", "2991147", "", "Sollefteå", "", "/Sollefte%C3%A5/Dyn%C3%A4s_Kamratf%C3%B6rening/2991147", "", "http://maps.google.se/maps?f=q&source=s_q&hl=sv&geocode=&q=Vall%c3%a5kersgatan+7+A%2c+88134%2c+SOLLEFTE%c3%85%2c+Sweden"
21, "Dynäs Måleri AB Nordsjö Idé & Design", "377396", "0612-129 00", "Kramfors", "http://www.dynasmaleri.se", "/Kramfors/Dyn%C3%A4s_M%C3%A5leri_AB_Nordsj%C3%B6_Ide__Design/377396", "mailto:stefan@dynasmaleri.se", "http://maps.google.se/maps?f=q&source=s_q&hl=sv&geocode=&q=Ringv%c3%a4gen+1+B%2c+87234%2c+KRAMFORS%2c+Sweden"
22, "Dynasafe Demil Systems AB", "599038", "0586-77 12 70", "Karlskoga", "http://www.dynasafe.com", "/Karlskoga/Dynasafe_Demil_Systems_AB/599038", "mailto:info@dynasafe.se", "http://maps.google.se/maps?f=q&source=s_q&hl=sv&geocode=&q=Gammelbackav%c3%a4gen+8%2c+69151%2c+KARLSKOGA%2c+Sweden"
23, "Dynasafe Protection Systems AB", "1284115", "0586-77 12 70", "Karlskoga", "http://www.dynasafe.se", "/Karlskoga/Dynasafe_Protection_Systems_AB/1284115", "mailto:info@dynasafe.com", "http://maps.google.se/maps?f=q&source=s_q&hl=sv&geocode=&q=Gammelbackav%c3%a4gen+8%2c+69151%2c+KARLSKOGA%2c+Sweden"
24, "Dynaseal Technologies AB", "680520", "08-735 67 00", "Stockholm", "", "/Stockholm/Dynaseal_Technologies_AB/680520", "", "http://maps.google.se/maps?f=q&source=s_q&hl=sv&geocode=&q=Lundagatan+50%2c+11727%2c+STOCKHOLM%2c+Sweden"
25, "Dynasearch KB", "2379687", "", "Göteborg", "", "/G%C3%B6teborg/Dynasearch_KB/2379687", "", "http://maps.google.se/maps?f=q&source=s_q&hl=sv&geocode=&q=Sn%c3%b6droppeg%c3%a5ngen+5%2c+41676%2c+G%c3%96TEBORG%2c+Sweden"
26, "Dynasongs", "2755006", "08-408 086 00", "Skogås", "", "/Skog%C3%A5s/Dynasongs/2755006", "", "http://maps.google.se/maps?f=q&source=s_q&hl=sv&geocode=&q=Rondov%c3%a4gen+122%2c+14241%2c+SKOG%c3%85S%2c+Sweden"
27, "DynaSpace AB", "481179", "018-55 22 59", "Uppsala", "", "/Uppsala/DynaSpace_AB/481179", "", "http://maps.google.se/maps?f=q&source=s_q&hl=sv&geocode=&q=Tr%c3%a4dg%c3%a5rdsgatan+3%2c+75309%2c+UPPSALA%2c+Sweden"
28, "Dynastin", "2633352", "08-612 95 17", "Stockholm", "", "/Stockholm/Dynastin/2633352", "", "http://maps.google.se/maps?f=q&source=s_q&hl=sv&geocode=&q=Birger+Jarlsgatan+112%2c+11420%2c+STOCKHOLM%2c+Sweden"
29, "Dynasty Pacific AB", "888617", "031-28 34 49", "Askim", "http://www.dynastypacific.com", "/Askim/Dynasty_Pacific_AB/888617", "mailto:dynasty.pacific@telia.com", "http://maps.google.se/maps?f=q&source=s_q&hl=sv&geocode=&q=Askims+Kyrk%c3%a5sv%c3%a4g+17%2c+43640%2c+ASKIM%2c+Sweden"
30, "Dynasys", "372154", "08-98 72 32", "Tullinge", "", "/Tullinge/Dynasys/372154", "", "http://maps.google.se/maps?f=q&source=s_q&hl=sv&geocode=&q=Ulvsbergsv%c3%a4gen+3+A%2c+14654%2c+TULLINGE%2c+Sweden"
31, "Dynatab AB", "477900", "08-662 81 66", "Stockholm", "http://www.dynatab.se", "/Stockholm/Dynatab_AB/477900", "mailto:lennart.jonsson@dynatab.se", "http://maps.google.se/maps?f=q&source=s_q&hl=sv&geocode=&q=Narvav%c3%a4gen+35%2c+11460%2c+STOCKHOLM%2c+Sweden"
32, "Dynatec AB", "967880", "0411-55 75 90", "Ystad", "http://www.dynatec.se", "/Ystad/Dynatec_AB/967880", "mailto:dynatec@dynatec.se", "http://maps.google.se/maps?f=q&source=s_q&hl=sv&geocode=&q=Norra+Koboltgatan+8%2c+27139%2c+YSTAD%2c+Sweden"
33, "Dynatech Automotive AB", "2799113", "", "Trollhättan", "", "/Trollh%C3%A4ttan/Dynatech_Automotive_AB/2799113", "", "http://maps.google.se/maps?f=q&source=s_q&hl=sv&geocode=&q=Nohabgatan+18%2c+46153%2c+TROLLH%c3%84TTAN%2c+Sweden"
34, "Dynatel AB", "1713315", "08-570 208 00", "Värmdö", "", "/V%C3%A4rmd%C3%B6/Dynatel_AB/1713315", "", "http://maps.google.se/maps?f=q&source=s_q&hl=sv&geocode=&q=%c3%84lgg%c3%a5rdsv%c3%a4gen+18%2c+13936%2c+V%c3%84RMD%c3%96%2c+Sweden"
35, "Dynatex AB", "3026411", "0157-441 61", "Eskilstuna", "", "/Eskilstuna/Dynatex_AB/3026411", "", "http://maps.google.se/maps?f=q&source=s_q&hl=sv&geocode=&q=Heljestrandsgatan+14+A%2c+63344%2c+ESKILSTUNA%2c+Sweden"
36, "Dynatop AB", "622445", "08-501 640 60", "Djursholm", "", "/Djursholm/Dynatop_AB/622445", "", "http://maps.google.se/maps?f=q&source=s_q&hl=sv&geocode=&q=Grimv%c3%a4gen+1%2c+18268%2c+DJURSHOLM%2c+Sweden"
37, "Dynatrade AB", "898663", "031-91 54 95", "Billdal", "http://www.dynatrade.se", "/Billdal/Dynatrade_AB/898663", "mailto:info@dynatrade.se", "http://maps.google.se/maps?f=q&source=s_q&hl=sv&geocode=&q=Box+85%2c+42723%2c+BILLDAL%2c+Sweden"
38, "Dynatrade Scandinavia AB", "2461219", "031-91 12 50", "Jönköping", "", "/J%C3%B6nk%C3%B6ping/Dynatrade_Scandinavia_AB/2461219", "", "http://maps.google.se/maps?f=q&source=s_q&hl=sv&geocode=&q=Gjuterigatan+9%2c+55318%2c+J%c3%96NK%c3%96PING%2c+Sweden"
39, "DynaWind AB", "811531", "0550-343 00", "Kristinehamn", "http://www.dynawind.se", "/Kristinehamn/DynaWind_AB/811531", "mailto:info@dynawind.se", "http://maps.google.se/maps?f=q&source=s_q&hl=sv&geocode=&q=Hj%c3%a4lmarsn%c3%a4sv%c3%a4gen+4%2c+68195%2c+KRISTINEHAMN%2c+Sweden"
40, "Dyneborg, Krister", "1749976", "", "Sollefteå", "", "/Sollefte%C3%A5/Dyneborg_Krister/1749976", "", "http://maps.google.se/maps?f=q&source=s_q&hl=sv&geocode=&q=V%c3%a4stnyland+113%2c+88193%2c+SOLLEFTE%c3%85%2c+Sweden"
41, "Dynekilens Golfklubb", "760759", "0526-340 00", "Strömstad", "http://www.dynegolf.se", "/Str%C3%B6mstad/Dynekilens_Golfklubb/760759", "mailto:kansliet@dynegolf.se", "http://maps.google.se/maps?f=q&source=s_q&hl=sv&geocode=&q=Dyne+G%c3%a5rd%2c+45292%2c+STR%c3%96MSTAD%2c+Sweden"
42, "Dynesius Design AB", "2994441", "", "Lidingö", "", "/Liding%C3%B6/Dynesius_Design_AB/2994441", "", "http://maps.google.se/maps?f=q&source=s_q&hl=sv&geocode=&q=K%c3%a4ll%c3%a4ngsv%c3%a4gen+17%2c+18143%2c+LIDING%c3%96%2c+Sweden"
43, "Dynesius, Christer", "159526", "0973-410 26", "Porjus", "", "/Porjus/Dynesius_Christer/159526", "", "http://maps.google.se/maps?f=q&source=s_q&hl=sv&geocode=&q=Bj%c3%b6rkudden+4%2c+98260%2c+PORJUS%2c+Sweden"
44, "Dynesius, Sara", "2609768", "08-765 00 05", "Vällingby", "", "/V%C3%A4llingby/Dynesius_Sara/2609768", "", "http://maps.google.se/maps?f=q&source=s_q&hl=sv&geocode=&q=Dalk%c3%a4rrsleden+20%2c+16271%2c+V%c3%84LLINGBY%2c+Sweden"
45, "Dynestrands Camping", "2601413", "0526-340 85", "Strömstad", "", "/Str%C3%B6mstad/Dynestrands_Camping/2601413", "", "http://maps.google.se/maps?f=q&source=s_q&hl=sv&geocode=&q=Dyne+Camping%2c+45292%2c+STR%c3%96MSTAD%2c+Sweden"
46, "Dynestrands Camping AB", "2702726", "", "Strömstad", "", "/Str%C3%B6mstad/Dynestrands_Camping_AB/2702726", "", "http://maps.google.se/maps?f=q&source=s_q&hl=sv&geocode=&q=Dyne+Camping%2c+45292%2c+STR%c3%96MSTAD%2c+Sweden"
47, "Dynggrepen AB, Slöjdforum, Specialpedagogik", "251064", "0587-600 15", "Stockholm", "", "/Stockholm/Dynggrepen_AB_Sl%C3%B6jdforum_Specialpedagogik/251064", "", "http://maps.google.se/maps?f=q&source=s_q&hl=sv&geocode=&q=Katarina+Bangata+57%2c+11642%2c+STOCKHOLM%2c+Sweden"
48, "Dynggrepen Slöjdforum", "251275", "0587-600 15", "Stockholm", "", "/Stockholm/Dynggrepen_Sl%C3%B6jdforum/251275", "", "http://maps.google.se/maps?f=q&source=s_q&hl=sv&geocode=&q=Katarina+Bangata+57%2c+11642%2c+STOCKHOLM%2c+Sweden"
49, "Dyngö Sjötaxi o. Havsservice", "950848", "", "Fjällbacka", "", "/Fj%C3%A4llbacka/Dyng%C3%B6_Sj%C3%B6taxi_o_Havsservice/950848", "", "http://maps.google.se/maps?f=q&source=s_q&hl=sv&geocode=&q=Dyng%c3%b6+Skr%c3%a5lby%2c+45740%2c+FJ%c3%84LLBACKA%2c+Sweden"
50, "Dyning - Carolina Laine", "1353877", "08-33 53 39", "Stockholm", "", "/Stockholm/Dyning___Carolina_Laine/1353877", "", "http://maps.google.se/maps?f=q&source=s_q&hl=sv&geocode=&q=Sankt+Eriksgatan+100%2c+11331%2c+STOCKHOLM%2c+Sweden"
51, "Dyniq AB", "2726504", "", "Stockholm", "", "/Stockholm/Dyniq_AB/2726504", "", "http://maps.google.se/maps?f=q&source=s_q&hl=sv&geocode=&q=Box+6139%2c+10233%2c+STOCKHOLM%2c+Sweden"
52, "Dynit", "167243", "018-17 21 70", "Kungsängen", "", "/Kungs%C3%A4ngen/Dynit/167243", "", "http://maps.google.se/maps?f=q&source=s_q&hl=sv&geocode=&q=Kristallstigen+3%2c+19633%2c+KUNGS%c3%84NGEN%2c+Sweden"
53, "Dyno Nobel Sweden AB", "366016", "0479-213 23", "Lönsboda", "", "/L%C3%B6nsboda/Dyno_Nobel_Sweden_AB/366016", "", "http://maps.google.se/maps?f=q&source=s_q&hl=sv&geocode=&q=Gisslaboda%2c+28070%2c+L%c3%96NSBODA%2c+Sweden"
54, "Dyno Nobel Sweden AB", "1020744", "08-590 000 21", "Upplands väsby", "http://www.oricaminingservices.com", "/Upplands_v%C3%A4sby/Dyno_Nobel_Sweden_AB/1020744", "mailto:info.gyse@orica.com", "http://maps.google.se/maps?f=q&source=s_q&hl=sv&geocode=&q=DYNO+Nobel+Sweden+AB%2c+71382%2c+NORA%2c+Sweden"
55, "Dyno Nobel Sweden AB", "1709709", "0498-22 24 19", "Slite", "", "/Slite/Dyno_Nobel_Sweden_AB/1709709", "", "http://maps.google.se/maps?f=q&source=s_q&hl=sv&geocode=&q=Skolgatan+6%2c+62448%2c+SLITE%2c+Sweden"
56, "Dyno Test HB", "419994", "", "Norrköping", "", "/Norrk%C3%B6ping/Dyno_Test_HB/419994", "", "http://maps.google.se/maps?f=q&source=s_q&hl=sv&geocode=&q=Br%c3%a5vallagatan%2c+60223%2c+NORRK%c3%96PING%2c+Sweden"
57, "Dyno-omklädsel", "2244499", "031-713 98 50", "Västra frölunda", "", "/V%C3%A4stra_fr%C3%B6lunda/Dyno_omkl%C3%A4dsel/2244499", "", "http://maps.google.se/maps?f=q&source=s_q&hl=sv&geocode=&q=Guldringen+11%2c+42652%2c+V%c3%84STRA+FR%c3%96LUNDA%2c+Sweden"
58, "Dynsam Dynamiska Samtal", "1074204", "013-13 80 28", "Linköping", "http://www.dynsam.se", "/Link%C3%B6ping/Dynsam_Dynamiska_Samtal/1074204", "mailto:annika@dynsam.se", "http://maps.google.se/maps?f=q&source=s_q&hl=sv&geocode=&q=R%c3%a5bergagatan+24%2c+58254%2c+LINK%c3%96PING%2c+Sweden"
59, "Dynstugan AB", "2759818", "0340-61 15 24", "Mellbystrand", "", "/Mellbystrand/Dynstugan_AB/2759818", "", "http://maps.google.se/maps?f=q&source=s_q&hl=sv&geocode=&q=Norra+Strandv%c3%a4gen+17%2c+31260%2c+MELLBYSTRAND%2c+Sweden"
60, "Dyntex HB", "2708676", "", "Nykvarn", "", "/Nykvarn/Dyntex_HB/2708676", "", "http://maps.google.se/maps?f=q&source=s_q&hl=sv&geocode=&q=Posses+V%c3%a4g+5%2c+15593%2c+NYKVARN%2c+Sweden"
61, "Dynuddens Koloniförening", "479360", "0141-21 93 93", "Motala", "", "/Motala/Dynuddens_Kolonif%C3%B6rening/479360", "", "http://maps.google.se/maps?f=q&source=s_q&hl=sv&geocode=&q=Strandv%c3%a4gen+15+C%2c+59136%2c+MOTALA%2c+Sweden"
62, "Dyom Consulting HB", "2578993", "", "Kalmar", "", "/Kalmar/Dyom_Consulting_HB/2578993", "", "http://maps.google.se/maps?f=q&source=s_q&hl=sv&geocode=&q=Bj%c3%b6rken%c3%a4sv%c3%a4gen+56+B%2c+39359%2c+KALMAR%2c+Sweden"
63, "Dyplin Gustafsson, Jannica", "2792408", "0321-803 33", "Ulricehamn", "", "/Ulricehamn/Dyplin_Gustafsson_Jannica/2792408", "", "http://maps.google.se/maps?f=q&source=s_q&hl=sv&geocode=&q=Bor%c3%a5sv%c3%a4gen+38%2c+52337%2c+ULRICEHAMN%2c+Sweden"
64, "Dyplin, Philip", "2324443", "0470-222 29", "Växjö", "", "/V%C3%A4xj%C3%B6/Dyplin_Philip/2324443", "", "http://maps.google.se/maps?f=q&source=s_q&hl=sv&geocode=&q=Sandg%c3%a4rdsgatan+15%2c+35230%2c+V%c3%84XJ%c3%96%2c+Sweden"
65, "Dyplin´s Entreprenad", "2336951", "0226-589 02", "Avesta", "", "/Avesta/Dyplins_Entreprenad/2336951", "", "http://maps.google.se/maps?f=q&source=s_q&hl=sv&geocode=&q=Kungsgatan+16%2c+77430%2c+AVESTA%2c+Sweden"
66, "Dyplin´s Entreprenad AB", "2937462", "", "By kyrkby", "", "/By_kyrkby/Dyplins_Entreprenad_AB/2937462", "", "http://maps.google.se/maps?f=q&source=s_q&hl=sv&geocode=&q=Vadsbro+6%2c+77499%2c+BY+KYRKBY%2c+Sweden"
67, "Dyplins Alltjänst", "497910", "", "Visby", "", "/Visby/Dyplins_Alltj%C3%A4nst/497910", "", "http://maps.google.se/maps?f=q&source=s_q&hl=sv&geocode=&q=N%c3%a4rgatan+4%2c+62143%2c+VISBY%2c+Sweden"
68, "Dypo Production AB", "382923", "031-26 17 50", "Göteborg", "", "/G%C3%B6teborg/Dypo_Production_AB/382923", "", "http://maps.google.se/maps?f=q&source=s_q&hl=sv&geocode=&q=Norra+Hamngatan+18%2c+41106%2c+G%c3%96TEBORG%2c+Sweden"
69, "Dypoteque AB", "535726", "08-661 37 66", "Stockholm", "", "/Stockholm/Dypoteque_AB/535726", "", "http://maps.google.se/maps?f=q&source=s_q&hl=sv&geocode=&q=G%c3%b6tgatan+18%2c+11846%2c+STOCKHOLM%2c+Sweden"
70, "Dyrander Bild o. Form, Johnny", "533947", "08-643 92 20", "Stockholm", "", "/Stockholm/Dyrander_Bild_o_Form_Johnny/533947", "", "http://maps.google.se/maps?f=q&source=s_q&hl=sv&geocode=&q=Katarina+Bangata+29%2c+11639%2c+STOCKHOLM%2c+Sweden"
71, "Dyrare Mat, Nu!", "2719884", "", "Stockholm", "", "/Stockholm/Dyrare_Mat_Nu/2719884", "", "http://maps.google.se/maps?f=q&source=s_q&hl=sv&geocode=&q=Krukmakargatan+60%2c+11741%2c+STOCKHOLM%2c+Sweden"
72, "Dyreby Fiske AB", "547536", "0322-480 18", "Rönnäng", "", "/R%C3%B6nn%C3%A4ng/Dyreby_Fiske_AB/547536", "", "http://maps.google.se/maps?f=q&source=s_q&hl=sv&geocode=&q=All%c3%a9v%c3%a4gen+10%2c+47142%2c+R%c3%96NN%c3%84NG%2c+Sweden"
73, "Dyrefors Data", "909746", "", "Bromma", "", "/Bromma/Dyrefors_Data/909746", "", "http://maps.google.se/maps?f=q&source=s_q&hl=sv&geocode=&q=Carl+Larssons+V%c3%a4g+18%2c+16850%2c+BROMMA%2c+Sweden"
74, "Dyrego Sverige AB", "852217", "0571-203 85", "Charlottenberg", "", "/Charlottenberg/Dyrego_Sverige_AB/852217", "", "http://maps.google.se/maps?f=q&source=s_q&hl=sv&geocode=&q=Helga+G%c3%b6rlins+Gata+1%2c+67332%2c+CHARLOTTENBERG%2c+Sweden"
75, "Dyrego Töcksfors", "852227", "0573-291 19", "Töcksfors", "", "/T%C3%B6cksfors/Dyrego_T%C3%B6cksfors/852227", "", "http://maps.google.se/maps?f=q&source=s_q&hl=sv&geocode=&q=%c3%84lverudsv%c3%a4gen+1%2c+67010%2c+T%c3%96CKSFORS%2c+Sweden"
76, "Dyrelius, Åsa", "1974257", "063-12 69 43", "Östersund", "", "/%C3%96stersund/Dyrelius_%C3%85sa/1974257", "", "http://maps.google.se/maps?f=q&source=s_q&hl=sv&geocode=&q=%c3%84rtv%c3%a4gen+83%2c+83162%2c+%c3%96STERSUND%2c+Sweden"
77, "Dyren, Inger", "522370", "060-18 11 80", "Sundsvall", "", "/Sundsvall/Dyren_Inger/522370", "", "http://maps.google.se/maps?f=q&source=s_q&hl=sv&geocode=&q=Halmstadsv%c3%a4gen+10%2c+85732%2c+SUNDSVALL%2c+Sweden"
78, "Dyrendahl, Carl Magnus", "813146", "", "Slöinge", "", "/Sl%C3%B6inge/Dyrendahl_Carl_Magnus/813146", "", "http://maps.google.se/maps?f=q&source=s_q&hl=sv&geocode=&q=Sprottorp+101%2c+31167%2c+SL%c3%96INGE%2c+Sweden"
79, "Dyrendahls Bygg", "663104", "031-92 31 86", "Torslanda", "", "/Torslanda/Dyrendahls_Bygg/663104", "", "http://maps.google.se/maps?f=q&source=s_q&hl=sv&geocode=&q=Styrljusv%c3%a4gen+20%2c+42340%2c+TORSLANDA%2c+Sweden"
80, "Dyrenius, Mikael", "2672298", "0159-24 11 93", "Mariefred", "", "/Mariefred/Dyrenius_Mikael/2672298", "", "http://maps.google.se/maps?f=q&source=s_q&hl=sv&geocode=&q=%c3%84rn%c3%a4sv%c3%a4gen+25+A%2c+64730%2c+MARIEFRED%2c+Sweden"
81, "Dyrgripen Handelshus", "502531", "026-13 41 61", "Valbo", "", "/Valbo/Dyrgripen_Handelshus/502531", "", "http://maps.google.se/maps?f=q&source=s_q&hl=sv&geocode=&q=Valbov%c3%a4gen+165%2c+81833%2c+VALBO%2c+Sweden"
82, "Dyrgripen Handelshus", "502533", "026-13 41 61", "Valbo", "http://www.dyrgripen.se", "/Valbo/Dyrgripen_Handelshus/502533", "", "http://maps.google.se/maps?f=q&source=s_q&hl=sv&geocode=&q=Valbov%c3%a4gen+165%2c+81833%2c+VALBO%2c+Sweden"
83, "Dyrham Consulting", "217410", "", "Uddevalla", "", "/Uddevalla/Dyrham_Consulting/217410", "", "http://maps.google.se/maps?f=q&source=s_q&hl=sv&geocode=&q=F%c3%b6reningsgatan+20%2c+45152%2c+UDDEVALLA%2c+Sweden"
84, "Dyrka", "611956", "08-20 78 88", "Stockholm", "", "/Stockholm/Dyrka/611956", "", "http://maps.google.se/maps?f=q&source=s_q&hl=sv&geocode=&q=Triewaldsgr%c3%a4nd+1%2c+11129%2c+STOCKHOLM%2c+Sweden"
85, "Dyrka AB", "843134", "08-20 78 88", "Stockholm", "", "/Stockholm/Dyrka_AB/843134", "", "http://maps.google.se/maps?f=q&source=s_q&hl=sv&geocode=&q=Triewaldsgr%c3%a4nd+1+C%2c+11129%2c+STOCKHOLM%2c+Sweden"
86, "Dyrlev, Rasmus", "174883", "", "Helsingborg", "", "/Helsingborg/Dyrlev_Rasmus/174883", "mailto:rasmus@torpedomedia.se", "http://maps.google.se/maps?f=q&source=s_q&hl=sv&geocode=&q=Konvaljegatan+16%2c+25661%2c+HELSINGBORG%2c+Sweden"
87, "Dyrö Bygg & Fastighet", "1896799", "0304-67 73 23", "Dyrön", "", "/Dyr%C3%B6n/Dyr%C3%B6_Bygg__Fastighet/1896799", "", "http://maps.google.se/maps?f=q&source=s_q&hl=sv&geocode=&q=V%c3%a4sterv%c3%a4gen+23%2c+47143%2c+DYR%c3%96N%2c+Sweden"
88, "Dyrö Krog", "844049", "0304-67 79 77", "Göteborg", "http://www.dyrokrog.se", "/G%C3%B6teborg/Dyr%C3%B6_Krog/844049", "", "http://maps.google.se/maps?f=q&source=s_q&hl=sv&geocode=&q=Flaggatan+10+B%2c+41316%2c+G%c3%96TEBORG%2c+Sweden"
89, "Dyröboden, ICA Nära", "917993", "0304-67 26 54", "Dyrön", "", "/Dyr%C3%B6n/Dyr%C3%B6boden_ICA_N%C3%A4ra/917993", "mailto:renee.lorentzon@nara.ica.se", "http://maps.google.se/maps?f=q&source=s_q&hl=sv&geocode=&q=Hamnv%c3%a4gen+46%2c+47143%2c+DYR%c3%96N%2c+Sweden"
90, "Dyröds Gård", "1301760", "0303-22 31 17", "Romelanda", "", "/Romelanda/Dyr%C3%B6ds_G%C3%A5rd/1301760", "", "http://maps.google.se/maps?f=q&source=s_q&hl=sv&geocode=&q=Dyr%c3%b6d+160%2c+44292%2c+ROMELANDA%2c+Sweden"
91, "Dyröns Alltjänst", "1171810", "", "Dyrön", "", "/Dyr%C3%B6n/Dyr%C3%B6ns_Alltj%C3%A4nst/1171810", "", "http://maps.google.se/maps?f=q&source=s_q&hl=sv&geocode=&q=V%c3%a4sterv%c3%a4gen+1%2c+47143%2c+DYR%c3%96N%2c+Sweden"
92, "Dyröns Bygg & Fastighets AB", "2701482", "0304-67 73 23", "Dyrön", "", "/Dyr%C3%B6n/Dyr%C3%B6ns_Bygg__Fastighets_AB/2701482", "", "http://maps.google.se/maps?f=q&source=s_q&hl=sv&geocode=&q=Box+5009%2c+47114%2c+DYR%c3%96N%2c+Sweden"
93, "Dyröns Fiskares Andelsför Upa", "952908", "", "Dyrön", "", "/Dyr%C3%B6n/Dyr%C3%B6ns_Fiskares_Andelsf%C3%B6r_Upa/952908", "", "http://maps.google.se/maps?f=q&source=s_q&hl=sv&geocode=&q=R%c3%b6llekev%c3%a4gen+14%2c+47143%2c+DYR%c3%96N%2c+Sweden"
94, "Dyröns Oljor AB", "926148", "0304-67 73 55", "Dyrön", "http://www.astol.nu", "/Dyr%C3%B6n/Dyr%C3%B6ns_Oljor_AB/926148", "mailto:info@dyronsoljor.se", "http://maps.google.se/maps?f=q&source=s_q&hl=sv&geocode=&q=Box+5073%2c+47114%2c+DYR%c3%96N%2c+Sweden"
95, "Dyröns Sjötransporter", "284843", "", "Rönnäng", "", "/R%C3%B6nn%C3%A4ng/Dyr%C3%B6ns_Sj%C3%B6transporter/284843", "", "http://maps.google.se/maps?f=q&source=s_q&hl=sv&geocode=&q=B%c3%a4ckeviksv%c3%a4gen+15%2c+47142%2c+R%c3%96NN%c3%84NG%2c+Sweden"
96, "Dyröpojkarna", "127469", "", "Göteborg", "", "/G%C3%B6teborg/Dyr%C3%B6pojkarna/127469", "", "http://maps.google.se/maps?f=q&source=s_q&hl=sv&geocode=&q=Grinnekullegatan+136%2c+41742%2c+G%c3%96TEBORG%2c+Sweden"
97, "Dyrshagen Handelsträdgård", "1067515", "0142-501 34", "Boxholm", "", "/Boxholm/Dyrshagen_Handelstr%C3%A4dg%C3%A5rd/1067515", "", "http://maps.google.se/maps?f=q&source=s_q&hl=sv&geocode=&q=Dyrshagen%2c+59012%2c+BOXHOLM%2c+Sweden"
98, "Dyrssen Lagerström Charlotte", "375063", "040-97 87 48", "Klågerup", "", "/Kl%C3%A5gerup/Dyrssen_Lagerstr%C3%B6m_Charlotte/375063", "", "http://maps.google.se/maps?f=q&source=s_q&hl=sv&geocode=&q=Vinningev%c3%a4gen+226%2c+23375%2c+KL%c3%85GERUP%2c+Sweden"
99, "Dyrssen Nils-Gunnar Leg. Tandläkare", "695326", "0411-412 97", "Skurup", "http://www.skurupsfamiljetandvard.se", "/Skurup/Dyrssen_Nils_Gunnar_Leg_Tandl%C3%A4kare/695326", "mailto:info@skurupsfamiljetandvard.se", "http://maps.google.se/maps?f=q&source=s_q&hl=sv&geocode=&q=Stortorget+8+B%2c+27434%2c+SKURUP%2c+Sweden"
100, "Dyrssen Sporthästar, Conny", "499626", "0383-980 85", "Laholm", "", "/Laholm/Dyrssen_Sporth%C3%A4star_Conny/499626", "", "http://maps.google.se/maps?f=q&source=s_q&hl=sv&geocode=&q=Tenorgatan+5%2c+31234%2c+LAHOLM%2c+Sweden"
101, "Dyrssen, Tove Elisabeth Gertsdotter", "924410", "", "Djursholm", "", "/Djursholm/Dyrssen_Tove_Elisabeth_Gertsdotter/924410", "", "http://maps.google.se/maps?f=q&source=s_q&hl=sv&geocode=&q=Svitiodsv%c3%a4gen+8+B%2c+18262%2c+DJURSHOLM%2c+Sweden"
102, "Dyrsten Snickeri i Uddevalla AB", "2035383", "", "Uddevalla", "", "/Uddevalla/Dyrsten_Snickeri_i_Uddevalla_AB/2035383", "", "http://maps.google.se/maps?f=q&source=s_q&hl=sv&geocode=&q=Kilb%c3%a4cksgatan+21%2c+45130%2c+UDDEVALLA%2c+Sweden"
103, "Dyrstens Golvslipning, Sven Löfgren", "492083", "", "Västra frölunda", "", "/V%C3%A4stra_fr%C3%B6lunda/Dyrstens_Golvslipning_Sven_L%C3%B6fgren/492083", "mailto:grasskarsg@telia.com", "http://maps.google.se/maps?f=q&source=s_q&hl=sv&geocode=&q=Gr%c3%a4ssk%c3%a4rsgatan+5%2c+42157%2c+V%c3%84STRA+FR%c3%96LUNDA%2c+Sweden"
104, "Dyrvold, Per Harry", "523923", "", "Strömsund", "", "/Str%C3%B6msund/Dyrvold_Per_Harry/523923", "", "http://maps.google.se/maps?f=q&source=s_q&hl=sv&geocode=&q=Nyhamn+150%2c+83395%2c+STR%c3%96MSUND%2c+Sweden"
105, "Dyrvolds Bygg o. Bil, O", "138508", "0303-22 21 77", "Kareby", "", "/Kareby/Dyrvolds_Bygg_o_Bil_O/138508", "", "http://maps.google.se/maps?f=q&source=s_q&hl=sv&geocode=&q=Sk%c3%a5rby+6020%2c+44293%2c+KAREBY%2c+Sweden"
106, "Dyrynda, Jacek", "2407698", "08-437 505 41", "Segeltorp", "", "/Segeltorp/Dyrynda_Jacek/2407698", "", "http://maps.google.se/maps?f=q&source=s_q&hl=sv&geocode=&q=Stigmansv%c3%a4gen+10+C%2c+14174%2c+SEGELTORP%2c+Sweden"
107, "Dysberoendekliniken", "1553830", "08-654 00 66", "Stockholm", "http://www.dysberoendekliniken.se", "/Stockholm/Dysberoendekliniken/1553830", "mailto:info@dysberoendekliniken.se", "http://maps.google.se/maps?f=q&source=s_q&hl=sv&geocode=&q=Borgm%c3%a4stargatan+12%2c+11629%2c+STOCKHOLM%2c+Sweden"
108, "Dysia Concept", "1116983", "031-19 41 40", "Göteborg", "", "/G%C3%B6teborg/Dysia_Concept/1116983", "", "http://maps.google.se/maps?f=q&source=s_q&hl=sv&geocode=&q=Studieg%c3%a5ngen+11%2c+41681%2c+G%c3%96TEBORG%2c+Sweden"
109, "Dysia Concept AB", "800165", "0479-53 60 00", "Osby", "http://www.dysia.se", "/Osby/Dysia_Concept_AB/800165", "mailto:info@dysia.se", "http://maps.google.se/maps?f=q&source=s_q&hl=sv&geocode=&q=Molnv%c3%a4gen+1%2c+28344%2c+OSBY%2c+Sweden"
110, "Dysign AB", "1263604", "040-661 11 30", "Malmö", "http://www.dysign.se", "/Malm%C3%B6/Dysign_AB/1263604", "mailto:asa.dyberg@dysign.se", "http://maps.google.se/maps?f=q&source=s_q&hl=sv&geocode=&q=Gustav+Adolfs+Torg+8+C%2c+21139%2c+MALM%c3%96%2c+Sweden"
111, "Dyslexi - & Inlärningskonsulten Vici", "306297", "0500-48 88 46", "Skövde", "", "/Sk%C3%B6vde/Dyslexi____Inl%C3%A4rningskonsulten_Vici/306297", "mailto:vicikonsulten@sverige.nu", "http://maps.google.se/maps?f=q&source=s_q&hl=sv&geocode=&q=Vasagatan+4+B%2c+54150%2c+SK%c3%96VDE%2c+Sweden"
112, "Dyslexi Forum Britt Holmquist", "410035", "08-716 17 48", "Nacka", "", "/Nacka/Dyslexi_Forum_Britt_Holmquist/410035", "", "http://maps.google.se/maps?f=q&source=s_q&hl=sv&geocode=&q=Trillans+v%c3%a4g+40%2c+13149%2c+NACKA%2c+Sweden"
113, "Dyslexi- och psykologmottagning", "145786", "054-21 64 01", "Karlstad", "", "/Karlstad/Dyslexi__och_psykologmottagning/145786", "", "http://maps.google.se/maps?f=q&source=s_q&hl=sv&geocode=&q=Treffenbergsv%c3%a4gen+3%2c+65229%2c+KARLSTAD%2c+Sweden"
114, "DYSLEXIakuten", "785080", "021-13 11 81", "Västerås", "", "/V%C3%A4ster%C3%A5s/DYSLEXIakuten/785080", "", "http://maps.google.se/maps?f=q&source=s_q&hl=sv&geocode=&q=Bondebacken+20%2c+72461%2c+V%c3%84STER%c3%85S%2c+Sweden"
115, "Dyslexiakuten Läsit HB", "840990", "031-92 17 02", "Torslanda", "", "/Torslanda/Dyslexiakuten_L%C3%A4sit_HB/840990", "", "http://maps.google.se/maps?f=q&source=s_q&hl=sv&geocode=&q=Vikens+V%c3%a4g+37%2c+42341%2c+TORSLANDA%2c+Sweden"
116, "Dyslexicentrum Syd KB", "2658733", "", "Höör", "", "/H%C3%B6%C3%B6r/Dyslexicentrum_Syd_KB/2658733", "", "http://maps.google.se/maps?f=q&source=s_q&hl=sv&geocode=&q=L%c3%a4nghult+105%2c+24392%2c+H%c3%96%c3%96R%2c+Sweden"
117, "Dyslexiförbundet FMLS i ESkilstuna", "2004460", "016-12 41 61", "Eskilstuna", "http://www.sormland.fmls.nu", "/Eskilstuna/Dyslexif%C3%B6rbundet_FMLS_i_ESkilstuna/2004460", "mailto:sormlands.lan@dyslexiforbundet.se", "http://maps.google.se/maps?f=q&source=s_q&hl=sv&geocode=&q=Eleonoragatan+18%2c+63343%2c+ESKILSTUNA%2c+Sweden"
118, "Dyslexiförbundet Fmls i Stockholms Län Länsavdelning", "2575859", "08-777 08 17", "Sundbyberg", "", "/Sundbyberg/Dyslexif%C3%B6rbundet_Fmls_i_Stockholms_L%C3%A4n_L%C3%A4nsavdelning/2575859", "", "http://maps.google.se/maps?f=q&source=s_q&hl=sv&geocode=&q=Vintergatan+2%2c+17269%2c+SUNDBYBERG%2c+Sweden"
119, "Dyslexiförbundet FMLS i Västmanland", "2955706", "", "Västerås", "", "/V%C3%A4ster%C3%A5s/Dyslexif%C3%B6rbundet_FMLS_i_V%C3%A4stmanland/2955706", "", "http://maps.google.se/maps?f=q&source=s_q&hl=sv&geocode=&q=H%c3%b6rntorpsv%c3%a4gen+4%2c+72471%2c+V%c3%84STER%c3%85S%2c+Sweden"
120, "Dyslexihjälpen, Lars Pg Frisk", "1246579", "08-765 19 10", "Lidingö", "", "/Liding%C3%B6/Dyslexihj%C3%A4lpen_Lars_Pg_Frisk/1246579", "", "http://maps.google.se/maps?f=q&source=s_q&hl=sv&geocode=&q=Larsbergsv%c3%a4gen+28%2c+18139%2c+LIDING%c3%96%2c+Sweden"
121, "Dyslexikonsulent Gunilla Kämpe", "1393184", "", "Trollhättan", "", "/Trollh%C3%A4ttan/Dyslexikonsulent_Gunilla_K%C3%A4mpe/1393184", "", "http://maps.google.se/maps?f=q&source=s_q&hl=sv&geocode=&q=Bergkullev%c3%a4gen+237%2c+46166%2c+TROLLH%c3%84TTAN%2c+Sweden"
122, "Dyslexion AB", "2839042", "", "Motala", "", "/Motala/Dyslexion_AB/2839042", "", "http://maps.google.se/maps?f=q&source=s_q&hl=sv&geocode=&q=Bispmotala+9%2c+59127%2c+MOTALA%2c+Sweden"
123, "Dyslexiskolan", "358514", "08-34 05 25", "Stockholm", "http://www.dyslexiskolan.com", "/Stockholm/Dyslexiskolan/358514", "mailto:info@dyslexiskolan.com", "http://maps.google.se/maps?f=q&source=s_q&hl=sv&geocode=&q=Birger+Jarlsgatan+18%2c+11434%2c+STOCKHOLM%2c+Sweden"
124, "Dyslexispecialisten Gunilla Löfgren", "539399", "08-664 07 52", "Stockholm", "", "/Stockholm/Dyslexispecialisten_Gunilla_L%C3%B6fgren/539399", "", "http://maps.google.se/maps?f=q&source=s_q&hl=sv&geocode=&q=Erik+Dahlbergsgatan+21%2c+11532%2c+STOCKHOLM%2c+Sweden"
125, "Dyslexisupport Umeå", "2351442", "090-16 25 10", "Umeå", "", "/Ume%C3%A5/Dyslexisupport_Ume%C3%A5/2351442", "", "http://maps.google.se/maps?f=q&source=s_q&hl=sv&geocode=&q=Hemv%c3%a4gen+3%2c+90336%2c+UME%c3%85%2c+Sweden"
126, "Dysnomia Sverige AB", "355829", "040-630 82 10", "Malmö", "http://www.dysnomia.se", "/Malm%C3%B6/Dysnomia_Sverige_AB/355829", "mailto:mail@dysnomia.se", "http://maps.google.se/maps?f=q&source=s_q&hl=sv&geocode=&q=Major+Nilssonsgatan+3%2c+21752%2c+MALM%c3%96%2c+Sweden"
127, "Dyst, Claes", "414161", "", "Nora", "", "/Nora/Dyst_Claes/414161", "", "http://maps.google.se/maps?f=q&source=s_q&hl=sv&geocode=&q=Tr%c3%a4dg%c3%a5rdsgatan+11+A%2c+71332%2c+NORA%2c+Sweden"
128, "Dysviks Lack", "575082", "019-31 08 75", "Örebro", "", "/%C3%96rebro/Dysviks_Lack/575082", "", "http://maps.google.se/maps?f=q&source=s_q&hl=sv&geocode=&q=Karosserigatan+1%2c+70369%2c+%c3%96REBRO%2c+Sweden"
129, "Dyte, Colin", "2810933", "", "Sundsbruk", "", "/Sundsbruk/Dyte_Colin/2810933", "", "http://maps.google.se/maps?f=q&source=s_q&hl=sv&geocode=&q=Planetv%c3%a4gen+2%2c+86332%2c+SUNDSBRUK%2c+Sweden"
130, "Dyvelstens skogsavverkning", "960499", "054-731 52", "Forshaga", "", "/Forshaga/Dyvelstens_skogsavverkning/960499", "", "http://maps.google.se/maps?f=q&source=s_q&hl=sv&geocode=&q=Dyvelstensv%c3%a4gen+6%2c+66730%2c+FORSHAGA%2c+Sweden"
131, "Dyverfors, Marie", "2987585", "0340-314 59", "Veddige", "", "/Veddige/Dyverfors_Marie/2987585", "", "http://maps.google.se/maps?f=q&source=s_q&hl=sv&geocode=&q=S%c3%a5gv%c3%a4gen+27%2c+43268%2c+VEDDIGE%2c+Sweden"
132, "Dyvik Konsult AB", "823157", "", "Åkersberga", "", "/%C3%85kersberga/Dyvik_Konsult_AB/823157", "", "http://maps.google.se/maps?f=q&source=s_q&hl=sv&geocode=&q=Dyvikslundsv%c3%a4gen+5%2c+18491%2c+%c3%85KERSBERGA%2c+Sweden"
133, "Dyvik, Karolina", "2618833", "026-10 35 65", "Gävle", "", "/G%C3%A4vle/Dyvik_Karolina/2618833", "", "http://maps.google.se/maps?f=q&source=s_q&hl=sv&geocode=&q=Tj%c3%a4derv%c3%a4gen+33%2c+80424%2c+G%c3%84VLE%2c+Sweden"
134, "Dyviks Varv", "2156146", "08-543 543 15", "Åkersberga", "http://www.dyvik.se", "/%C3%85kersberga/Dyviks_Varv/2156146", "mailto:mail@dyvik.se", "http://maps.google.se/maps?f=q&source=s_q&hl=sv&geocode=&q=Dyviks+Fabriksv%c3%a4g+7%2c+18491%2c+%c3%85KERSBERGA%2c+Sweden"
135, "Dyvlanda Entreprenad AB", "1814010", "", "Säffle", "", "/S%C3%A4ffle/Dyvlanda_Entreprenad_AB/1814010", "", "http://maps.google.se/maps?f=q&source=s_q&hl=sv&geocode=&q=Ingersbyn+Norra+Dyvlanda%2c+66194%2c+S%c3%84FFLE%2c+Sweden"
136, "Dyvlanda Såg & Hyvleri AB", "2870252", "", "Säffle", "", "/S%C3%A4ffle/Dyvlanda_S%C3%A5g__Hyvleri_AB/2870252", "", "http://maps.google.se/maps?f=q&source=s_q&hl=sv&geocode=&q=Ingersbyn+V%c3%a4stra+Dyvlanda%2c+66194%2c+S%c3%84FFLE%2c+Sweden"
137, "Dyvlinge", "654040", "0174-300 96", "Alunda", "", "/Alunda/Dyvlinge/654040", "", "http://maps.google.se/maps?f=q&source=s_q&hl=sv&geocode=&q=Dyvlinge+126%2c+74792%2c+ALUNDA%2c+Sweden"
138, "Dywersholm AB", "924285", "08-442 53 00", "Djursholm", "", "/Djursholm/Dywersholm_AB/924285", "", "http://maps.google.se/maps?f=q&source=s_q&hl=sv&geocode=&q=Framn%c3%a4sv%c3%a4gen+4%2c+18263%2c+DJURSHOLM%2c+Sweden"
139, "Dz Bil och Montage AB", "2751336", "021-30 35 33", "Kolbäck", "", "/Kolb%C3%A4ck/Dz_Bil_och_Montage_AB/2751336", "", "http://maps.google.se/maps?f=q&source=s_q&hl=sv&geocode=&q=Ringv%c3%a4gen+12+B%2c+73450%2c+KOLB%c3%84CK%2c+Sweden"
140, "DZ Elektriska", "248588", "", "Nacka", "", "/Nacka/DZ_Elektriska/248588", "", "http://maps.google.se/maps?f=q&source=s_q&hl=sv&geocode=&q=Knut+Stangenbergs+v%c3%a4g+5%2c+13147%2c+NACKA%2c+Sweden"
141, "DZ Hudik AB", "776658", "0650-131 37", "Hudiksvall", "", "/Hudiksvall/DZ_Hudik_AB/776658", "", "http://maps.google.se/maps?f=q&source=s_q&hl=sv&geocode=&q=Djupegatan+5%2c+82450%2c+HUDIKSVALL%2c+Sweden"
142, "Dz Konsult", "1328828", "08-767 24 50", "Lidingö", "", "/Liding%C3%B6/Dz_Konsult/1328828", "", "http://maps.google.se/maps?f=q&source=s_q&hl=sv&geocode=&q=Timmermansv%c3%a4gen+6%2c+18146%2c+LIDING%c3%96%2c+Sweden"
143, "DZ Montera På Riktigt", "503076", "", "Johanneshov", "", "/Johanneshov/DZ_Montera_P%C3%A5_Riktigt/503076", "", "http://maps.google.se/maps?f=q&source=s_q&hl=sv&geocode=&q=Arkadv%c3%a4gen+16%2c+12147%2c+JOHANNESHOV%2c+Sweden"
144, "Dz Motor & Konstruktion", "629288", "0300-251 34", "Vallda", "", "/Vallda/Dz_Motor__Konstruktion/629288", "", "http://maps.google.se/maps?f=q&source=s_q&hl=sv&geocode=&q=H%c3%b6nsarydsliden+66%2c+43479%2c+VALLDA%2c+Sweden"
145, "Dz Production AB", "2337796", "", "Saltsjö-boo", "", "/Saltsj%C3%B6_boo/Dz_Production_AB/2337796", "", "http://maps.google.se/maps?f=q&source=s_q&hl=sv&geocode=&q=Mark%c3%b6rv%c3%a4gen+12%2c+13235%2c+SALTSJ%c3%96-BOO%2c+Sweden"
146, "Dz Proffsstäd", "1888239", "08-550 121 25", "Södertälje", "", "/S%C3%B6dert%C3%A4lje/Dz_Proffsst%C3%A4d/1888239", "", "http://maps.google.se/maps?f=q&source=s_q&hl=sv&geocode=&q=P%c3%a4rongr%c3%a4nd+8%2c+15168%2c+S%c3%96DERT%c3%84LJE%2c+Sweden"
147, "Dz Proffsstäd AB", "2226539", "", "Södertälje", "", "/S%C3%B6dert%C3%A4lje/Dz_Proffsst%C3%A4d_AB/2226539", "", "http://maps.google.se/maps?f=q&source=s_q&hl=sv&geocode=&q=Box+19090%2c+15226%2c+S%c3%96DERT%c3%84LJE%2c+Sweden"
148, "Dz Taxi", "891779", "08-600 08 56", "Skarpnäck", "", "/Skarpn%C3%A4ck/Dz_Taxi/891779", "", "http://maps.google.se/maps?f=q&source=s_q&hl=sv&geocode=&q=Varmfrontsgatan+22%2c+12834%2c+SKARPN%c3%84CK%2c+Sweden"
149, "Dz Taxi", "2604370", "", "Malmö", "", "/Malm%C3%B6/Dz_Taxi/2604370", "", "http://maps.google.se/maps?f=q&source=s_q&hl=sv&geocode=&q=Kulladalsgatan+16+D%2c+21564%2c+MALM%c3%96%2c+Sweden"
150, "Dzagojeva, Zarina", "2299589", "", "Saltsjöbaden", "", "/Saltsj%C3%B6baden/Dzagojeva_Zarina/2299589", "", "http://maps.google.se/maps?f=q&source=s_q&hl=sv&geocode=&q=%c3%85lgatan+16%2c+13344%2c+SALTSJ%c3%96BADEN%2c+Sweden"
151, "Dzamashvili Fogelstrom AB", "2021646", "", "Ronneby", "", "/Ronneby/Dzamashvili_Fogelstrom_AB/2021646", "", "http://maps.google.se/maps?f=q&source=s_q&hl=sv&geocode=&q=Br%c3%a4knev%c3%a4gen+4%2c+37237%2c+RONNEBY%2c+Sweden"
152, "Dzamic Media Produktion", "376436", "040-12 28 83", "Malmö", "", "/Malm%C3%B6/Dzamic_Media_Produktion/376436", "", "http://maps.google.se/maps?f=q&source=s_q&hl=sv&geocode=&q=Storgatan+45%2c+21142%2c+MALM%c3%96%2c+Sweden"
153, "Dzanko, Nijaz", "1980399", "042-453 22 51", "Åstorp", "", "/%C3%85storp/Dzanko_Nijaz/1980399", "", "http://maps.google.se/maps?f=q&source=s_q&hl=sv&geocode=&q=Dalslandsgatan+5%2c+26531%2c+%c3%85STORP%2c+Sweden"
154, "Dzebo, Rehad", "1857464", "044-691 35", "Knislinge", "", "/Knislinge/Dzebo_Rehad/1857464", "", "http://maps.google.se/maps?f=q&source=s_q&hl=sv&geocode=&q=Danagatan+5%2c+28932%2c+KNISLINGE%2c+Sweden"
155, "Dzelme AB", "2786111", "", "Bro", "", "/Bro/Dzelme_AB/2786111", "", "http://maps.google.se/maps?f=q&source=s_q&hl=sv&geocode=&q=Ginstv%c3%a4gen+21%2c+19734%2c+BRO%2c+Sweden"
156, "Dzemal VVS", "513611", "0410-446 82", "Trelleborg", "", "/Trelleborg/Dzemal_VVS/513611", "", "http://maps.google.se/maps?f=q&source=s_q&hl=sv&geocode=&q=Nygatan+84%2c+23145%2c+TRELLEBORG%2c+Sweden"
157, "Dzent AB", "741232", "031-15 49 49", "Ängelholm", "", "/%C3%84ngelholm/Dzent_AB/741232", "", "http://maps.google.se/maps?f=q&source=s_q&hl=sv&geocode=&q=Storgatan+7%2c+26232%2c+%c3%84NGELHOLM%2c+Sweden"
158, "Dzha Works AB", "2708200", "", "Växjö", "", "/V%C3%A4xj%C3%B6/Dzha_Works_AB/2708200", "", "http://maps.google.se/maps?f=q&source=s_q&hl=sv&geocode=&q=Nydalav%c3%a4gen+3%2c+35248%2c+V%c3%84XJ%c3%96%2c+Sweden"
159, "Dziaugyte-Rosenkvist Auzra", "369687", "0433-260 03", "Strömsnäsbruk", "http://www.ausra.se", "/Str%C3%B6msn%C3%A4sbruk/Dziaugyte_Rosenkvist_Auzra/369687", "mailto:info@ausra.se", "http://maps.google.se/maps?f=q&source=s_q&hl=sv&geocode=&q=N%c3%a5thult+3297%2c+28793%2c+STR%c3%96MSN%c3%84SBRUK%2c+Sweden"
160, "Dzieciol, Ignacy Henryk", "1307038", "08-502 246 54", "Täby", "", "/T%C3%A4by/Dzieciol_Ignacy_Henryk/1307038", "", "http://maps.google.se/maps?f=q&source=s_q&hl=sv&geocode=&q=Flyghamnsv%c3%a4gen+16+D%2c+18364%2c+T%c3%84BY%2c+Sweden"
161, "Dzielak, Irena Barbara", "1938440", "", "Vällingby", "", "/V%C3%A4llingby/Dzielak_Irena_Barbara/1938440", "", "http://maps.google.se/maps?f=q&source=s_q&hl=sv&geocode=&q=Basgr%c3%a4nd+67%2c+16247%2c+V%c3%84LLINGBY%2c+Sweden"
162, "Dzienis, Urszula", "1744910", "08-35 52 43", "Sollentuna", "", "/Sollentuna/Dzienis_Urszula/1744910", "", "http://maps.google.se/maps?f=q&source=s_q&hl=sv&geocode=&q=Malmv%c3%a4gen+4+C%2c+19161%2c+SOLLENTUNA%2c+Sweden"
163, "Dzimisas HB", "2878952", "", "Tumba", "", "/Tumba/Dzimisas_HB/2878952", "", "http://maps.google.se/maps?f=q&source=s_q&hl=sv&geocode=&q=Box+215%2c+14701%2c+TUMBA%2c+Sweden"
164, "Dzinic, Muhamed", "1920834", "040-23 88 47", "Malmö", "", "/Malm%C3%B6/Dzinic_Muhamed/1920834", "", "http://maps.google.se/maps?f=q&source=s_q&hl=sv&geocode=&q=Segem%c3%b6llegatan+111%2c+21227%2c+MALM%c3%96%2c+Sweden"
165, "Dziuba, Krzysztof Ireneusz", "2770492", "031-713 65 08", "Göteborg", "", "/G%C3%B6teborg/Dziuba_Krzysztof_Ireneusz/2770492", "", "http://maps.google.se/maps?f=q&source=s_q&hl=sv&geocode=&q=Klimatgatan+75%2c+41840%2c+G%c3%96TEBORG%2c+Sweden"
166, "Dziuba, Paulina", "2558773", "08-500 077 69", "Hässelby", "", "/H%C3%A4sselby/Dziuba_Paulina/2558773", "", "http://maps.google.se/maps?f=q&source=s_q&hl=sv&geocode=&q=Strandliden+39%2c+16561%2c+H%c3%84SSELBY%2c+Sweden"
167, "Dziubek, Rafal", "2273841", "", "Blentarp", "", "/Blentarp/Dziubek_Rafal/2273841", "", "http://maps.google.se/maps?f=q&source=s_q&hl=sv&geocode=&q=Elsag%c3%a5rdsv%c3%a4gen+106%2c+27564%2c+BLENTARP%2c+Sweden"
168, "Dzmitry Klimuk", "2645654", "08-408 191 18", "Järfälla", "", "/J%C3%A4rf%C3%A4lla/Dzmitry_Klimuk/2645654", "", "http://maps.google.se/maps?f=q&source=s_q&hl=sv&geocode=&q=Snapphanev%c3%a4gen%2c+17754%2c+J%c3%84RF%c3%84LLA%2c+Sweden"
169, "Dzoic, Pavo", "2822481", "08-550 113 99", "Flen", "", "/Flen/Dzoic_Pavo/2822481", "", "http://maps.google.se/maps?f=q&source=s_q&hl=sv&geocode=&q=Flensby+Forstorp+Bjureng%c3%a5rden%2c+64293%2c+FLEN%2c+Sweden"
170, "Dzomo Consulting AB", "2544239", "", "Sollentuna", "", "/Sollentuna/Dzomo_Consulting_AB/2544239", "", "http://maps.google.se/maps?f=q&source=s_q&hl=sv&geocode=&q=Avtagsv%c3%a4gen+1+B%2c+19150%2c+SOLLENTUNA%2c+Sweden"
171, "Dzon", "1801811", "", "Skarpnäck", "http://www.nevimata.com", "/Skarpn%C3%A4ck/Dzon/1801811", "", "http://maps.google.se/maps?f=q&source=s_q&hl=sv&geocode=&q=Fallsk%c3%a4rmsgatan+20%2c+12834%2c+SKARPN%c3%84CK%2c+Sweden"
172, "Dzonlic, Mirsad", "2490775", "0176-22 53 17", "Norrtälje", "", "/Norrt%C3%A4lje/Dzonlic_Mirsad/2490775", "", "http://maps.google.se/maps?f=q&source=s_q&hl=sv&geocode=&q=Billborgsgatan+21%2c+76130%2c+NORRT%c3%84LJE%2c+Sweden"
173, "Dzonlic, Zumreta", "421910", "0176-22 53 17", "Norrtälje", "", "/Norrt%C3%A4lje/Dzonlic_Zumreta/421910", "", "http://maps.google.se/maps?f=q&source=s_q&hl=sv&geocode=&q=Lilla+Brogatan+1+B%2c+76130%2c+NORRT%c3%84LJE%2c+Sweden"
174, "Dzs Consulting AB", "2873153", "", "Umeå", "", "/Ume%C3%A5/Dzs_Consulting_AB/2873153", "", "http://maps.google.se/maps?f=q&source=s_q&hl=sv&geocode=&q=%c3%96stra+Kyrkogatan+72+C%2c+90343%2c+UME%c3%85%2c+Sweden"
175, "Dzyn AB", "2802980", "", "Vänersnäs", "", "/V%C3%A4nersn%C3%A4s/Dzyn_AB/2802980", "", "http://maps.google.se/maps?f=q&source=s_q&hl=sv&geocode=&q=Hallby+222%2c+46890%2c+V%c3%84NERSN%c3%84S%2c+Sweden"
