0,"EY","996479","0157-124 50","Flen","http://www.ey.com/se","/Flen/EY/996479","mailto:flen@se.ey.com","http://maps.google.se/maps?f=q&source=s_q&hl=sv&geocode=&q=S%c3%b6dra+Kungsgatan+7+A%2c+64235%2c+FLEN%2c+Sweden"
1,"EY","2930687","077-146 60 00","Upplands väsby","","/Upplands_v%C3%A4sby/EY/2930687","","http://maps.google.se/maps?f=q&source=s_q&hl=sv&geocode=&q=Kanalv%c3%a4gen+16%2c+19461%2c+UPPLANDS+V%c3%84SBY%2c+Sweden"
2,"EY Halmstad","715862","035-18 02 00","Halmstad","http://www.ey.com/se","/Halmstad/EY_Halmstad/715862","mailto:halmstad@se.ey.com","http://maps.google.se/maps?f=q&source=s_q&hl=sv&geocode=&q=Storgatan+18%2c+30243%2c+HALMSTAD%2c+Sweden"
3,"Ey Ric Production","248740","08-37 12 16","Stockholm","","/Stockholm/Ey_Ric_Production/248740","","http://maps.google.se/maps?f=q&source=s_q&hl=sv&geocode=&q=%c3%96stg%c3%b6tagatan+18%2c+11625%2c+STOCKHOLM%2c+Sweden"
4,"Eyb AB","2679088","","Täby","","/T%C3%A4by/Eyb_AB/2679088","","http://maps.google.se/maps?f=q&source=s_q&hl=sv&geocode=&q=Wismarsv%c3%a4gen+14%2c+18741%2c+T%c3%84BY%2c+Sweden"
5,"Eye 'N' i","230902","","Saltsjöbaden","","/Saltsj%C3%B6baden/Eye_N_i/230902","","http://maps.google.se/maps?f=q&source=s_q&hl=sv&geocode=&q=Valhallav%c3%a4gen+20%2c+13338%2c+SALTSJ%c3%96BADEN%2c+Sweden"
6,"Eye & Eye Media AB","627128","","Stockholm","","/Stockholm/Eye__Eye_Media_AB/627128","","http://maps.google.se/maps?f=q&source=s_q&hl=sv&geocode=&q=Bondegatan+65%2c+11634%2c+STOCKHOLM%2c+Sweden"
7,"Eye & Vision Consulting AB","1911791","","Malmö","","/Malm%C3%B6/Eye__Vision_Consulting_AB/1911791","","http://maps.google.se/maps?f=q&source=s_q&hl=sv&geocode=&q=%c3%96rtoftagatan+14%2c+21620%2c+MALM%c3%96%2c+Sweden"
8,"Eye 4 Quality AB","2742546","","Stockholm","","/Stockholm/Eye_4_Quality_AB/2742546","","http://maps.google.se/maps?f=q&source=s_q&hl=sv&geocode=&q=Stadsg%c3%a5rden+6%2c+11645%2c+STOCKHOLM%2c+Sweden"
9,"Eye 4 Solutions Sweden AB","2226527","077-388 83 09","Sundbyberg","","/Sundbyberg/Eye_4_Solutions_Sweden_AB/2226527","","http://maps.google.se/maps?f=q&source=s_q&hl=sv&geocode=&q=J%c3%a4rnv%c3%a4gsgatan+52+B%2c+17235%2c+SUNDBYBERG%2c+Sweden"
10,"Eye Buy AB","2818498","","Västra frölunda","","/V%C3%A4stra_fr%C3%B6lunda/Eye_Buy_AB/2818498","","http://maps.google.se/maps?f=q&source=s_q&hl=sv&geocode=&q=Gruvgatan+11%2c+42130%2c+V%c3%84STRA+FR%c3%96LUNDA%2c+Sweden"
11,"EYE C IT","1837896","","Tullinge","","/Tullinge/EYE_C_IT/1837896","","http://maps.google.se/maps?f=q&source=s_q&hl=sv&geocode=&q=S%c3%b6rg%c3%a5rdsv%c3%a4gen+61%2c+14652%2c+TULLINGE%2c+Sweden"
12,"Eye Care Stockholm AB","2713210","08-634 04 12","Stockholm","","/Stockholm/Eye_Care_Stockholm_AB/2713210","","http://maps.google.se/maps?f=q&source=s_q&hl=sv&geocode=&q=Kungsbro+Strand+17%2c+11226%2c+STOCKHOLM%2c+Sweden"
13,"Eye Channel AB","1965975","","Sundsvall","","/Sundsvall/Eye_Channel_AB/1965975","","http://maps.google.se/maps?f=q&source=s_q&hl=sv&geocode=&q=Esplanaden+10%2c+85232%2c+SUNDSVALL%2c+Sweden"
14,"Eye Clinic","715652","0370-34 10 80","Värnamo","http://www.finnvedensoptik.se","/V%C3%A4rnamo/Eye_Clinic/715652","mailto:lpe@eyecs.se","http://maps.google.se/maps?f=q&source=s_q&hl=sv&geocode=&q=Flanaden+5+C%2c+33130%2c+V%c3%84RNAMO%2c+Sweden"
15,"Eye Dentity","349380","08-663 83 80","Åkersberga","","/%C3%85kersberga/Eye_Dentity/349380","","http://maps.google.se/maps?f=q&source=s_q&hl=sv&geocode=&q=Tillemorav%c3%a4gen+11%2c+18491%2c+%c3%85KERSBERGA%2c+Sweden"
16,"Eye Diagnostics Scandinavia AB","832356","","Täby","http://www.eyediagnostics.se","/T%C3%A4by/Eye_Diagnostics_Scandinavia_AB/832356","","http://maps.google.se/maps?f=q&source=s_q&hl=sv&geocode=&q=Slottsv%c3%a4gen+60%2c+18352%2c+T%c3%84BY%2c+Sweden"
17,"Eye Do","2158780","0455-127 68","Karlskrona","http://www.eye-do.se","/Karlskrona/Eye_Do/2158780","","http://maps.google.se/maps?f=q&source=s_q&hl=sv&geocode=&q=Ronnebygatan+39%2c+37133%2c+KARLSKRONA%2c+Sweden"
18,"Eye Dropper","2318076","08-550 999 21","Stockholm","","/Stockholm/Eye_Dropper/2318076","","http://maps.google.se/maps?f=q&source=s_q&hl=sv&geocode=&q=Untrav%c3%a4gen+7%2c+11543%2c+STOCKHOLM%2c+Sweden"
19,"EYE for design","1859221","035-12 31 91","Halmstad","http://www.eyefordesign.se","/Halmstad/EYE_for_design/1859221","mailto:info@eyefordesign.se","http://maps.google.se/maps?f=q&source=s_q&hl=sv&geocode=&q=Ankargatan+33%2c+30239%2c+HALMSTAD%2c+Sweden"
20,"Eye For Economy Stockholm AB","2978323","","Skå","","/Sk%C3%A5/Eye_For_Economy_Stockholm_AB/2978323","","http://maps.google.se/maps?f=q&source=s_q&hl=sv&geocode=&q=L%c3%b6vhagens+G%c3%a5rds+V%c3%a4g+20%2c+17975%2c+SK%c3%85%2c+Sweden"
21,"Eye For Management AB","933263","","Stockholm","","/Stockholm/Eye_For_Management_AB/933263","","http://maps.google.se/maps?f=q&source=s_q&hl=sv&geocode=&q=Ploggatan+20%2c+11634%2c+STOCKHOLM%2c+Sweden"
22,"Eye Identification AB","850126","","Limhamn","","/Limhamn/Eye_Identification_AB/850126","","http://maps.google.se/maps?f=q&source=s_q&hl=sv&geocode=&q=Notariegatan+11+A%2c+21611%2c+LIMHAMN%2c+Sweden"
23,"Eye Picture - Ivan Silva","1799015","","Nacka","","/Nacka/Eye_Picture___Ivan_Silva/1799015","","http://maps.google.se/maps?f=q&source=s_q&hl=sv&geocode=&q=Sickla+All%c3%a9+13+D%2c+13165%2c+NACKA%2c+Sweden"
24,"Eye See Bild & Text AB","544087","08-470 53 70","Solna","","/Solna/Eye_See_Bild__Text_AB/544087","","http://maps.google.se/maps?f=q&source=s_q&hl=sv&geocode=&q=R%c3%a5sundav%c3%a4gen+73%2c+16957%2c+SOLNA%2c+Sweden"
25,"Eye Trap AB","2013810","018-51 51 52","Uppsala","http://www.eyetrap.se","/Uppsala/Eye_Trap_AB/2013810","","http://maps.google.se/maps?f=q&source=s_q&hl=sv&geocode=&q=H%c3%a5gav%c3%a4gen+324%2c+75263%2c+UPPSALA%2c+Sweden"
26,"Eye Try","639325","08-540 217 00","Stockholm","","/Stockholm/Eye_Try/639325","","http://maps.google.se/maps?f=q&source=s_q&hl=sv&geocode=&q=Tyskbagargatan+4%2c+11443%2c+STOCKHOLM%2c+Sweden"
27,"Eye Z HB","2647582","","Borås","","/Bor%C3%A5s/Eye_Z_HB/2647582","","http://maps.google.se/maps?f=q&source=s_q&hl=sv&geocode=&q=Katrinebergsgatan+18%2c+50439%2c+BOR%c3%85S%2c+Sweden"
28,"Eye Z HB","2798103","","Borås","","/Bor%C3%A5s/Eye_Z_HB/2798103","","http://maps.google.se/maps?f=q&source=s_q&hl=sv&geocode=&q=Katrinebergsgatan+18%2c+50439%2c+BOR%c3%85S%2c+Sweden"
29,"Eye&ear Peebo AB","844084","","Linköping","","/Link%C3%B6ping/Eyeear_Peebo_AB/844084","","http://maps.google.se/maps?f=q&source=s_q&hl=sv&geocode=&q=V%c3%a5rg%c3%a5rdsv%c3%a4gen+41%2c+58941%2c+LINK%c3%96PING%2c+Sweden"
30,"Eye4interior","1757860","08-774 40 65","Tyresö","http://www.eye4interior.com","/Tyres%C3%B6/Eye4interior/1757860","mailto:info@eye4interior.com","http://maps.google.se/maps?f=q&source=s_q&hl=sv&geocode=&q=Pastellgr%c3%a4nd+15%2c+13563%2c+TYRES%c3%96%2c+Sweden"
31,"Eyebat AB","536294","046-13 58 00","Lund","","/Lund/Eyebat_AB/536294","","http://maps.google.se/maps?f=q&source=s_q&hl=sv&geocode=&q=Tornav%c3%a4gen+3%2c+22363%2c+LUND%2c+Sweden"
32,"Eyebeep AB","2464777","08-668 13 20","Stockholm","","/Stockholm/Eyebeep_AB/2464777","","http://maps.google.se/maps?f=q&source=s_q&hl=sv&geocode=&q=Kungsholms+Strand+127%2c+11233%2c+STOCKHOLM%2c+Sweden"
33,"Eyebrite Film and Visions AB","114140","031-13 14 08","Göteborg","http://www.eyebrite.se","/G%C3%B6teborg/Eyebrite_Film_and_Visions_AB/114140","mailto:company@eyebrite.se","http://maps.google.se/maps?f=q&source=s_q&hl=sv&geocode=&q=Polstj%c3%a4rnegatan+14%2c+41756%2c+G%c3%96TEBORG%2c+Sweden"
34,"Eyebrow Designs AB","2363126","","Stockholm","http://www.eyebrowdesigns.se","/Stockholm/Eyebrow_Designs_AB/2363126","","http://maps.google.se/maps?f=q&source=s_q&hl=sv&geocode=&q=Heliosgatan+47%2c+12063%2c+STOCKHOLM%2c+Sweden"
35,"Eyebrow Music","1001226","035-21 22 45","Göteborg","","/G%C3%B6teborg/Eyebrow_Music/1001226","","http://maps.google.se/maps?f=q&source=s_q&hl=sv&geocode=&q=Drakenbergsgatan+35%2c+41269%2c+G%c3%96TEBORG%2c+Sweden"
36,"Eyebrows","159008","","Hägersten","","/H%C3%A4gersten/Eyebrows/159008","","http://maps.google.se/maps?f=q&source=s_q&hl=sv&geocode=&q=Cedergrensv%c3%a4gen+18%2c+12636%2c+H%c3%84GERSTEN%2c+Sweden"
37,"Eyec AB","2599624","040-15 63 59","Malmö","","/Malm%C3%B6/Eyec_AB/2599624","","http://maps.google.se/maps?f=q&source=s_q&hl=sv&geocode=&q=Krankajen+18%2c+21112%2c+MALM%c3%96%2c+Sweden"
38,"Eyecandy Tattoo, Welcome To The Candystore","2971334","","Hägersten","","/H%C3%A4gersten/Eyecandy_Tattoo_Welcome_To_The_Candystore/2971334","","http://maps.google.se/maps?f=q&source=s_q&hl=sv&geocode=&q=Tegelbruksv%c3%a4gen+12%2c+12632%2c+H%c3%84GERSTEN%2c+Sweden"
39,"Eyecap AB","837597","0505-77 60 10","Mölltorp","","/M%C3%B6lltorp/Eyecap_AB/837597","","http://maps.google.se/maps?f=q&source=s_q&hl=sv&geocode=&q=Annedalsgatan+1%2c+54672%2c+M%c3%96LLTORP%2c+Sweden"
40,"Eyeclinic","2566835","08-120 058 00","Sollentuna","http://www.eyeclinic.se","/Sollentuna/Eyeclinic/2566835","mailto:victoria@eyeclinic.se","http://maps.google.se/maps?f=q&source=s_q&hl=sv&geocode=&q=Turebergs+Torg+1%2c+19148%2c+SOLLENTUNA%2c+Sweden"
41,"Eyecode","483991","","Örebro","","/%C3%96rebro/Eyecode/483991","","http://maps.google.se/maps?f=q&source=s_q&hl=sv&geocode=&q=Sidogatan+20%2c+70231%2c+%c3%96REBRO%2c+Sweden"
42,"Eyedealistic","2331013","08-599 961 77","Täby","","/T%C3%A4by/Eyedealistic/2331013","","http://maps.google.se/maps?f=q&source=s_q&hl=sv&geocode=&q=Runborgsv%c3%a4gen+12%2c+18772%2c+T%c3%84BY%2c+Sweden"
43,"Eyedfly AB","2958721","","Fjällbacka","","/Fj%C3%A4llbacka/Eyedfly_AB/2958721","","http://maps.google.se/maps?f=q&source=s_q&hl=sv&geocode=&q=Tallgatan+3%2c+45740%2c+FJ%c3%84LLBACKA%2c+Sweden"
44,"Eyefeed","2396801","08-21 15 00","Nacka","","/Nacka/Eyefeed/2396801","","http://maps.google.se/maps?f=q&source=s_q&hl=sv&geocode=&q=Sten+Stures+v%c3%a4g+85%2c+13147%2c+NACKA%2c+Sweden"
45,"Eyefeed AB","2558396","08-21 15 00","Höllviken","","/H%C3%B6llviken/Eyefeed_AB/2558396","","http://maps.google.se/maps?f=q&source=s_q&hl=sv&geocode=&q=Karlsrov%c3%a4gen+40%2c+23637%2c+H%c3%96LLVIKEN%2c+Sweden"
46,"Eye-Fix","349092","0660-176 97","Stockholm","","/Stockholm/Eye_Fix/349092","","http://maps.google.se/maps?f=q&source=s_q&hl=sv&geocode=&q=Ringv%c3%a4gen+79%2c+11861%2c+STOCKHOLM%2c+Sweden"
47,"eyeforit","136538","","Kalmar","","/Kalmar/eyeforit/136538","mailto:wimmerberg@gmail.com","http://maps.google.se/maps?f=q&source=s_q&hl=sv&geocode=&q=Malmbrogatan+2+C%2c+39235%2c+KALMAR%2c+Sweden"
48,"Eyeform AB","1911699","033-23 69 50","Borås","http://www.eyeform.com","/Bor%C3%A5s/Eyeform_AB/1911699","mailto:info@eyeform.com","http://maps.google.se/maps?f=q&source=s_q&hl=sv&geocode=&q=Skaraborgsv%c3%a4gen+6%2c+50630%2c+BOR%c3%85S%2c+Sweden"
49,"Eyeframe","1813522","","Hägersten","","/H%C3%A4gersten/Eyeframe/1813522","","http://maps.google.se/maps?f=q&source=s_q&hl=sv&geocode=&q=Sedelv%c3%a4gen+34%2c+12932%2c+H%c3%84GERSTEN%2c+Sweden"
50,"Eyego AB","2857125","019-12 34 95","Karlstad","","/Karlstad/Eyego_AB/2857125","","http://maps.google.se/maps?f=q&source=s_q&hl=sv&geocode=&q=%c3%84lgv%c3%a4gen+5%2c+65468%2c+KARLSTAD%2c+Sweden"
51,"Eyeinspire Art & Design","776508","040-41 42 26","Lomma","","/Lomma/Eyeinspire_Art__Design/776508","","http://maps.google.se/maps?f=q&source=s_q&hl=sv&geocode=&q=Svensagatan+6%2c+23435%2c+LOMMA%2c+Sweden"
52,"Eyelash Extensions Scandinavia AB","2708663","","Borlänge","","/Borl%C3%A4nge/Eyelash_Extensions_Scandinavia_AB/2708663","","http://maps.google.se/maps?f=q&source=s_q&hl=sv&geocode=&q=Sveagatan+3%2c+78433%2c+BORL%c3%84NGE%2c+Sweden"
53,"Eyelens Syn & Kontaktlinspraktik","696442","036-37 83 00","Bankeryd","http://www.eyelens.se","/Bankeryd/Eyelens_Syn__Kontaktlinspraktik/696442","mailto:bruno@eyelens.se","http://maps.google.se/maps?f=q&source=s_q&hl=sv&geocode=&q=Kortebov%c3%a4gen+48%2c+56433%2c+BANKERYD%2c+Sweden"
54,"Eyelidia AB","3028646","","Solna","","/Solna/Eyelidia_AB/3028646","","http://maps.google.se/maps?f=q&source=s_q&hl=sv&geocode=&q=Fridensborgsv%c3%a4gen+56%2c+17069%2c+SOLNA%2c+Sweden"
55,"Eyelike","1849771","","Höllviken","","/H%C3%B6llviken/Eyelike/1849771","","http://maps.google.se/maps?f=q&source=s_q&hl=sv&geocode=&q=Sj%c3%b6brisv%c3%a4gen+23+B%2c+23635%2c+H%c3%96LLVIKEN%2c+Sweden"
56,"Eyemagine","732580","042-34 67 10","Skäret","","/Sk%C3%A4ret/Eyemagine/732580","","http://maps.google.se/maps?f=q&source=s_q&hl=sv&geocode=&q=T%c3%b6rnrosv%c3%a4gen+32%2c+26372%2c+SK%c3%84RET%2c+Sweden"
57,"Eyemed AB","241834","036-16 74 76","Jönköping","","/J%C3%B6nk%C3%B6ping/Eyemed_AB/241834","","http://maps.google.se/maps?f=q&source=s_q&hl=sv&geocode=&q=Per+H%c3%b6rbergs+v%c3%a4g+28%2c+55448%2c+J%c3%96NK%c3%96PING%2c+Sweden"
58,"Eyemmersive AB","2713019","08-541 360 08","Vaxholm","","/Vaxholm/Eyemmersive_AB/2713019","","http://maps.google.se/maps?f=q&source=s_q&hl=sv&geocode=&q=Gr%c3%b6nviksv%c3%a4gen+6%2c+18541%2c+VAXHOLM%2c+Sweden"
59,"Eyemoore AB","544832","","Solna","","/Solna/Eyemoore_AB/544832","","http://maps.google.se/maps?f=q&source=s_q&hl=sv&geocode=&q=Linn%c3%a9v%c3%a4gen+1%2c+16933%2c+SOLNA%2c+Sweden"
60,"EyeQ Investment AB","1819310","011-16 96 96","Norrköping","","/Norrk%C3%B6ping/EyeQ_Investment_AB/1819310","","http://maps.google.se/maps?f=q&source=s_q&hl=sv&geocode=&q=Box+749%2c+60116%2c+NORRK%c3%96PING%2c+Sweden"
61,"Eyequipped KB","2914161","","Sollentuna","","/Sollentuna/Eyequipped_KB/2914161","","http://maps.google.se/maps?f=q&source=s_q&hl=sv&geocode=&q=S%c3%b6rmlandsv%c3%a4gen+6%2c+19254%2c+SOLLENTUNA%2c+Sweden"
62,"Eyer Fondkommission AB","858852","031-761 22 30","Göteborg","","/G%C3%B6teborg/Eyer_Fondkommission_AB/858852","","http://maps.google.se/maps?f=q&source=s_q&hl=sv&geocode=&q=Lilla+Nygatan+2%2c+41109%2c+G%c3%96TEBORG%2c+Sweden"
63,"Eyeris Reklam","836093","08-776 14 00","Handen","http://www.eyeris.se","/Handen/Eyeris_Reklam/836093","mailto:info@eyeris.se","http://maps.google.se/maps?f=q&source=s_q&hl=sv&geocode=&q=Tr%c3%a4ffgatan+2%2c+13644%2c+HANDEN%2c+Sweden"
64,"eyes & ears","522237","060-10 16 36","Sundsvall","","/Sundsvall/eyes__ears/522237","","http://maps.google.se/maps?f=q&source=s_q&hl=sv&geocode=&q=Petersviksgatan+31%2c+85634%2c+SUNDSVALL%2c+Sweden"
65,"Eyes Movies Stockholm AB","1721958","08-640 57 40","Stockholm","http://www.eyes.se","/Stockholm/Eyes_Movies_Stockholm_AB/1721958","","http://maps.google.se/maps?f=q&source=s_q&hl=sv&geocode=&q=Tegn%c3%a9rgatan+12%2c+11358%2c+STOCKHOLM%2c+Sweden"
66,"Eyes Productions","600953","08-440 32 22","Stockholm","http://www.eyes.se","/Stockholm/Eyes_Productions/600953","mailto:productions@eyes.se","http://maps.google.se/maps?f=q&source=s_q&hl=sv&geocode=&q=Sturegatan+56%2c+11436%2c+STOCKHOLM%2c+Sweden"
67,"Eyescreamtattoo","223947","0411-661 99","Löderup","http://www.eyescreamtattoo.com","/L%C3%B6derup/Eyescreamtattoo/223947","","http://maps.google.se/maps?f=q&source=s_q&hl=sv&geocode=&q=V%c3%a4stanv%c3%a4gen+4%2c+27177%2c+L%c3%96DERUP%2c+Sweden"
68,"Eyesec Larmteknik AB","285005","08-556 700 30","Årsta","http://www.eyesec.se","/%C3%85rsta/Eyesec_Larmteknik_AB/285005","mailto:info@eyesec.se","http://maps.google.se/maps?f=q&source=s_q&hl=sv&geocode=&q=Sk%c3%b6ntorpsv%c3%a4gen+94%2c+12053%2c+%c3%85RSTA%2c+Sweden"
69,"Eyesee AB","2626125","","Lycksele","","/Lycksele/Eyesee_AB/2626125","","http://maps.google.se/maps?f=q&source=s_q&hl=sv&geocode=&q=Fj%c3%a4rdingsmansv%c3%a4gen+1%2c+92141%2c+LYCKSELE%2c+Sweden"
70,"Eyeshadow Wfl","2019989","0480-43 19 75","Oskarshamn","","/Oskarshamn/Eyeshadow_Wfl/2019989","","http://maps.google.se/maps?f=q&source=s_q&hl=sv&geocode=&q=Norrbackav%c3%a4gen+28%2c+57232%2c+OSKARSHAMN%2c+Sweden"
71,"Eyesland","522657","018-12 15 50","Uppsala","","/Uppsala/Eyesland/522657","","http://maps.google.se/maps?f=q&source=s_q&hl=sv&geocode=&q=%c3%96stra+%c3%85gatan+31%2c+75322%2c+UPPSALA%2c+Sweden"
72,"Eyesland AB","2770817","018-12 15 50","Uppsala","","/Uppsala/Eyesland_AB/2770817","","http://maps.google.se/maps?f=q&source=s_q&hl=sv&geocode=&q=%c3%96stra+%c3%85gatan+31%2c+75322%2c+UPPSALA%2c+Sweden"
73,"Eyesoft AB","2869359","","Luleå","","/Lule%C3%A5/Eyesoft_AB/2869359","","http://maps.google.se/maps?f=q&source=s_q&hl=sv&geocode=&q=Rutviks+Byav%c3%a4g+417%2c+97596%2c+LULE%c3%85%2c+Sweden"
74,"Eyestone AB","2445135","0454-77 08 93","Kyrkhult","","/Kyrkhult/Eyestone_AB/2445135","","http://maps.google.se/maps?f=q&source=s_q&hl=sv&geocode=&q=H%c3%b6rneborgsv%c3%a4gen+20%2c+29060%2c+KYRKHULT%2c+Sweden"
75,"Eyetack","674046","075-760 15 05","Bjärnum","","/Bj%C3%A4rnum/Eyetack/674046","","http://maps.google.se/maps?f=q&source=s_q&hl=sv&geocode=&q=Bygatan+25%2c+28020%2c+BJ%c3%84RNUM%2c+Sweden"
76,"Eyetech R & D Laboratory","1282733","011-16 52 76","Norrköping","","/Norrk%C3%B6ping/Eyetech_R__D_Laboratory/1282733","","http://maps.google.se/maps?f=q&source=s_q&hl=sv&geocode=&q=Kompanigatan+19%2c+60209%2c+NORRK%c3%96PING%2c+Sweden"
77,"Eyetru","782097","08-626 71 39","Sollentuna","","/Sollentuna/Eyetru/782097","","http://maps.google.se/maps?f=q&source=s_q&hl=sv&geocode=&q=Runskogsv%c3%a4gen+3+B%2c+19248%2c+SOLLENTUNA%2c+Sweden"
78,"Eyevis Nordic AB","2660682","","Mölndal","","/M%C3%B6lndal/Eyevis_Nordic_AB/2660682","","http://maps.google.se/maps?f=q&source=s_q&hl=sv&geocode=&q=Fl%c3%b6jelbergsgatan+7+A%2c+43137%2c+M%c3%96LNDAL%2c+Sweden"
79,"Eyewear Network AB","2607890","031-86 54 30","Mölndal","","/M%C3%B6lndal/Eyewear_Network_AB/2607890","","http://maps.google.se/maps?f=q&source=s_q&hl=sv&geocode=&q=Bergfotsgatan+5%2c+43135%2c+M%c3%96LNDAL%2c+Sweden"
80,"Eyewell AB","2914264","","Stockholm","","/Stockholm/Eyewell_AB/2914264","","http://maps.google.se/maps?f=q&source=s_q&hl=sv&geocode=&q=Upplandsgatan+69%2c+11328%2c+STOCKHOLM%2c+Sweden"
81,"Eyework Design & Copy i Solna","1324765","08-27 96 32","Solna","","/Solna/Eyework_Design__Copy_i_Solna/1324765","","http://maps.google.se/maps?f=q&source=s_q&hl=sv&geocode=&q=Parkv%c3%a4gen+17%2c+16935%2c+SOLNA%2c+Sweden"
82,"Eyeworks Stockholm AB","669227","08-522 166 00","Stockholm","http://www.eyeworks.tv/countries/sweden/overview_sweden","/Stockholm/Eyeworks_Stockholm_AB/669227","","http://maps.google.se/maps?f=q&source=s_q&hl=sv&geocode=&q=Arkivgatan+3%2c+11128%2c+STOCKHOLM%2c+Sweden"
83,"Eyeworks Sweden AB","819378","08-522 166 00","Stockholm","http://www.eyeworks.se","/Stockholm/Eyeworks_Sweden_AB/819378","mailto:sweden@eyeworks.tv","http://maps.google.se/maps?f=q&source=s_q&hl=sv&geocode=&q=Birger+Jarls+Torg+2+A%2c+11128%2c+STOCKHOLM%2c+Sweden"
84,"Eyeworks Sweden AB","2587480","031-723 64 64","Göteborg","","/G%C3%B6teborg/Eyeworks_Sweden_AB/2587480","","http://maps.google.se/maps?f=q&source=s_q&hl=sv&geocode=&q=Gamlestadsv%c3%a4gen+2%2c+41502%2c+G%c3%96TEBORG%2c+Sweden"
85,"Eyez Optik - Gottsunda Centrum","2829960","018-444 48 80","Uppsala","","/Uppsala/Eyez_Optik___Gottsunda_Centrum/2829960","","http://maps.google.se/maps?f=q&source=s_q&hl=sv&geocode=&q=Valthornsv%c3%a4gen+7%2c+75650%2c+UPPSALA%2c+Sweden"
86,"Eyezentertainment","777575","","Nacka strand","","/Nacka_strand/Eyezentertainment/777575","","http://maps.google.se/maps?f=q&source=s_q&hl=sv&geocode=&q=Jakobsdalsv%c3%a4gen+29%2c+13152%2c+NACKA+STRAND%2c+Sweden"
87,"EYGI Party Balloon Decorations","2453442","","Uppsala","http://www.dekorationer.net","/Uppsala/EYGI_Party_Balloon_Decorations/2453442","","http://maps.google.se/maps?f=q&source=s_q&hl=sv&geocode=&q=Almqvistgatan+26%2c+75430%2c+UPPSALA%2c+Sweden"
88,"Eyja's Salong Fina Fötter","183462","031-82 76 30","Göteborg","","/G%C3%B6teborg/Eyjas_Salong_Fina_F%C3%B6tter/183462","","http://maps.google.se/maps?f=q&source=s_q&hl=sv&geocode=&q=V%c3%a4stergatan+7%2c+41123%2c+G%c3%96TEBORG%2c+Sweden"
89,"Eyl Management AB","3028119","","Stockholm","","/Stockholm/Eyl_Management_AB/3028119","","http://maps.google.se/maps?f=q&source=s_q&hl=sv&geocode=&q=Sergels+Torg+12%2c+11157%2c+STOCKHOLM%2c+Sweden"
90,"Eylen","985680","031-82 02 35","Göteborg","","/G%C3%B6teborg/Eylen/985680","","http://maps.google.se/maps?f=q&source=s_q&hl=sv&geocode=&q=V%c3%a4stergatan+15%2c+41313%2c+G%c3%96TEBORG%2c+Sweden"
91,"Eylis Lindh, Maria","862728","0523-500 59","Hunnebostrand","","/Hunnebostrand/Eylis_Lindh_Maria/862728","mailto:mariaeylis@yahoo.se","http://maps.google.se/maps?f=q&source=s_q&hl=sv&geocode=&q=Hunnebov%c3%a4gen+25%2c+45661%2c+HUNNEBOSTRAND%2c+Sweden"
92,"Eylis Tandverkstad AB, Tommy","526406","08-650 50 50","Stockholm","http://www.eylis-tandverkstad.se","/Stockholm/Eylis_Tandverkstad_AB_Tommy/526406","","http://maps.google.se/maps?f=q&source=s_q&hl=sv&geocode=&q=Drottningholmsv%c3%a4gen+15%2c+11242%2c+STOCKHOLM%2c+Sweden"
93,"Eyoma, Eyeyo Inang Gunnar","344101","08-22 23 09","Stockholm","","/Stockholm/Eyoma_Eyeyo_Inang_Gunnar/344101","","http://maps.google.se/maps?f=q&source=s_q&hl=sv&geocode=&q=Upplandsgatan+11%2c+11123%2c+STOCKHOLM%2c+Sweden"
94,"Eyot 2 AB","2396179","","Stockholm","","/Stockholm/Eyot_2_AB/2396179","","http://maps.google.se/maps?f=q&source=s_q&hl=sv&geocode=&q=H%c3%b6torget%2c+11157%2c+STOCKHOLM%2c+Sweden"
95,"Eyoum Taxi","1794539","","Alingsås","","/Alings%C3%A5s/Eyoum_Taxi/1794539","","http://maps.google.se/maps?f=q&source=s_q&hl=sv&geocode=&q=Ris%c3%b6v%c3%a4gen+12+A%2c+44135%2c+ALINGS%c3%85S%2c+Sweden"
96,"Eyra Education AB","2884506","","Örebro","","/%C3%96rebro/Eyra_Education_AB/2884506","","http://maps.google.se/maps?f=q&source=s_q&hl=sv&geocode=&q=Landstormsv%c3%a4gen+22%2c+70225%2c+%c3%96REBRO%2c+Sweden"
97,"Eyra Måleri","2227468","019-761 65 93","Örebro","http://www.eyramaleri.com","/%C3%96rebro/Eyra_M%C3%A5leri/2227468","mailto:christernilsson@eyramaleri.com","http://maps.google.se/maps?f=q&source=s_q&hl=sv&geocode=&q=Rynningegatan+35%2c+70365%2c+%c3%96REBRO%2c+Sweden"
98,"Eyra Taxi AB","1760591","019-507 38 58","Örebro","","/%C3%96rebro/Eyra_Taxi_AB/1760591","","http://maps.google.se/maps?f=q&source=s_q&hl=sv&geocode=&q=Box+498%2c+70149%2c+%c3%96REBRO%2c+Sweden"
99,"Eyra Utbildning HB","2554341","","Örebro","","/%C3%96rebro/Eyra_Utbildning_HB/2554341","","http://maps.google.se/maps?f=q&source=s_q&hl=sv&geocode=&q=Landstormsv%c3%a4gen+22%2c+70225%2c+%c3%96REBRO%2c+Sweden"
100,"Eyrabadet","1717211","019-21 17 35","Örebro","","/%C3%96rebro/Eyrabadet/1717211","","http://maps.google.se/maps?f=q&source=s_q&hl=sv&geocode=&q=Eyragatan+3%2c+70225%2c+%c3%96REBRO%2c+Sweden"
101,"Eyre AB, John","711331","08-702 23 66","Stockholm","http://www.johneyre.com","/Stockholm/Eyre_AB_John/711331","mailto:john.eyre@swipnet.se","http://maps.google.se/maps?f=q&source=s_q&hl=sv&geocode=&q=Folkungagatan+107%2c+11630%2c+STOCKHOLM%2c+Sweden"
102,"Eyrich, Hans","1815147","","Lomma","","/Lomma/Eyrich_Hans/1815147","","http://maps.google.se/maps?f=q&source=s_q&hl=sv&geocode=&q=Kanalgr%c3%a4nd+3%2c+23439%2c+LOMMA%2c+Sweden"
103,"Eyse","1941966","08-761 53 54","Spånga","","/Sp%C3%A5nga/Eyse/1941966","","http://maps.google.se/maps?f=q&source=s_q&hl=sv&geocode=&q=Solhems+Hagv%c3%a4g+26%2c+16356%2c+SP%c3%85NGA%2c+Sweden"
104,"Eytys AB","2864776","08-684 420 80","Stockholm","","/Stockholm/Eytys_AB/2864776","","http://maps.google.se/maps?f=q&source=s_q&hl=sv&geocode=&q=Luntmakargatan+15%2c+11137%2c+STOCKHOLM%2c+Sweden"
105,"Eyups Pizzeria","1905983","","Västerhaninge","","/V%C3%A4sterhaninge/Eyups_Pizzeria/1905983","","http://maps.google.se/maps?f=q&source=s_q&hl=sv&geocode=&q=Centrum%2c+13738%2c+V%c3%84STERHANINGE%2c+Sweden"
106,"Eyüp's Sko & Nyckelservice","171971","042-27 46 00","Landskrona","","/Landskrona/Ey%C3%BCps_Sko__Nyckelservice/171971","","http://maps.google.se/maps?f=q&source=s_q&hl=sv&geocode=&q=Silverg%c3%a5rden+1+A%2c+26143%2c+LANDSKRONA%2c+Sweden"
107,"Ez Economy","782112","","Göteborg","","/G%C3%B6teborg/Ez_Economy/782112","","http://maps.google.se/maps?f=q&source=s_q&hl=sv&geocode=&q=Norra+Liden+31%2c+41118%2c+G%c3%96TEBORG%2c+Sweden"
108,"Ez Förvaltnings AB","1167391","031-84 07 60","Mölnlycke","","/M%C3%B6lnlycke/Ez_F%C3%B6rvaltnings_AB/1167391","","http://maps.google.se/maps?f=q&source=s_q&hl=sv&geocode=&q=Kvibackav%c3%a4gen+24%2c+43537%2c+M%c3%96LNLYCKE%2c+Sweden"
109,"Ez Gruppen AB","2844911","08-531 875 00","Norsborg","","/Norsborg/Ez_Gruppen_AB/2844911","","http://maps.google.se/maps?f=q&source=s_q&hl=sv&geocode=&q=Kr%c3%b6garv%c3%a4gen+6+B%2c+14552%2c+NORSBORG%2c+Sweden"
110,"Ez Hälsa AB","3012881","","Stockholm","","/Stockholm/Ez_H%C3%A4lsa_AB/3012881","","http://maps.google.se/maps?f=q&source=s_q&hl=sv&geocode=&q=Norrtullsgatan+25+A%2c+11327%2c+STOCKHOLM%2c+Sweden"
111,"Ez Office","158549","0583-77 00 35","Hammar","http://www.ezoffice.se","/Hammar/Ez_Office/158549","mailto:info@ezoffice.se","http://maps.google.se/maps?f=q&source=s_q&hl=sv&geocode=&q=Strandv%c3%a4gen+2%2c+69674%2c+HAMMAR%2c+Sweden"
112,"EZ Technology AB","131968","08-747 52 50","Saltsjö-boo","http://www.ezt.se","/Saltsj%C3%B6_boo/EZ_Technology_AB/131968","mailto:info@ezt.se","http://maps.google.se/maps?f=q&source=s_q&hl=sv&geocode=&q=Spr%c3%a4ngarv%c3%a4gen+10%2c+13238%2c+SALTSJ%c3%96-BOO%2c+Sweden"
113,"Ez Tuning Scandinavia","840134","031-96 59 90","Hönö","http://www.eztuning.se","/H%C3%B6n%C3%B6/Ez_Tuning_Scandinavia/840134","mailto:info@eztuning.se","http://maps.google.se/maps?f=q&source=s_q&hl=sv&geocode=&q=Korshamnsv%c3%a4gen+43%2c+47540%2c+H%c3%96N%c3%96%2c+Sweden"
114,"Ezactus Kvalitetskonsult AB","2018993","","Uppsala","","/Uppsala/Ezactus_Kvalitetskonsult_AB/2018993","","http://maps.google.se/maps?f=q&source=s_q&hl=sv&geocode=&q=Murkelv%c3%a4gen+15%2c+75646%2c+UPPSALA%2c+Sweden"
115,"Ezat Ghanipour","1914942","019-12 11 41","Örebro","","/%C3%96rebro/Ezat_Ghanipour/1914942","","http://maps.google.se/maps?f=q&source=s_q&hl=sv&geocode=&q=Studentgatan+16%2c+70281%2c+%c3%96REBRO%2c+Sweden"
116,"Eze System Europe AB","2627828","08-545 043 57","Strängnäs","","/Str%C3%A4ngn%C3%A4s/Eze_System_Europe_AB/2627828","","http://maps.google.se/maps?f=q&source=s_q&hl=sv&geocode=&q=Ladugatan+11%2c+64532%2c+STR%c3%84NGN%c3%84S%2c+Sweden"
117,"Eze, Linus","581017","0522-743 01","Vänersborg","","/V%C3%A4nersborg/Eze_Linus/581017","","http://maps.google.se/maps?f=q&source=s_q&hl=sv&geocode=&q=Gyllenheimsgatan+5%2c+46235%2c+V%c3%84NERSBORG%2c+Sweden"
118,"Ezee Data Service","2674761","042-23 45 47","Klippan","","/Klippan/Ezee_Data_Service/2674761","","http://maps.google.se/maps?f=q&source=s_q&hl=sv&geocode=&q=Storgatan+44%2c+26433%2c+KLIPPAN%2c+Sweden"
119,"Ezelius i Falun AB","2394990","023-193 10","Falun","","/Falun/Ezelius_i_Falun_AB/2394990","","http://maps.google.se/maps?f=q&source=s_q&hl=sv&geocode=&q=Stigaregatan+24%2c+79173%2c+FALUN%2c+Sweden"
120,"Ezelius Teknik AB","1823881","","Johanneshov","","/Johanneshov/Ezelius_Teknik_AB/1823881","","http://maps.google.se/maps?f=q&source=s_q&hl=sv&geocode=&q=Lidk%c3%b6pingsv%c3%a4gen+46%2c+12139%2c+JOHANNESHOV%2c+Sweden"
121,"Ezem Bilverkstad HB","2657836","08-604 04 60","Jordbro","","/Jordbro/Ezem_Bilverkstad_HB/2657836","","http://maps.google.se/maps?f=q&source=s_q&hl=sv&geocode=&q=Blockstensv%c3%a4gen+14%2c+13765%2c+JORDBRO%2c+Sweden"
122,"Ezenze AB","1903995","0431-893 42","Ängelholm","","/%C3%84ngelholm/Ezenze_AB/1903995","","http://maps.google.se/maps?f=q&source=s_q&hl=sv&geocode=&q=Box+1282%2c+26224%2c+%c3%84NGELHOLM%2c+Sweden"
123,"Ezhar Taxi AB","2524284","","Huddinge","","/Huddinge/Ezhar_Taxi_AB/2524284","","http://maps.google.se/maps?f=q&source=s_q&hl=sv&geocode=&q=Elbev%c3%a4gen+25%2c+14132%2c+HUDDINGE%2c+Sweden"
124,"Ezikpe, David","2711723","","Umeå","","/Ume%C3%A5/Ezikpe_David/2711723","","http://maps.google.se/maps?f=q&source=s_q&hl=sv&geocode=&q=Strombergs+V%c3%a4g+128%2c+90728%2c+UME%c3%85%2c+Sweden"
125,"Ezilla AB","2336588","","Staffanstorp","http://www.ezilla.se","/Staffanstorp/Ezilla_AB/2336588","","http://maps.google.se/maps?f=q&source=s_q&hl=sv&geocode=&q=Handelsv%c3%a4gen+16+C%2c+24534%2c+STAFFANSTORP%2c+Sweden"
126,"EZIT - Enkel IT Lappland AB","650079","0941-102 90","Åsele","http://www.ezit.se","/%C3%85sele/EZIT___Enkel_IT_Lappland_AB/650079","mailto:info@ezit.se","http://maps.google.se/maps?f=q&source=s_q&hl=sv&geocode=&q=Centralgatan+40%2c+91931%2c+%c3%85SELE%2c+Sweden"
127,"Ezra Infotainment","776084","031-18 04 53","Göteborg","","/G%C3%B6teborg/Ezra_Infotainment/776084","","http://maps.google.se/maps?f=q&source=s_q&hl=sv&geocode=&q=K%c3%a5lg%c3%a5rdsgatan%2c+41469%2c+G%c3%96TEBORG%2c+Sweden"
128,"Ezras Däck o. Bilservice","952485","0302-228 01","Floda","","/Floda/Ezras_D%C3%A4ck_o_Bilservice/952485","","http://maps.google.se/maps?f=q&source=s_q&hl=sv&geocode=&q=Garveriv%c3%a4gen+11%2c+44831%2c+FLODA%2c+Sweden"
129,"Ezras Däck o. Bilservice","1769791","0302-366 62","Floda","","/Floda/Ezras_D%C3%A4ck_o_Bilservice/1769791","","http://maps.google.se/maps?f=q&source=s_q&hl=sv&geocode=&q=Garveriv%c3%a4gen+11%2c+44831%2c+FLODA%2c+Sweden"
130,"Eztec","1969642","0322-122 95","Vårgårda","","/V%C3%A5rg%C3%A5rda/Eztec/1969642","","http://maps.google.se/maps?f=q&source=s_q&hl=sv&geocode=&q=Kungsgatan+26%2c+44730%2c+V%c3%85RG%c3%85RDA%2c+Sweden"
131,"Eztech Consulting AB","2577407","","Göteborg","","/G%C3%B6teborg/Eztech_Consulting_AB/2577407","","http://maps.google.se/maps?f=q&source=s_q&hl=sv&geocode=&q=S%c3%b6dra+V%c3%a4gen+63%2c+41254%2c+G%c3%96TEBORG%2c+Sweden"
132,"e-Ztore.se Helsingborg","1950257","042-301 09 26","Påarp","","/P%C3%A5arp/e_Ztorese_Helsingborg/1950257","mailto:info@infab.se","http://maps.google.se/maps?f=q&source=s_q&hl=sv&geocode=&q=Frillestadsv%c3%a4gen+93%2c+25353%2c+P%c3%85ARP%2c+Sweden"
133,"Eztrad","361371","0522-893 13","Lysekil","","/Lysekil/Eztrad/361371","","http://maps.google.se/maps?f=q&source=s_q&hl=sv&geocode=&q=Box+143%2c+45323%2c+LYSEKIL%2c+Sweden"
134,"Eztronics Sverige HB","2833638","","Mariannelund","","/Mariannelund/Eztronics_Sverige_HB/2833638","","http://maps.google.se/maps?f=q&source=s_q&hl=sv&geocode=&q=R%c3%b6kulla+610%2c+59897%2c+MARIANNELUND%2c+Sweden"
135,"Ez-Uz","730459","031-330 76 44","Mölnlycke","","/M%C3%B6lnlycke/Ez_Uz/730459","","http://maps.google.se/maps?f=q&source=s_q&hl=sv&geocode=&q=Enebackev%c3%a4gen+2%2c+43542%2c+M%c3%96LNLYCKE%2c+Sweden"
136,"Ezy Energi AB","769200","016-12 13 20","Eskilstuna","http://www.pelletskamin.com","/Eskilstuna/Ezy_Energi_AB/769200","mailto:info@ezyenergi.se","http://maps.google.se/maps?f=q&source=s_q&hl=sv&geocode=&q=Sundbyholm+Hammartorps+G%c3%a5rd%2c+63508%2c+ESKILSTUNA%2c+Sweden"
137,"Ezy Webwerkstaden AB","716382","0340-64 14 20","Varberg","http://www.ezy.se","/Varberg/Ezy_Webwerkstaden_AB/716382","mailto:info@ezy.se","http://maps.google.se/maps?f=q&source=s_q&hl=sv&geocode=&q=Susvindsv%c3%a4gen+13%2c+43232%2c+VARBERG%2c+Sweden"
138,"Ezz Al-Din Sadeq, Abdulwahab","2317686","016-316 00 61","Eskilstuna","","/Eskilstuna/Ezz_Al_Din_Sadeq_Abdulwahab/2317686","","http://maps.google.se/maps?f=q&source=s_q&hl=sv&geocode=&q=Nyforsgatan+12+A%2c+63225%2c+ESKILSTUNA%2c+Sweden"
139,"Ezz Al-Din Sadeq, Abdulwahab","3016617","016-316 00 61","Västerås","","/V%C3%A4ster%C3%A5s/Ezz_Al_Din_Sadeq_Abdulwahab/3016617","","http://maps.google.se/maps?f=q&source=s_q&hl=sv&geocode=&q=Puddelugnsgatan+41%2c+72473%2c+V%c3%84STER%c3%85S%2c+Sweden"
140,"Ezze AB","962593","0370-33 22 00","Gnosjö","http://www.ezze.se","/Gnosj%C3%B6/Ezze_AB/962593","mailto:info@ezze.se","http://maps.google.se/maps?f=q&source=s_q&hl=sv&geocode=&q=Sj%c3%b6rydsv%c3%a4gen+7%2c+33532%2c+GNOSJ%c3%96%2c+Sweden"
141,"Ezzeddin Mosaferian, Shida","2677458","040-22 16 35","Malmö","","/Malm%C3%B6/Ezzeddin_Mosaferian_Shida/2677458","","http://maps.google.se/maps?f=q&source=s_q&hl=sv&geocode=&q=Agnesfridsv%c3%a4gen+194%2c+21375%2c+MALM%c3%96%2c+Sweden"
142,"Ezzits AB","2660630","0498-21 21 41","Visby","","/Visby/Ezzits_AB/2660630","","http://maps.google.se/maps?f=q&source=s_q&hl=sv&geocode=&q=Magasinsgatan+1%2c+62158%2c+VISBY%2c+Sweden"
143,"Ezzits Company","844820","0498-21 10 74","Visby","","/Visby/Ezzits_Company/844820","","http://maps.google.se/maps?f=q&source=s_q&hl=sv&geocode=&q=Stenkumlav%c3%a4g+49%2c+62149%2c+VISBY%2c+Sweden"
144,"Ezzo Trading","1675785","08-510 516 23","Täby","","/T%C3%A4by/Ezzo_Trading/1675785","","http://maps.google.se/maps?f=q&source=s_q&hl=sv&geocode=&q=G%c3%b6k%c3%a4rtsv%c3%a4gen+62%2c+18751%2c+T%c3%84BY%2c+Sweden"
145,"Ezz-Produkter AB","115373","","Taberg","","/Taberg/Ezz_Produkter_AB/115373","","http://maps.google.se/maps?f=q&source=s_q&hl=sv&geocode=&q=Taklasv%c3%a4gen+46%2c+56241%2c+TABERG%2c+Sweden"
146,"Ezzy O Baha Company HB","2319945","0155-21 74 40","Nyköping","","/Nyk%C3%B6ping/Ezzy_O_Baha_Company_HB/2319945","","http://maps.google.se/maps?f=q&source=s_q&hl=sv&geocode=&q=V%c3%a4stra+Storgatan+7%2c+61131%2c+NYK%c3%96PING%2c+Sweden"
