0, "Hyresinvest", "111613", "0591-510 00", "Hällefors", "", "/H%C3%A4llefors/Hyresinvest/111613", "", "http://maps.google.se/maps?f=q&source=s_q&hl=sv&geocode=&q=Bergslagsv%c3%a4gen+12%2c+71230%2c+H%c3%84LLEFORS%2c+Sweden"
1, "Hyreskonsortiet Albanium", "1433486", "", "Oxie", "", "/Oxie/Hyreskonsortiet_Albanium/1433486", "", "http://maps.google.se/maps?f=q&source=s_q&hl=sv&geocode=&q=Lockarps+Kyrkov%c3%a4g+50+B%2c+23841%2c+OXIE%2c+Sweden"
2, "Hyresladan", "2314923", "0247-147 79", "Leksand", "http://www.hyresladan.se", "/Leksand/Hyresladan/2314923", "mailto:jonas.hedin@hyresladan.se", "http://maps.google.se/maps?f=q&source=s_q&hl=sv&geocode=&q=V%c3%a4stanvik+Rammelbacken+12%2c+79392%2c+LEKSAND%2c+Sweden"
3, "HYRESLADAN AB", "2955649", "", "Leksand", "", "/Leksand/HYRESLADAN_AB/2955649", "", "http://maps.google.se/maps?f=q&source=s_q&hl=sv&geocode=&q=V%c3%a4stanvik+Rammelbacken+12%2c+79392%2c+LEKSAND%2c+Sweden"
4, "Hyreslyftet Jonsbol", "796316", "054-51 32 82", "Karlstad", "", "/Karlstad/Hyreslyftet_Jonsbol/796316", "", "http://maps.google.se/maps?f=q&source=s_q&hl=sv&geocode=&q=Tage+Erlandergatan+12%2c+65220%2c+KARLSTAD%2c+Sweden"
5, "Hyres-Maskiner", "547309", "0660-703 80", "Överhörnäs", "http://www.hyres-maskiner.se", "/%C3%96verh%C3%B6rn%C3%A4s/Hyres_Maskiner/547309", "mailto:info@hyres-maskiner.se", "http://maps.google.se/maps?f=q&source=s_q&hl=sv&geocode=&q=H%c3%b6rn%c3%a4sv%c3%a4gen+50%2c+89440%2c+%c3%96VERH%c3%96RN%c3%84S%2c+Sweden"
6, "Hyresmaskiner AB", "998866", "0220-292 00", "Västerås", "http://www.hyresmaskiner.com", "/V%C3%A4ster%C3%A5s/Hyresmaskiner_AB/998866", "mailto:hakan@hyresmaskiner.com", "http://maps.google.se/maps?f=q&source=s_q&hl=sv&geocode=&q=Kokillgatan+7%2c+72133%2c+V%c3%84STER%c3%85S%2c+Sweden"
7, "Hyres-Maskiner Håkan Lindberg", "455702", "0220-161 65", "Västerås", "", "/V%C3%A4ster%C3%A5s/Hyres_Maskiner_H%C3%A5kan_Lindberg/455702", "", "http://maps.google.se/maps?f=q&source=s_q&hl=sv&geocode=&q=Katrineberg%2c+72592%2c+V%c3%84STER%c3%85S%2c+Sweden"
8, "Hyresmaskiner i Eskilstuna AB", "972149", "016-51 01 50", "Eskilstuna", "http://www.hyresmaskin.se", "/Eskilstuna/Hyresmaskiner_i_Eskilstuna_AB/972149", "mailto:hyreshuset@netscape.net", "http://maps.google.se/maps?f=q&source=s_q&hl=sv&geocode=&q=Norra+Hamn%2c+63346%2c+ESKILSTUNA%2c+Sweden"
9, "Hyresmaskiner i Stockholm AB", "284870", "08-556 306 00", "Hägersten", "http://www.tidermans.nu", "/H%C3%A4gersten/Hyresmaskiner_i_Stockholm_AB/284870", "mailto:ulf@byggmaskiner-abc.se", "http://maps.google.se/maps?f=q&source=s_q&hl=sv&geocode=&q=Lerkrogsv%c3%a4gen+4%2c+12679%2c+H%c3%84GERSTEN%2c+Sweden"
10, "Hyresnämnden och Arrendenämnden Göteborg", "996035", "031-701 12 70", "Göteborg", "", "/G%C3%B6teborg/Hyresn%C3%A4mnden_och_Arrenden%C3%A4mnden_G%C3%B6teborg/996035", "", "http://maps.google.se/maps?f=q&source=s_q&hl=sv&geocode=&q=Ullevigatan+15%2c+41139%2c+G%c3%96TEBORG%2c+Sweden"
11, "Hyresnämnden och Arrendenämnden Jönköping", "133861", "036-15 66 65", "Jönköping", "http://www.hyresnamnden.se", "/J%C3%B6nk%C3%B6ping/Hyresn%C3%A4mnden_och_Arrenden%C3%A4mnden_J%C3%B6nk%C3%B6ping/133861", "", "http://maps.google.se/maps?f=q&source=s_q&hl=sv&geocode=&q=Hamngatan+15%2c+55316%2c+J%c3%96NK%c3%96PING%2c+Sweden"
12, "Hyresnämnden och Arrendenämnden Linköping", "194931", "013-14 56 62", "Linköping", "", "/Link%C3%B6ping/Hyresn%C3%A4mnden_och_Arrenden%C3%A4mnden_Link%C3%B6ping/194931", "", "http://maps.google.se/maps?f=q&source=s_q&hl=sv&geocode=&q=Brigadgatan+3%2c+58758%2c+LINK%c3%96PING%2c+Sweden"
13, "Hyresnämnden och Arrendenämnden Malmö", "385495", "040-35 34 00", "Malmö", "", "/Malm%C3%B6/Hyresn%C3%A4mnden_och_Arrenden%C3%A4mnden_Malm%C3%B6/385495", "", "http://maps.google.se/maps?f=q&source=s_q&hl=sv&geocode=&q=Hovr%c3%a4ttstorget+1%2c+21118%2c+MALM%c3%96%2c+Sweden"
14, "Hyresnämnden och Arrendenämnden Stockholm", "613732", "08-657 58 00", "Stockholm", "", "/Stockholm/Hyresn%C3%A4mnden_och_Arrenden%C3%A4mnden_Stockholm/613732", "", "http://maps.google.se/maps?f=q&source=s_q&hl=sv&geocode=&q=Ulriksborgsgatan+5%2c+11218%2c+STOCKHOLM%2c+Sweden"
15, "Hyresnämnden och Arrendenämnden Sundsvall", "614394", "060-18 67 94", "Sundsvall", "", "/Sundsvall/Hyresn%C3%A4mnden_och_Arrenden%C3%A4mnden_Sundsvall/614394", "", "http://maps.google.se/maps?f=q&source=s_q&hl=sv&geocode=&q=Storgatan+39%2c+85230%2c+SUNDSVALL%2c+Sweden"
16, "Hyresnämnden och Arrendenämnden Umeå", "417958", "090-13 13 94", "Umeå", "", "/Ume%C3%A5/Hyresn%C3%A4mnden_och_Arrenden%C3%A4mnden_Ume%C3%A5/417958", "", "http://maps.google.se/maps?f=q&source=s_q&hl=sv&geocode=&q=Nygatan+45%2c+90330%2c+UME%c3%85%2c+Sweden"
17, "Hyresnämnden och Arrendenämnden Västerås", "1713493", "021-17 02 00", "Västerås", "", "/V%C3%A4ster%C3%A5s/Hyresn%C3%A4mnden_och_Arrenden%C3%A4mnden_V%C3%A4ster%C3%A5s/1713493", "", "http://maps.google.se/maps?f=q&source=s_q&hl=sv&geocode=&q=Sigurdsgatan+22%2c+72130%2c+V%c3%84STER%c3%85S%2c+Sweden"
18, "Hyresprinsen AB", "2440856", "", "Bro", "", "/Bro/Hyresprinsen_AB/2440856", "", "http://maps.google.se/maps?f=q&source=s_q&hl=sv&geocode=&q=Domkraftsv%c3%a4gen+2%2c+19740%2c+BRO%2c+Sweden"
19, "Hyresrätt i Norr Konsult", "256345", "090-12 90 22", "Umeå", "", "/Ume%C3%A5/Hyresr%C3%A4tt_i_Norr_Konsult/256345", "", "http://maps.google.se/maps?f=q&source=s_q&hl=sv&geocode=&q=Skolgatan+58+B%2c+90329%2c+UME%c3%85%2c+Sweden"
20, "Hyress", "383896", "0270-28 65 47", "Söderhamn", "", "/S%C3%B6derhamn/Hyress/383896", "", "http://maps.google.se/maps?f=q&source=s_q&hl=sv&geocode=&q=V%c3%a4derkvarnsgatan+15%2c+82650%2c+S%c3%96DERHAMN%2c+Sweden"
21, "Hyresvärden AB", "632083", "0371-180 50", "Anderstorp", "http://www.byggskoga.se", "/Anderstorp/Hyresv%C3%A4rden_AB/632083", "mailto:skoga@byggskoga.se", "http://maps.google.se/maps?f=q&source=s_q&hl=sv&geocode=&q=Hantverkargatan+13%2c+33433%2c+ANDERSTORP%2c+Sweden"
22, "Hyresvärlden AB", "2319825", "0950-128 20", "Huddinge", "", "/Huddinge/Hyresv%C3%A4rlden_AB/2319825", "", "http://maps.google.se/maps?f=q&source=s_q&hl=sv&geocode=&q=Borev%c3%a4gen+3%2c+14132%2c+HUDDINGE%2c+Sweden"
23, "Hyrex", "2219515", "018-15 75 00", "Uppsala", "", "/Uppsala/Hyrex/2219515", "", "http://maps.google.se/maps?f=q&source=s_q&hl=sv&geocode=&q=Bergsbrunnagatan+11%2c+75323%2c+UPPSALA%2c+Sweden"
24, "Hyrexperten i Örebro", "2368807", "019-609 00 90", "Lidköping", "http://www.hyrexperten.se", "/Lidk%C3%B6ping/Hyrexperten_i_%C3%96rebro/2368807", "mailto:bokning@hyrexperten.se", "http://maps.google.se/maps?f=q&source=s_q&hl=sv&geocode=&q=Minkv%c3%a4gen+4%2c+53157%2c+LIDK%c3%96PING%2c+Sweden"
25, "Hyrfama AB", "152849", "", "Hörby", "", "/H%C3%B6rby/Hyrfama_AB/152849", "", "http://maps.google.se/maps?f=q&source=s_q&hl=sv&geocode=&q=Margaretagatan+4%2c+24234%2c+H%c3%96RBY%2c+Sweden"
26, "Hyrfast AB", "975968", "0346-404 88", "Falkenberg", "", "/Falkenberg/Hyrfast_AB/975968", "", "http://maps.google.se/maps?f=q&source=s_q&hl=sv&geocode=&q=%c3%85gatan+13+A%2c+31130%2c+FALKENBERG%2c+Sweden"
27, "Hyrforum Norden AB", "182755", "08-767 95 30", "Lidingö", "", "/Liding%C3%B6/Hyrforum_Norden_AB/182755", "", "http://maps.google.se/maps?f=q&source=s_q&hl=sv&geocode=&q=Bj%c3%b6rkv%c3%a4gen+1%2c+18132%2c+LIDING%c3%96%2c+Sweden"
28, "Hyrfrid AB", "2731453", "", "Nacka", "", "/Nacka/Hyrfrid_AB/2731453", "", "http://maps.google.se/maps?f=q&source=s_q&hl=sv&geocode=&q=V%c3%a4rmd%c3%b6v%c3%a4gen+199%2c+13141%2c+NACKA%2c+Sweden"
29, "HyrGlaset - Göteborgs Möbeluthyrning", "1016752", "031-87 00 60", "Mölndal", "", "/M%C3%B6lndal/HyrGlaset___G%C3%B6teborgs_M%C3%B6beluthyrning/1016752", "", "http://maps.google.se/maps?f=q&source=s_q&hl=sv&geocode=&q=F%c3%a4ssberg+V%c3%a4sterg%c3%a5rd%2c+43190%2c+M%c3%96LNDAL%2c+Sweden"
30, "Hyrhöjden AB", "127079", "044-804 04", "Kristianstad", "http://www.hyrhojden.se", "/Kristianstad/Hyrh%C3%B6jden_AB/127079", "mailto:jonas@hyrhojden.se", "http://maps.google.se/maps?f=q&source=s_q&hl=sv&geocode=&q=Telev%c3%a4gen+7%2c+29162%2c+KRISTIANSTAD%2c+Sweden"
31, "Hyrhöjden AB", "212184", "031-776 07 10", "Mölndal", "http://www.hyrhojden.se", "/M%C3%B6lndal/Hyrh%C3%B6jden_AB/212184", "mailto:erik@egbygg.se", "http://maps.google.se/maps?f=q&source=s_q&hl=sv&geocode=&q=Kryptongatan+22%2c+43153%2c+M%c3%96LNDAL%2c+Sweden"
32, "Hyrhöjden AB", "955050", "0451-804 01", "Hässleholm", "http://www.hyrhojden.se", "/H%C3%A4ssleholm/Hyrh%C3%B6jden_AB/955050", "mailto:david@hyrhojden.se", "http://maps.google.se/maps?f=q&source=s_q&hl=sv&geocode=&q=Helsingborgsv%c3%a4gen+8%2c+28149%2c+H%c3%84SSLEHOLM%2c+Sweden"
33, "Hyrhöjden AB", "2357632", "040-630 90 75", "Arlöv", "http://www.hyrhojden.se", "/Arl%C3%B6v/Hyrh%C3%B6jden_AB/2357632", "mailto:erik@egbygg.se", "http://maps.google.se/maps?f=q&source=s_q&hl=sv&geocode=&q=Vassv%c3%a4gen+10%2c+23261%2c+ARL%c3%96V%2c+Sweden"
34, "Hyrhuset", "583440", "046-572 75", "Södra sandby", "", "/S%C3%B6dra_sandby/Hyrhuset/583440", "", "http://maps.google.se/maps?f=q&source=s_q&hl=sv&geocode=&q=Revingev%c3%a4gen+7%2c+24731%2c+S%c3%96DRA+SANDBY%2c+Sweden"
35, "Hyr-In i Ängelholm AB", "1063561", "0431-800 88", "Ängelholm", "http://www.hyrin.se", "/%C3%84ngelholm/Hyr_In_i_%C3%84ngelholm_AB/1063561", "mailto:sami@hyrin.se", "http://maps.google.se/maps?f=q&source=s_q&hl=sv&geocode=&q=Helsingborgsv%c3%a4gen+35%2c+26272%2c+%c3%84NGELHOLM%2c+Sweden"
36, "Hyringa Bil & Maskinverkstad", "662415", "0521-607 610 76", "Trollhättan", "http://www.hyringa.com", "/Trollh%C3%A4ttan/Hyringa_Bil__Maskinverkstad/662415", "mailto:info@hyringa.com", "http://maps.google.se/maps?f=q&source=s_q&hl=sv&geocode=&q=Verkm%c3%a4starev%c3%a4gen+17%2c+46137%2c+TROLLH%c3%84TTAN%2c+Sweden"
37, "Hyringa-Längnum Bredband Ek. För.", "837625", "", "Grästorp", "", "/Gr%C3%A4storp/Hyringa_L%C3%A4ngnum_Bredband_Ek_F%C3%B6r/837625", "", "http://maps.google.se/maps?f=q&source=s_q&hl=sv&geocode=&q=Malma+S%c3%a4teri+102%2c+46795%2c+GR%c3%84STORP%2c+Sweden"
38, "Hyrinvit AB", "375444", "060-12 30 50", "Sundsvall", "", "/Sundsvall/Hyrinvit_AB/375444", "", "http://maps.google.se/maps?f=q&source=s_q&hl=sv&geocode=&q=Norra+V%c3%a4gen+34%2c+85650%2c+SUNDSVALL%2c+Sweden"
39, "Hyrit i Luleå", "347144", "0920-890 90", "Luleå", "", "/Lule%C3%A5/Hyrit_i_Lule%C3%A5/347144", "", "http://maps.google.se/maps?f=q&source=s_q&hl=sv&geocode=&q=Blidv%c3%a4gen+302%2c+97632%2c+LULE%c3%85%2c+Sweden"
40, "Hyritania AB", "192051", "0171-821 66", "Enköping", "", "/Enk%C3%B6ping/Hyritania_AB/192051", "", "http://maps.google.se/maps?f=q&source=s_q&hl=sv&geocode=&q=Veckholms+Pr%c3%a4stg%c3%a5rd%2c+74599%2c+ENK%c3%96PING%2c+Sweden"
41, "Hyrkart, HB", "150017", "0554-407 66", "Kil", "", "/Kil/Hyrkart_HB/150017", "", "http://maps.google.se/maps?f=q&source=s_q&hl=sv&geocode=&q=L%c3%b6kene+R%c3%a5b%c3%a4cken%2c+66591%2c+KIL%2c+Sweden"
42, "Hyrkäs Gerth", "1003810", "0414-321 47", "Hammenhög", "", "/Hammenh%C3%B6g/Hyrk%C3%A4s_Gerth/1003810", "", "http://maps.google.se/maps?f=q&source=s_q&hl=sv&geocode=&q=Salarp+37%2c+27656%2c+HAMMENH%c3%96G%2c+Sweden"
43, "Hyrkäs, Marko", "2299947", "0927-774 74", "Övertorneå", "", "/%C3%96vertorne%C3%A5/Hyrk%C3%A4s_Marko/2299947", "", "http://maps.google.se/maps?f=q&source=s_q&hl=sv&geocode=&q=Granv%c3%a4gen+5%2c+95732%2c+%c3%96VERTORNE%c3%85%2c+Sweden"
44, "Hyrkonsult i Skaraborg AB", "306570", "", "Skövde", "", "/Sk%C3%B6vde/Hyrkonsult_i_Skaraborg_AB/306570", "", "http://maps.google.se/maps?f=q&source=s_q&hl=sv&geocode=&q=Ulv%c3%a5ker+F%c3%a5leberg+1%2c+54191%2c+SK%c3%96VDE%2c+Sweden"
45, "Hyrkonsulter i Vasastan AB", "614729", "08-556 065 91", "Södertälje", "", "/S%C3%B6dert%C3%A4lje/Hyrkonsulter_i_Vasastan_AB/614729", "", "http://maps.google.se/maps?f=q&source=s_q&hl=sv&geocode=&q=Bergviksgatan+28%2c+15250%2c+S%c3%96DERT%c3%84LJE%2c+Sweden"
46, "Hyrkontoret i Sverige AB", "1865503", "020-29 99 00", "Linköping", "", "/Link%C3%B6ping/Hyrkontoret_i_Sverige_AB/1865503", "", "http://maps.google.se/maps?f=q&source=s_q&hl=sv&geocode=&q=S%c3%b6derleden+6+A%2c+58723%2c+LINK%c3%96PING%2c+Sweden"
47, "Hyrköp i Värnamo AB", "2960824", "", "Värnamo", "", "/V%C3%A4rnamo/Hyrk%C3%B6p_i_V%C3%A4rnamo_AB/2960824", "", "http://maps.google.se/maps?f=q&source=s_q&hl=sv&geocode=&q=Malmstensgatan+13%2c+33140%2c+V%c3%84RNAMO%2c+Sweden"
48, "Hyrkraft i Oskarshamn AB", "2888988", "", "Sölvesborg", "", "/S%C3%B6lvesborg/Hyrkraft_i_Oskarshamn_AB/2888988", "", "http://maps.google.se/maps?f=q&source=s_q&hl=sv&geocode=&q=M%c3%b6llarev%c3%a4gen+10%2c+29439%2c+S%c3%96LVESBORG%2c+Sweden"
49, "Hyrlabverktyget Mipal", "964437", "0176-481 25", "Hägersten", "", "/H%C3%A4gersten/Hyrlabverktyget_Mipal/964437", "", "http://maps.google.se/maps?f=q&source=s_q&hl=sv&geocode=&q=Telefonv%c3%a4gen+25%2c+12637%2c+H%c3%84GERSTEN%2c+Sweden"
50, "Hyrlaget i Stockholm AB", "2521115", "", "Bromma", "", "/Bromma/Hyrlaget_i_Stockholm_AB/2521115", "", "http://maps.google.se/maps?f=q&source=s_q&hl=sv&geocode=&q=Arkitektv%c3%a4gen+28%2c+16832%2c+BROMMA%2c+Sweden"
51, "Hyrlagret Väst AB", "2802282", "0510-210 92", "Lidköping", "", "/Lidk%C3%B6ping/Hyrlagret_V%C3%A4st_AB/2802282", "", "http://maps.google.se/maps?f=q&source=s_q&hl=sv&geocode=&q=Lindhagsgatan+3%2c+53140%2c+LIDK%c3%96PING%2c+Sweden"
52, "Hyrlast", "184279", "031-58 80 00", "Hisings backa", "http://www.bilia.se", "/Hisings_backa/Hyrlast/184279", "", "http://maps.google.se/maps?f=q&source=s_q&hl=sv&geocode=&q=Importgatan+22%2c+42246%2c+HISINGS+BACKA%2c+Sweden"
53, "Hyr-Lift AB i Örebro", "972774", "019-16 75 40", "Örebro", "http://www.hyr-lift.se", "/%C3%96rebro/Hyr_Lift_AB_i_%C3%96rebro/972774", "mailto:orebro@hyr-lift.se", "http://maps.google.se/maps?f=q&source=s_q&hl=sv&geocode=&q=Tackj%c3%a4rnsgatan+2%2c+70363%2c+%c3%96REBRO%2c+Sweden"
54, "hyrljud.nu", "859432", "054-202 81 01", "Karlstad", "http://www.hyrljud.nu", "/Karlstad/hyrljudnu/859432", "mailto:info@hyrljud.nu", "http://maps.google.se/maps?f=q&source=s_q&hl=sv&geocode=&q=Kaniken%c3%a4sbanken+8%2c+65226%2c+KARLSTAD%2c+Sweden"
55, "Hyrljudet Sydväst AB", "2406708", "031-788 15 90", "Göteborg", "", "/G%C3%B6teborg/Hyrljudet_Sydv%C3%A4st_AB/2406708", "", "http://maps.google.se/maps?f=q&source=s_q&hl=sv&geocode=&q=Varholmsgatan+2%2c+41474%2c+G%c3%96TEBORG%2c+Sweden"
56, "Hyr-Lund", "503722", "018-13 28 00", "Uppsala", "", "/Uppsala/Hyr_Lund/503722", "", "http://maps.google.se/maps?f=q&source=s_q&hl=sv&geocode=&q=Bj%c3%b6rkgatan+4%2c+75328%2c+UPPSALA%2c+Sweden"
57, "Hyrmac AB", "2038431", "", "Tyresö", "", "/Tyres%C3%B6/Hyrmac_AB/2038431", "", "http://maps.google.se/maps?f=q&source=s_q&hl=sv&geocode=&q=Skrubba+All%c3%a9+24%2c+13559%2c+TYRES%c3%96%2c+Sweden"
58, "Hyrmagasinet i Stenungsund", "837745", "", "Ödsmål", "http://www.hyrmagasinet.se", "/%C3%96dsm%C3%A5l/Hyrmagasinet_i_Stenungsund/837745", "mailto:info@hyrmagasinet.se", "http://maps.google.se/maps?f=q&source=s_q&hl=sv&geocode=&q=J%c3%a4rnbl%c3%a4sten+108%2c+44495%2c+%c3%96DSM%c3%85L%2c+Sweden"
59, "Hyrman", "690329", "0554-162 04", "Kil", "http://www.hyrman.nu", "/Kil/Hyrman/690329", "mailto:info@hyrman.nu", "http://maps.google.se/maps?f=q&source=s_q&hl=sv&geocode=&q=Sj%c3%b6leden+6%2c+66591%2c+KIL%2c+Sweden"
60, "Hyrman HB", "197003", "0372-622 08", "Ljungby", "", "/Ljungby/Hyrman_HB/197003", "", "http://maps.google.se/maps?f=q&source=s_q&hl=sv&geocode=&q=Ekebacksv%c3%a4gen+20%2c+34142%2c+LJUNGBY%2c+Sweden"
61, "Hyrmasen AB", "1883647", "", "Falun", "http://www.hyrmasen.se", "/Falun/Hyrmasen_AB/1883647", "", "http://maps.google.se/maps?f=q&source=s_q&hl=sv&geocode=&q=Mellanv%c3%a4gen+5%2c+79152%2c+FALUN%2c+Sweden"
62, "Hyrmaskiner Bo Zenk AB", "718465", "0155-26 90 30", "Nyköping", "http://www.hyrmaskinerbozenk.se", "/Nyk%C3%B6ping/Hyrmaskiner_Bo_Zenk_AB/718465", "mailto:mats.lindgren@hyrmaskinerbozenk.se", "http://maps.google.se/maps?f=q&source=s_q&hl=sv&geocode=&q=Blommenhovsv%c3%a4gen+22%2c+61139%2c+NYK%c3%96PING%2c+Sweden"
63, "Hyrmaskiner i Ängelholm AB", "2820970", "0431-41 60 60", "Ängelholm", "", "/%C3%84ngelholm/Hyrmaskiner_i_%C3%84ngelholm_AB/2820970", "", "http://maps.google.se/maps?f=q&source=s_q&hl=sv&geocode=&q=Metallgatan+6%2c+26272%2c+%c3%84NGELHOLM%2c+Sweden"
64, "Hyrmaskiner i Borlänge HB", "1983033", "", "Gustafs", "http://www.hyrminigravare.com", "/Gustafs/Hyrmaskiner_i_Borl%C3%A4nge_HB/1983033", "mailto:info@hyrminigravare.com", "http://maps.google.se/maps?f=q&source=s_q&hl=sv&geocode=&q=Violv%c3%a4gen+3%2c+78350%2c+GUSTAFS%2c+Sweden"
65, "Hyrmaskiner i Falun Aktiebolag", "2183718", "023-167 00", "Borlänge", "http://www.ramirent.se", "/Borl%C3%A4nge/Hyrmaskiner_i_Falun_Aktiebolag/2183718", "mailto:kund.borlange@ramirent.se", "http://maps.google.se/maps?f=q&source=s_q&hl=sv&geocode=&q=Hantverkargatan+16%2c+78171%2c+BORL%c3%84NGE%2c+Sweden"
66, "Hyrmaskiner i Gävle AB", "272403", "026-66 45 00", "Gävle", "http://www.ramirent.se", "/G%C3%A4vle/Hyrmaskiner_i_G%C3%A4vle_AB/272403", "mailto:kund.gavle@ramirent.se", "http://maps.google.se/maps?f=q&source=s_q&hl=sv&geocode=&q=Str%c3%b6mmav%c3%a4gen+1%2c+80309%2c+G%c3%84VLE%2c+Sweden"
67, "Hyrmaskiner i Sjöbo AB", "2848717", "", "Sjöbo", "", "/Sj%C3%B6bo/Hyrmaskiner_i_Sj%C3%B6bo_AB/2848717", "", "http://maps.google.se/maps?f=q&source=s_q&hl=sv&geocode=&q=S%c3%b6dergatan+11%2c+27531%2c+SJ%c3%96BO%2c+Sweden"
68, "Hyrmaskiner i Värmland AB", "703335", "0570-188 00", "Arvika", "http://www.hyrcity.eu", "/Arvika/Hyrmaskiner_i_V%C3%A4rmland_AB/703335", "mailto:jonas.aslund@hyrmaskiner.eu", "http://maps.google.se/maps?f=q&source=s_q&hl=sv&geocode=&q=Maskingr%c3%a4nd+1%2c+67141%2c+ARVIKA%2c+Sweden"
69, "Hyrmaskiner i Värmland Holding AB", "2844057", "0570-188 00", "Arvika", "", "/Arvika/Hyrmaskiner_i_V%C3%A4rmland_Holding_AB/2844057", "", "http://maps.google.se/maps?f=q&source=s_q&hl=sv&geocode=&q=Maskingr%c3%a4nd+1%2c+67141%2c+ARVIKA%2c+Sweden"
70, "Hyrmaskiner Lindesberg", "1030262", "0581-64 64 89", "Lindesberg", "http://www.hyrmaskin.com", "/Lindesberg/Hyrmaskiner_Lindesberg/1030262", "mailto:info@hyrmaskin.com", "http://maps.google.se/maps?f=q&source=s_q&hl=sv&geocode=&q=Stadsskogsv%c3%a4gen+5%2c+71134%2c+LINDESBERG%2c+Sweden"
71, "Hyrmaskiner, Per-Erik Häggström", "134425", "0923-774 50", "Kalix", "", "/Kalix/Hyrmaskiner_Per_Erik_H%C3%A4ggstr%C3%B6m/134425", "", "http://maps.google.se/maps?f=q&source=s_q&hl=sv&geocode=&q=Villav%c3%a4gen+1%2c+95261%2c+KALIX%2c+Sweden"
72, "Hyrmax Svenska AB", "992576", "0771-11 11 11", "Mölndal", "", "/M%C3%B6lndal/Hyrmax_Svenska_AB/992576", "", "http://maps.google.se/maps?f=q&source=s_q&hl=sv&geocode=&q=Fl%c3%b6jelbergsgatan+8%2c+43137%2c+M%c3%96LNDAL%2c+Sweden"
73, "Hyrmec Fastighets AB", "941036", "0346-105 63", "Stockholm", "", "/Stockholm/Hyrmec_Fastighets_AB/941036", "", "http://maps.google.se/maps?f=q&source=s_q&hl=sv&geocode=&q=Sandhamnsgatan+29%2c+11528%2c+STOCKHOLM%2c+Sweden"
74, "Hyrmek i Värmland AB", "2820712", "", "Karlstad", "", "/Karlstad/Hyrmek_i_V%C3%A4rmland_AB/2820712", "", "http://maps.google.se/maps?f=q&source=s_q&hl=sv&geocode=&q=Bromsgatan+12%2c+65341%2c+KARLSTAD%2c+Sweden"
75, "Hyrminigrävare i Gagnef AB", "2621227", "", "Sifferbo", "", "/Sifferbo/Hyrminigr%C3%A4vare_i_Gagnef_AB/2621227", "", "http://maps.google.se/maps?f=q&source=s_q&hl=sv&geocode=&q=Myrgattu+7%2c+78563%2c+SIFFERBO%2c+Sweden"
76, "Hyrmodul i Sverige AB", "1362363", "0418-41 13 11", "Landskrona", "", "/Landskrona/Hyrmodul_i_Sverige_AB/1362363", "", "http://maps.google.se/maps?f=q&source=s_q&hl=sv&geocode=&q=Sm%c3%b6rh%c3%a5lan+10%2c+26191%2c+LANDSKRONA%2c+Sweden"
77, "Hyro AB", "2868849", "", "Sundsvall", "", "/Sundsvall/Hyro_AB/2868849", "", "http://maps.google.se/maps?f=q&source=s_q&hl=sv&geocode=&q=%c3%96rnsk%c3%b6ldsall%c3%a9n+8%2c+85237%2c+SUNDSVALL%2c+Sweden"
78, "Hyrpartner i Stockholm", "838966", "", "Älta", "", "/%C3%84lta/Hyrpartner_i_Stockholm/838966", "", "http://maps.google.se/maps?f=q&source=s_q&hl=sv&geocode=&q=F%c3%b6rr%c3%a5dsv%c3%a4gen+4%2c+13840%2c+%c3%84LTA%2c+Sweden"
79, "Hyr-Partner Maskin", "442388", "0498-27 83 24", "Visby", "", "/Visby/Hyr_Partner_Maskin/442388", "", "http://maps.google.se/maps?f=q&source=s_q&hl=sv&geocode=&q=Hallandsgatan+1%2c+62149%2c+VISBY%2c+Sweden"
80, "Hyrpartner på Tjörn AB", "2558913", "0304-67 84 42", "Kållekärr", "", "/K%C3%A5llek%C3%A4rr/Hyrpartner_p%C3%A5_Tj%C3%B6rn_AB/2558913", "", "http://maps.google.se/maps?f=q&source=s_q&hl=sv&geocode=&q=Vallhamns+Industriby+1%2c+47193%2c+K%c3%85LLEK%c3%84RR%2c+Sweden"
81, "Hyrplats.se", "1828250", "", "Sundsvall", "", "/Sundsvall/Hyrplatsse/1828250", "", "http://maps.google.se/maps?f=q&source=s_q&hl=sv&geocode=&q=Thulegatan+24%2c+85236%2c+SUNDSVALL%2c+Sweden"
82, "Hyrpoolen Maskinuthyrning i Nacka", "870757", "08-716 01 60", "Nacka", "http://www.hyrpoolen.se", "/Nacka/Hyrpoolen_Maskinuthyrning_i_Nacka/870757", "mailto:hyr@hyrpoolennacka.se", "http://maps.google.se/maps?f=q&source=s_q&hl=sv&geocode=&q=Ektorpsv%c3%a4gen+26%2c+13147%2c+NACKA%2c+Sweden"
83, "Hyrpoolen Per Cronqvist AB", "1935113", "", "Göteborg", "", "/G%C3%B6teborg/Hyrpoolen_Per_Cronqvist_AB/1935113", "", "http://maps.google.se/maps?f=q&source=s_q&hl=sv&geocode=&q=Sveagatan+27%2c+41314%2c+G%c3%96TEBORG%2c+Sweden"
84, "Hyrporslin i Billdal", "100740", "031-91 12 00", "Billdal", "", "/Billdal/Hyrporslin_i_Billdal/100740", "", "http://maps.google.se/maps?f=q&source=s_q&hl=sv&geocode=&q=Uggledalsv%c3%a4gen+15%2c+42740%2c+BILLDAL%2c+Sweden"
85, "Hyrpunkten i Nacka AB", "2866067", "", "Saltsjö-boo", "", "/Saltsj%C3%B6_boo/Hyrpunkten_i_Nacka_AB/2866067", "", "http://maps.google.se/maps?f=q&source=s_q&hl=sv&geocode=&q=Stenhuggarv%c3%a4gen+2+Q%2c+13238%2c+SALTSJ%c3%96-BOO%2c+Sweden"
86, "Hyrrekrytering i Sverige AB", "2356163", "013-21 44 55", "Linköping", "", "/Link%C3%B6ping/Hyrrekrytering_i_Sverige_AB/2356163", "", "http://maps.google.se/maps?f=q&source=s_q&hl=sv&geocode=&q=Konsistoriegatan+10+C%2c+58234%2c+LINK%c3%96PING%2c+Sweden"
87, "Hyrscen", "626908", "046-25 70 28", "Staffanstorp", "http://www.partajservice.se", "/Staffanstorp/Hyrscen/626908", "mailto:info@partajservice.se", "http://maps.google.se/maps?f=q&source=s_q&hl=sv&geocode=&q=Smidesv%c3%a4gen+7%2c+24534%2c+STAFFANSTORP%2c+Sweden"
88, "Hyrse AB", "105248", "0980-831 15", "Kiruna", "http://www.hyrse.se", "/Kiruna/Hyrse_AB/105248", "mailto:butik.kra@hyrse.se", "http://maps.google.se/maps?f=q&source=s_q&hl=sv&geocode=&q=St%c3%a4llverksv%c3%a4gen+12%2c+98138%2c+KIRUNA%2c+Sweden"
89, "Hyrse AB / HLL Hyreslandslaget", "622426", "0970-130 25", "Gällivare", "http://www.hyrse.se", "/G%C3%A4llivare/Hyrse_AB___HLL_Hyreslandslaget/622426", "mailto:butik.gve@hyrse.se", "http://maps.google.se/maps?f=q&source=s_q&hl=sv&geocode=&q=Energiplan+1%2c+98238%2c+G%c3%84LLIVARE%2c+Sweden"
90, "Hyrsenior", "1904412", "", "Järfälla", "http://www.hyrsenior.se", "/J%C3%A4rf%C3%A4lla/Hyrsenior/1904412", "mailto:info@hyrsenior.se", "http://maps.google.se/maps?f=q&source=s_q&hl=sv&geocode=&q=Knektv%c3%a4gen+22%2c+17675%2c+J%c3%84RF%c3%84LLA%2c+Sweden"
91, "Hyrservice", "161812", "0550-153 60", "Kristinehamn", "", "/Kristinehamn/Hyrservice/161812", "mailto:bjorn.falk@spray.se", "http://maps.google.se/maps?f=q&source=s_q&hl=sv&geocode=&q=Mariebergsv%c3%a4gen+7+B%2c+68137%2c+KRISTINEHAMN%2c+Sweden"
92, "Hyrservice AB", "912052", "", "Lund", "", "/Lund/Hyrservice_AB/912052", "", "http://maps.google.se/maps?f=q&source=s_q&hl=sv&geocode=&q=Kloster%c3%a4ngsv%c3%a4gen+1%2c+22647%2c+LUND%2c+Sweden"
93, "Hyrservice i Eslöv AB", "2708401", "0413-609 60", "Eslöv", "http://www.cramo.se", "/Esl%C3%B6v/Hyrservice_i_Esl%C3%B6v_AB/2708401", "mailto:kjell.larsson@cramo.com", "http://maps.google.se/maps?f=q&source=s_q&hl=sv&geocode=&q=Bruksgatan+1%2c+24139%2c+ESL%c3%96V%2c+Sweden"
94, "Hyr-Service i Kungälv", "168492", "0303-150 60", "Kungälv", "", "/Kung%C3%A4lv/Hyr_Service_i_Kung%C3%A4lv/168492", "", "http://maps.google.se/maps?f=q&source=s_q&hl=sv&geocode=&q=Filaregatan+9%2c+44234%2c+KUNG%c3%84LV%2c+Sweden"
95, "HyrSjal.se", "1809831", "0171-931 74", "Hägersten", "", "/H%C3%A4gersten/HyrSjalse/1809831", "", "http://maps.google.se/maps?f=q&source=s_q&hl=sv&geocode=&q=Terr%c3%a4ngv%c3%a4gen+87%2c+12948%2c+H%c3%84GERSTEN%2c+Sweden"
96, "Hyrskidan Skidor & Skiduthyrning", "574156", "0647-305 00", "Undersåker", "http://www.hyrskidan.com", "/Unders%C3%A5ker/Hyrskidan_Skidor__Skiduthyrning/574156", "mailto:info@hyrskidan.com", "http://maps.google.se/maps?f=q&source=s_q&hl=sv&geocode=&q=Fj%c3%a4llfararv%c3%a4gen+10%2c+83010%2c+UNDERS%c3%85KER%2c+Sweden"
97, "Hyrskolor i Vårgårda AB", "445919", "", "Alingsås", "", "/Alings%C3%A5s/Hyrskolor_i_V%C3%A5rg%C3%A5rda_AB/445919", "", "http://maps.google.se/maps?f=q&source=s_q&hl=sv&geocode=&q=Enehagsgatan+246%2c+44157%2c+ALINGS%c3%85S%2c+Sweden"
98, "Hyrskylahti, Anette Kristina", "2664692", "060-890 00 38", "Sundsvall", "", "/Sundsvall/Hyrskylahti_Anette_Kristina/2664692", "", "http://maps.google.se/maps?f=q&source=s_q&hl=sv&geocode=&q=Hov+152%2c+85590%2c+SUNDSVALL%2c+Sweden"
99, "Hyrsläp Kiruna", "1975780", "", "Kiruna", "", "/Kiruna/Hyrsl%C3%A4p_Kiruna/1975780", "", "http://maps.google.se/maps?f=q&source=s_q&hl=sv&geocode=&q=Frostv%c3%a4gen+5%2c+98137%2c+KIRUNA%2c+Sweden"
100, "HYR-SOLARIET väst", "412139", "0522-820 94", "Uddevalla", "", "/Uddevalla/HYR_SOLARIET_v%C3%A4st/412139", "", "http://maps.google.se/maps?f=q&source=s_q&hl=sv&geocode=&q=V%c3%a4stra+Skepphammersv%c3%a4gen+21%2c+45198%2c+UDDEVALLA%2c+Sweden"
101, "Hyrspecialisten Mälardalen AB", "2769097", "019-58 15 00", "Arboga", "", "/Arboga/Hyrspecialisten_M%C3%A4lardalen_AB/2769097", "", "http://maps.google.se/maps?f=q&source=s_q&hl=sv&geocode=&q=Furuskallen+Gran%c3%b6n+266%2c+73298%2c+ARBOGA%2c+Sweden"
102, "Hyrspel i Mark", "2235643", "0320-332 66", "Skene", "", "/Skene/Hyrspel_i_Mark/2235643", "", "http://maps.google.se/maps?f=q&source=s_q&hl=sv&geocode=&q=Backa+Ringgata+41%2c+51163%2c+SKENE%2c+Sweden"
103, "Hyrspel i Mark", "2991770", "0320-332 66", "Skene", "", "/Skene/Hyrspel_i_Mark/2991770", "", "http://maps.google.se/maps?f=q&source=s_q&hl=sv&geocode=&q=Backa+Ringgata+41%2c+51163%2c+SKENE%2c+Sweden"
104, "Hyrställningar i Nyköping AB", "572016", "0155-982 57", "Nyköping", "http://www.hyrstallningar.net", "/Nyk%C3%B6ping/Hyrst%C3%A4llningar_i_Nyk%C3%B6ping_AB/572016", "mailto:oskar@hyrstallningar.net", "http://maps.google.se/maps?f=q&source=s_q&hl=sv&geocode=&q=F%c3%b6retagsv%c3%a4gen+14%2c+61145%2c+NYK%c3%96PING%2c+Sweden"
105, "Hyrstol Åsa Lövgren", "2370239", "054-21 29 55", "Karlstad", "", "/Karlstad/Hyrstol_%C3%85sa_L%C3%B6vgren/2370239", "", "http://maps.google.se/maps?f=q&source=s_q&hl=sv&geocode=&q=V%c3%a5xn%c3%a4sgatan+1%2c+65340%2c+KARLSTAD%2c+Sweden"
106, "HYRTAB i Halmstad AB", "714627", "035-10 08 10", "Halmstad", "http://www.hyrtab.se", "/Halmstad/HYRTAB_i_Halmstad_AB/714627", "mailto:fredrik@hyrtab.se", "http://maps.google.se/maps?f=q&source=s_q&hl=sv&geocode=&q=Andersbergsringen+106%2c+30255%2c+HALMSTAD%2c+Sweden"
107, "Hyrtält i Väst", "814004", "", "Göteborg", "", "/G%C3%B6teborg/Hyrt%C3%A4lt_i_V%C3%A4st/814004", "mailto:info@hyrtaltivast.se", "http://maps.google.se/maps?f=q&source=s_q&hl=sv&geocode=&q=Stockholmsgatan+40+T%2c+41669%2c+G%c3%96TEBORG%2c+Sweden"
108, "Hyrtältet", "850678", "021-18 55 60", "Uppsala", "http://www.hyrtaltet.se", "/Uppsala/Hyrt%C3%A4ltet/850678", "mailto:info@hyrtaltet.se", "http://maps.google.se/maps?f=q&source=s_q&hl=sv&geocode=&q=Fyrisvallsgatan+26%2c+75228%2c+UPPSALA%2c+Sweden"
109, "Hyrtema i Linköping AB", "3010661", "", "Linköping", "", "/Link%C3%B6ping/Hyrtema_i_Link%C3%B6ping_AB/3010661", "", "http://maps.google.se/maps?f=q&source=s_q&hl=sv&geocode=&q=Box+1408%2c+58114%2c+LINK%c3%96PING%2c+Sweden"
110, "Hyr-Teve i Örebro", "552640", "019-22 65 78", "Örebro", "", "/%C3%96rebro/Hyr_Teve_i_%C3%96rebro/552640", "", "http://maps.google.se/maps?f=q&source=s_q&hl=sv&geocode=&q=Vetev%c3%a4gen+20%2c+70376%2c+%c3%96REBRO%2c+Sweden"
111, "HYRTJÄNST i Falköping AB", "871532", "0515-800 60", "Falköping", "http://www.hyrtjanstfalkoping.se", "/Falk%C3%B6ping/HYRTJ%C3%84NST_i_Falk%C3%B6ping_AB/871532", "mailto:info@hyrtjanstfalkoping.se", "http://maps.google.se/maps?f=q&source=s_q&hl=sv&geocode=&q=Nordmannagatan+1%2c+52136%2c+FALK%c3%96PING%2c+Sweden"
112, "Hyrtjänst i Linköping AB", "332560", "013-14 01 00", "Linköping", "http://www.hyrtjanst.se", "/Link%C3%B6ping/Hyrtj%C3%A4nst_i_Link%C3%B6ping_AB/332560", "mailto:info@hyrtjanst.se", "http://maps.google.se/maps?f=q&source=s_q&hl=sv&geocode=&q=Curmansgatan+1%2c+58252%2c+LINK%c3%96PING%2c+Sweden"
113, "Hyrtoaletten", "556600", "016-256 22", "Skogstorp", "http://www.hyrtoaletten.se", "/Skogstorp/Hyrtoaletten/556600", "mailto:info@niluprodukter.se", "http://maps.google.se/maps?f=q&source=s_q&hl=sv&geocode=&q=Anells+V%c3%a4g+7%2c+63369%2c+SKOGSTORP%2c+Sweden"
114, "Hyrtoaletten", "696229", "0417-232 20", "Sankt olof", "http://www.hyrtoaletten.se", "/Sankt_olof/Hyrtoaletten/696229", "mailto:kontakt@akeshill.com", "http://maps.google.se/maps?f=q&source=s_q&hl=sv&geocode=&q=Tunby+3414%2c+27745%2c+SANKT+OLOF%2c+Sweden"
115, "Hyrtoaletten", "802046", "0417-232 20", "Sankt olof", "http://www.hyrtoaletten.se", "/Sankt_olof/Hyrtoaletten/802046", "mailto:kontakt@akeshill.com", "http://maps.google.se/maps?f=q&source=s_q&hl=sv&geocode=&q=Tunby+3414%2c+27745%2c+SANKT+OLOF%2c+Sweden"
116, "HYRTOALETTEN Kronis Alltjänst", "689090", "035-641 90", "Eldsberga", "", "/Eldsberga/HYRTOALETTEN_Kronis_Alltj%C3%A4nst/689090", "", "http://maps.google.se/maps?f=q&source=s_q&hl=sv&geocode=&q=Jonstorp+Ekelund+713%2c+30597%2c+ELDSBERGA%2c+Sweden"
117, "Hyrtoaletten Norden AB", "2625683", "031-70 60 67", "Mölndal", "", "/M%C3%B6lndal/Hyrtoaletten_Norden_AB/2625683", "", "http://maps.google.se/maps?f=q&source=s_q&hl=sv&geocode=&q=M%c3%b6belgatan+3%2c+43133%2c+M%c3%96LNDAL%2c+Sweden"
118, "Hyrtoaletten Sverige AB", "224198", "031-706 06 07", "Mölndal", "http://www.hyrtoaletten.se", "/M%C3%B6lndal/Hyrtoaletten_Sverige_AB/224198", "mailto:info@hyrtoaletten.se", "http://maps.google.se/maps?f=q&source=s_q&hl=sv&geocode=&q=M%c3%b6belgatan+3%2c+43133%2c+M%c3%96LNDAL%2c+Sweden"
119, "Hyrtorkar i Sverige AB", "404420", "08-770 15 00", "Tyresö", "", "/Tyres%C3%B6/Hyrtorkar_i_Sverige_AB/404420", "", "http://maps.google.se/maps?f=q&source=s_q&hl=sv&geocode=&q=Vallv%c3%a4gen+19%2c+13567%2c+TYRES%c3%96%2c+Sweden"
120, "Hyrtruckar Service AB", "2239813", "08-18 18 60", "Hägersten", "", "/H%C3%A4gersten/Hyrtruckar_Service_AB/2239813", "", "http://maps.google.se/maps?f=q&source=s_q&hl=sv&geocode=&q=V%c3%a4stberga+All%c3%a9+50%2c+12630%2c+H%c3%84GERSTEN%2c+Sweden"
121, "Hyrtunnan.se", "566608", "", "Arvika", "http://www.hyrtunnan.se", "/Arvika/Hyrtunnanse/566608", "mailto:info@hyrtunnan.se", "http://maps.google.se/maps?f=q&source=s_q&hl=sv&geocode=&q=Solviksv%c3%a4gen+45%2c+67133%2c+ARVIKA%2c+Sweden"
122, "Hyrut Syd AB", "2317984", "", "Skurup", "", "/Skurup/Hyrut_Syd_AB/2317984", "", "http://maps.google.se/maps?f=q&source=s_q&hl=sv&geocode=&q=Norra+Industrigatan+7%2c+27430%2c+SKURUP%2c+Sweden"
123, "Hyrutnu Sverige KB", "520122", "031-93 64 80", "Särö", "", "/S%C3%A4r%C3%B6/Hyrutnu_Sverige_KB/520122", "mailto:motivationsutveckling@swipnet.se", "http://maps.google.se/maps?f=q&source=s_q&hl=sv&geocode=&q=Gihlsrov%c3%a4gen+5%2c+42942%2c+S%c3%84R%c3%96%2c+Sweden"
124, "Hyrvagnar i Nyköping KB", "2299213", "0155-21 90 50", "Nyköping", "", "/Nyk%C3%B6ping/Hyrvagnar_i_Nyk%C3%B6ping_KB/2299213", "mailto:info@hyrvagnar.se", "http://maps.google.se/maps?f=q&source=s_q&hl=sv&geocode=&q=Bagaregatan+38+E%2c+61131%2c+NYK%c3%96PING%2c+Sweden"
125, "Hyrvall Marinshop Alice Håkansson", "291092", "", "Sexdrega", "", "/Sexdrega/Hyrvall_Marinshop_Alice_H%C3%A5kansson/291092", "", "http://maps.google.se/maps?f=q&source=s_q&hl=sv&geocode=&q=Strandv%c3%a4gen+9%2c+51291%2c+SEXDREGA%2c+Sweden"
126, "Hyrvall, Håkan", "725024", "", "Tranemo", "", "/Tranemo/Hyrvall_H%C3%A5kan/725024", "", "http://maps.google.se/maps?f=q&source=s_q&hl=sv&geocode=&q=Dalen%2c+51491%2c+TRANEMO%2c+Sweden"
127, "Hyrverket Entreprenad & Fastigheter i Sydost AB", "868564", "0455-260 30", "Lyckeby", "", "/Lyckeby/Hyrverket_Entreprenad__Fastigheter_i_Sydost_AB/868564", "", "http://maps.google.se/maps?f=q&source=s_q&hl=sv&geocode=&q=Norra+Backen+25%2c+37165%2c+LYCKEBY%2c+Sweden"
128, "Hyrverket Järbo AB", "2395344", "0290-700 77", "Järbo", "", "/J%C3%A4rbo/Hyrverket_J%C3%A4rbo_AB/2395344", "", "http://maps.google.se/maps?f=q&source=s_q&hl=sv&geocode=&q=Tallmov%c3%a4gen+1%2c+81170%2c+J%c3%84RBO%2c+Sweden"
129, "Hyrvetro AB", "381456", "040-689 35 90", "Ystad", "", "/Ystad/Hyrvetro_AB/381456", "", "http://maps.google.se/maps?f=q&source=s_q&hl=sv&geocode=&q=Hagagatan+12%2c+27132%2c+YSTAD%2c+Sweden"
130, "Hyrvetro AB", "2181506", "040-18 47 05", "Malmö", "", "/Malm%C3%B6/Hyrvetro_AB/2181506", "", "http://maps.google.se/maps?f=q&source=s_q&hl=sv&geocode=&q=Rudbecksgatan+121%2c+21620%2c+MALM%c3%96%2c+Sweden"
131, "Hyrvetro AB", "2990382", "040-689 35 90", "Malmö", "", "/Malm%C3%B6/Hyrvetro_AB/2990382", "", "http://maps.google.se/maps?f=q&source=s_q&hl=sv&geocode=&q=Rudbecksgatan+121%2c+21620%2c+MALM%c3%96%2c+Sweden"
132, "Hyrzonen AB", "2524271", "", "Stenungsund", "", "/Stenungsund/Hyrzonen_AB/2524271", "", "http://maps.google.se/maps?f=q&source=s_q&hl=sv&geocode=&q=Frostfj%c3%a4rilv%c3%a4gen+2%2c+44446%2c+STENUNGSUND%2c+Sweden"
133, "Hysa Ek. För.", "400207", "0156-202 15", "Trosa", "", "/Trosa/Hysa_Ek_F%C3%B6r/400207", "", "http://maps.google.se/maps?f=q&source=s_q&hl=sv&geocode=&q=Box+1035%2c+61923%2c+TROSA%2c+Sweden"
134, "Hysab AB", "659350", "0454-873 58", "Karlshamn", "http://www.hysab.se", "/Karlshamn/Hysab_AB/659350", "", "http://maps.google.se/maps?f=q&source=s_q&hl=sv&geocode=&q=Vinkelgatan+15+A%2c+37438%2c+KARLSHAMN%2c+Sweden"
135, "Hysab Transport AB", "614032", "", "Sundbyberg", "", "/Sundbyberg/Hysab_Transport_AB/614032", "", "http://maps.google.se/maps?f=q&source=s_q&hl=sv&geocode=&q=R%c3%a5stensgatan+16%2c+17270%2c+SUNDBYBERG%2c+Sweden"
136, "Hysing Medicinkonsult AB", "781947", "0225-514 56", "Säter", "", "/S%C3%A4ter/Hysing_Medicinkonsult_AB/781947", "", "http://maps.google.se/maps?f=q&source=s_q&hl=sv&geocode=&q=Sturegatan+1%2c+78330%2c+S%c3%84TER%2c+Sweden"
137, "Hysingsviks Bygg & Förvaltning AB", "850817", "0176-190 06", "Norrtälje", "http://www.hysingsviksbygg.se", "/Norrt%C3%A4lje/Hysingsviks_Bygg__F%C3%B6rvaltning_AB/850817", "mailto:hysingsviksbygg@hotmail.com", "http://maps.google.se/maps?f=q&source=s_q&hl=sv&geocode=&q=Hysingsvik+6232%2c+Brygga+6232%2c+76193%2c+NORRT%c3%84LJE%2c+Sweden"
138, "Hyss AB", "849758", "", "Nässjö", "", "/N%C3%A4ssj%C3%B6/Hyss_AB/849758", "", "http://maps.google.se/maps?f=q&source=s_q&hl=sv&geocode=&q=Telegatan+3+E%2c+57138%2c+N%c3%84SSJ%c3%96%2c+Sweden"
139, "Hyssna Bensinstation AB", "853419", "0320-390 59", "Askim", "", "/Askim/Hyssna_Bensinstation_AB/853419", "", "http://maps.google.se/maps?f=q&source=s_q&hl=sv&geocode=&q=Flyttblocksv%c3%a4gen+2%2c+43640%2c+ASKIM%2c+Sweden"
140, "Hyssna Bil & Traktor", "556609", "0320-394 61", "Sätila", "", "/S%C3%A4tila/Hyssna_Bil__Traktor/556609", "mailto:hyssnabil.traktor@telia.com", "http://maps.google.se/maps?f=q&source=s_q&hl=sv&geocode=&q=Ramdalsv%c3%a4gen+10+F%2c+1+TR%2c+51169%2c+S%c3%84TILA%2c+Sweden"
141, "Hyssna Elteknik AB", "2629794", "", "Hyssna", "", "/Hyssna/Hyssna_Elteknik_AB/2629794", "", "http://maps.google.se/maps?f=q&source=s_q&hl=sv&geocode=&q=Melltorpsv%c3%a4gen+1+B%2c+51168%2c+HYSSNA%2c+Sweden"
142, "Hyssna Församling", "1598410", "0320-395 63", "Hyssna", "http://www.satilapastorat.se", "/Hyssna/Hyssna_F%C3%B6rsamling/1598410", "", "http://maps.google.se/maps?f=q&source=s_q&hl=sv&geocode=&q=H%c3%a5lsj%c3%b6v%c3%a4gen+5%2c+51168%2c+HYSSNA%2c+Sweden"
143, "Hyssna Församling", "2292989", "0320-391 44", "Sätila", "", "/S%C3%A4tila/Hyssna_F%C3%B6rsamling/2292989", "", "http://maps.google.se/maps?f=q&source=s_q&hl=sv&geocode=&q=Kyrkstallsv%c3%a4gen+2%2c+51169%2c+S%c3%84TILA%2c+Sweden"
144, "Hyssna förskola", "2201464", "0320-393 42", "Hyssna", "", "/Hyssna/Hyssna_f%C3%B6rskola/2201464", "", "http://maps.google.se/maps?f=q&source=s_q&hl=sv&geocode=&q=Lock%c3%b6v%c3%a4gen+5%2c+51168%2c+HYSSNA%2c+Sweden"
145, "Hyssna Hus & Byggmaterial", "1198879", "0301-433 53", "Hällingsjö", "", "/H%C3%A4llingsj%C3%B6/Hyssna_Hus__Byggmaterial/1198879", "", "http://maps.google.se/maps?f=q&source=s_q&hl=sv&geocode=&q=J%c3%a4gm%c3%a4starv%c3%a4gen+46%2c+43895%2c+H%c3%84LLINGSJ%c3%96%2c+Sweden"
146, "Hyssna Idrottsförening", "108301", "0320-398 19", "Hyssna", "", "/Hyssna/Hyssna_Idrottsf%C3%B6rening/108301", "", "http://maps.google.se/maps?f=q&source=s_q&hl=sv&geocode=&q=H%c3%a5lsj%c3%b6v%c3%a4gen+31%2c+51168%2c+HYSSNA%2c+Sweden"
147, "Hyssna Lådfabrik", "202303", "0320-920 12", "Skene", "", "/Skene/Hyssna_L%C3%A5dfabrik/202303", "", "http://maps.google.se/maps?f=q&source=s_q&hl=sv&geocode=&q=Lind%c3%a4ngsgatan+8%2c+51161%2c+SKENE%2c+Sweden"
148, "Hyssna Mack & Livs AB", "2800110", "0320-390 59", "Hyssna", "", "/Hyssna/Hyssna_Mack__Livs_AB/2800110", "", "http://maps.google.se/maps?f=q&source=s_q&hl=sv&geocode=&q=G%c3%b6teborgsv%c3%a4gen+116%2c+51168%2c+HYSSNA%2c+Sweden"
149, "Hyssna Markservice AB", "800476", "", "Hyssna", "", "/Hyssna/Hyssna_Markservice_AB/800476", "", "http://maps.google.se/maps?f=q&source=s_q&hl=sv&geocode=&q=Granh%c3%a4llv%c3%a4gen+9%2c+51168%2c+HYSSNA%2c+Sweden"
150, "Hyssna Measuring Equipment AB", "622571", "0320-398 60", "Hyssna", "", "/Hyssna/Hyssna_Measuring_Equipment_AB/622571", "", "http://maps.google.se/maps?f=q&source=s_q&hl=sv&geocode=&q=Bonared+Str%c3%b6mkulla%2c+51198%2c+HYSSNA%2c+Sweden"
151, "Hyssna Möbelrenovering", "852821", "0320-921 90", "Hyssna", "http://www.hyssnamobelrenovering.dinstudio.se", "/Hyssna/Hyssna_M%C3%B6belrenovering/852821", "mailto:em.bertilsson@telia.com", "http://maps.google.se/maps?f=q&source=s_q&hl=sv&geocode=&q=Sk%c3%a4mningared+3%2c+51198%2c+HYSSNA%2c+Sweden"
152, "Hyssna Mureri", "1034843", "", "Hyssna", "http://www.hyssnamureri.se", "/Hyssna/Hyssna_Mureri/1034843", "mailto:hyssnamureri@telia.com", "http://maps.google.se/maps?f=q&source=s_q&hl=sv&geocode=&q=Bonared+Stenvalla%2c+51198%2c+HYSSNA%2c+Sweden"
153, "Hyssna Plåtslageri", "852793", "", "Seglora", "", "/Seglora/Hyssna_Pl%C3%A5tslageri/852793", "mailto:hyssna.platslageri@telia.com", "http://maps.google.se/maps?f=q&source=s_q&hl=sv&geocode=&q=Tomta+Annorlunda%2c+51593%2c+SEGLORA%2c+Sweden"
154, "Hyssna Solvärme AB", "2295333", "", "Hyssna", "", "/Hyssna/Hyssna_Solv%C3%A4rme_AB/2295333", "", "http://maps.google.se/maps?f=q&source=s_q&hl=sv&geocode=&q=Bollebygdsv%c3%a4gen+1%2c+51168%2c+HYSSNA%2c+Sweden"
155, "Hyssna Träteknik AB", "2184938", "0320-394 20", "Hyssna", "http://www.hyssnabad.se", "/Hyssna/Hyssna_Tr%C3%A4teknik_AB/2184938", "mailto:bertil@hyssnatrateknik.se", "http://maps.google.se/maps?f=q&source=s_q&hl=sv&geocode=&q=Bonared+Varg%c3%a5ker+3%2c+51198%2c+HYSSNA%2c+Sweden"
156, "Hyssna Vind AB", "1814251", "", "Hyssna", "", "/Hyssna/Hyssna_Vind_AB/1814251", "", "http://maps.google.se/maps?f=q&source=s_q&hl=sv&geocode=&q=H%c3%b6k%c3%a5s+Lilla%2c+51198%2c+HYSSNA%2c+Sweden"
157, "Hyssna´s Fotvårdsklinik", "726444", "", "Sätila", "", "/S%C3%A4tila/Hyssnas_Fotv%C3%A5rdsklinik/726444", "mailto:hyssnafotvardsklinik@telia.com", "http://maps.google.se/maps?f=q&source=s_q&hl=sv&geocode=&q=Hyssnav%c3%a4gen+6%2c+51169%2c+S%c3%84TILA%2c+Sweden"
158, "Hyssna's Fotvårdsklinik", "1062575", "031-99 52 50", "Lindome", "", "/Lindome/Hyssnas_Fotv%C3%A5rdsklinik/1062575", "", "http://maps.google.se/maps?f=q&source=s_q&hl=sv&geocode=&q=Konditoriv%c3%a4gen+5%2c+43733%2c+LINDOME%2c+Sweden"
159, "Hyssnaskolan", "2216803", "0320-397 41", "Hyssna", "", "/Hyssna/Hyssnaskolan/2216803", "", "http://maps.google.se/maps?f=q&source=s_q&hl=sv&geocode=&q=Bollebygdsv%c3%a4gen+13%2c+51168%2c+HYSSNA%2c+Sweden"
160, "HYSSOPUS CONSULTING", "910465", "", "Everöd", "", "/Ever%C3%B6d/HYSSOPUS_CONSULTING/910465", "", "http://maps.google.se/maps?f=q&source=s_q&hl=sv&geocode=&q=Trulsastigen+10%2c+29772%2c+EVER%c3%96D%2c+Sweden"
161, "Hysta Buss AB", "867473", "0225-440 10", "Stora skedvi", "", "/Stora_skedvi/Hysta_Buss_AB/867473", "", "http://maps.google.se/maps?f=q&source=s_q&hl=sv&geocode=&q=Hysta+323+A%2c+78392%2c+STORA+SKEDVI%2c+Sweden"
162, "Hysta Hov och Klövvård", "368219", "0225-405 11", "Stora skedvi", "", "/Stora_skedvi/Hysta_Hov_och_Kl%C3%B6vv%C3%A5rd/368219", "", "http://maps.google.se/maps?f=q&source=s_q&hl=sv&geocode=&q=Hysta+29%2c+78392%2c+STORA+SKEDVI%2c+Sweden"
163, "Hysteria Film AB", "354129", "08-31 54 35", "Stockholm", "http://www.hysteriafilm.se", "/Stockholm/Hysteria_Film_AB/354129", "mailto:hysteria@hysteriafilm.se", "http://maps.google.se/maps?f=q&source=s_q&hl=sv&geocode=&q=V%c3%b6lundsgatan%2c+11321%2c+STOCKHOLM%2c+Sweden"
164, "Hysterical Design AB", "2781755", "", "Stockholm", "", "/Stockholm/Hysterical_Design_AB/2781755", "", "http://maps.google.se/maps?f=q&source=s_q&hl=sv&geocode=&q=Box+38057%2c+10064%2c+STOCKHOLM%2c+Sweden"
165, "Hystrix Webdesign", "182508", "08-731 08 21", "Lidingö", "", "/Liding%C3%B6/Hystrix_Webdesign/182508", "", "http://maps.google.se/maps?f=q&source=s_q&hl=sv&geocode=&q=Kolm%c3%a5rdsv%c3%a4gen+12%2c+18164%2c+LIDING%c3%96%2c+Sweden"
166, "Hytech Consultants", "784008", "", "Hägersten", "", "/H%C3%A4gersten/Hytech_Consultants/784008", "", "http://maps.google.se/maps?f=q&source=s_q&hl=sv&geocode=&q=G%c3%b6sta+Ekmans+V%c3%a4g+3%2c+12935%2c+H%c3%84GERSTEN%2c+Sweden"
167, "Hytönens Måleri", "166876", "0224-319 73", "Sala", "", "/Sala/Hyt%C3%B6nens_M%C3%A5leri/166876", "", "http://maps.google.se/maps?f=q&source=s_q&hl=sv&geocode=&q=Lundagatan+3%2c+73336%2c+SALA%2c+Sweden"
168, "Hytorc Power Systems AB", "941106", "00-000 11", "Falkenberg", "", "/Falkenberg/Hytorc_Power_Systems_AB/941106", "", "http://maps.google.se/maps?f=q&source=s_q&hl=sv&geocode=&q=Kvekatorpsv%c3%a4gen+24%2c+31132%2c+FALKENBERG%2c+Sweden"
169, "Hyttadalens Kulturbyggare AB", "2864942", "", "Gnesta", "", "/Gnesta/Hyttadalens_Kulturbyggare_AB/2864942", "", "http://maps.google.se/maps?f=q&source=s_q&hl=sv&geocode=&q=V%c3%a4stra+Storgatan+13%2c+64631%2c+GNESTA%2c+Sweden"
170, "Hyttan Bygg i Kolmården AB", "1079244", "011-39 74 32", "Kolmården", "", "/Kolm%C3%A5rden/Hyttan_Bygg_i_Kolm%C3%A5rden_AB/1079244", "", "http://maps.google.se/maps?f=q&source=s_q&hl=sv&geocode=&q=J%c3%a4rnmalmsv%c3%a4gen+1%2c+61831%2c+KOLM%c3%85RDEN%2c+Sweden"
171, "Hyttan Förvaltning AB", "1450088", "0224-199 91", "Sala", "", "/Sala/Hyttan_F%C3%B6rvaltning_AB/1450088", "", "http://maps.google.se/maps?f=q&source=s_q&hl=sv&geocode=&q=Hyttan%2c+73391%2c+SALA%2c+Sweden"
172, "Hyttan Gruppen AB", "2549936", "044-419 30", "Broby", "http://www.svetsarna.se", "/Broby/Hyttan_Gruppen_AB/2549936", "", "http://maps.google.se/maps?f=q&source=s_q&hl=sv&geocode=&q=Box+32%2c+28060%2c+BROBY%2c+Sweden"
173, "Hyttan Invest i Värmland AB", "2760358", "0550-300 57", "Kristinehamn", "", "/Kristinehamn/Hyttan_Invest_i_V%C3%A4rmland_AB/2760358", "", "http://maps.google.se/maps?f=q&source=s_q&hl=sv&geocode=&q=Kv%c3%a4ggeshyttan+4%2c+68191%2c+KRISTINEHAMN%2c+Sweden"
174, "Hyttan/Smeden Sjukhem", "2068298", "090-16 40 88", "Sävar", "", "/S%C3%A4var/Hyttan_Smeden_Sjukhem/2068298", "", "http://maps.google.se/maps?f=q&source=s_q&hl=sv&geocode=&q=Forsells+V%c3%a4g+10%2c+91831%2c+S%c3%84VAR%2c+Sweden"
175, "Hyttans Förskola", "500838", "018-35 00 85", "Vattholma", "", "/Vattholma/Hyttans_F%C3%B6rskola/500838", "", "http://maps.google.se/maps?f=q&source=s_q&hl=sv&geocode=&q=Malmv%c3%a5gsv%c3%a4gen+11%2c+74350%2c+VATTHOLMA%2c+Sweden"
176, "Hyttans Gård", "847315", "0222-130 97", "Riddarhyttan", "http://www.hyttansgard.se", "/Riddarhyttan/Hyttans_G%C3%A5rd/847315", "mailto:cveta_leopold@hotmail.com", "http://maps.google.se/maps?f=q&source=s_q&hl=sv&geocode=&q=Tallstigen+2%2c+73091%2c+RIDDARHYTTAN%2c+Sweden"
177, "Hyttans Pub & Kök", "259625", "016-14 41 61", "Eskilstuna", "", "/Eskilstuna/Hyttans_Pub__K%C3%B6k/259625", "", "http://maps.google.se/maps?f=q&source=s_q&hl=sv&geocode=&q=Careliigatan+7+B%2c+63220%2c+ESKILSTUNA%2c+Sweden"
178, "Hyttans Trädgård", "282991", "0580-302 35", "Kopparberg", "", "/Kopparberg/Hyttans_Tr%C3%A4dg%C3%A5rd/282991", "mailto:lars.aby@alfa.telenordia.se", "http://maps.google.se/maps?f=q&source=s_q&hl=sv&geocode=&q=%c3%96stra+L%c3%b6a+549%2c+71494%2c+KOPPARBERG%2c+Sweden"
179, "Hyttas Gräv", "2217764", "0581-418 48", "Guldsmedshyttan", "", "/Guldsmedshyttan/Hyttas_Gr%C3%A4v/2217764", "", "http://maps.google.se/maps?f=q&source=s_q&hl=sv&geocode=&q=Gjutarev%c3%a4gen+7%2c+71178%2c+GULDSMEDSHYTTAN%2c+Sweden"
180, "Hyttåsen Fastighets AB", "660525", "023-281 10", "Borlänge", "", "/Borl%C3%A4nge/Hytt%C3%A5sen_Fastighets_AB/660525", "", "http://maps.google.se/maps?f=q&source=s_q&hl=sv&geocode=&q=Box+848%2c+78128%2c+BORL%c3%84NGE%2c+Sweden"
181, "Hyttbäcken Gård AB", "117831", "0226-511 51", "Fors", "", "/Fors/Hyttb%C3%A4cken_G%C3%A5rd_AB/117831", "", "http://maps.google.se/maps?f=q&source=s_q&hl=sv&geocode=&q=Hyttb%c3%a4cken%2c+77497%2c+FORS%2c+Sweden"
182, "Hyttberg Revisionsbyrå Hans, AB", "980149", "08-774 25 00", "Huddinge", "", "/Huddinge/Hyttberg_Revisionsbyr%C3%A5_Hans_AB/980149", "mailto:postmaster@hyttberg.se", "http://maps.google.se/maps?f=q&source=s_q&hl=sv&geocode=&q=Fullerstatorget+6%2c+14135%2c+HUDDINGE%2c+Sweden"
183, "Hyttbergs Redovisningsbyrå AB", "123665", "08-774 25 00", "Huddinge", "", "/Huddinge/Hyttbergs_Redovisningsbyr%C3%A5_AB/123665", "mailto:postmaster@hyttberg.se", "http://maps.google.se/maps?f=q&source=s_q&hl=sv&geocode=&q=Fullerstatorget+6%2c+14135%2c+HUDDINGE%2c+Sweden"
184, "Hyttbro, Monique", "2569093", "0155-530 89", "Nyköping", "", "/Nyk%C3%B6ping/Hyttbro_Monique/2569093", "", "http://maps.google.se/maps?f=q&source=s_q&hl=sv&geocode=&q=Svista+Svistastugan%2c+61191%2c+NYK%c3%96PING%2c+Sweden"
185, "Hyttdrängens Rör & Svets AB", "2893629", "", "Falun", "http://www.hyttdrangens.se", "/Falun/Hyttdr%C3%A4ngens_R%C3%B6r__Svets_AB/2893629", "mailto:roding21@gmail.com", "http://maps.google.se/maps?f=q&source=s_q&hl=sv&geocode=&q=Krondiksv%c3%a4gen+21%2c+79161%2c+FALUN%2c+Sweden"
186, "Hyttehamns Allservice", "252999", "0505-403 43", "Karlsborg", "", "/Karlsborg/Hyttehamns_Allservice/252999", "", "http://maps.google.se/maps?f=q&source=s_q&hl=sv&geocode=&q=Sj%c3%b6v%c3%a4gen+31%2c+54634%2c+KARLSBORG%2c+Sweden"
187, "Hyttelyx i Tänndalen", "2838880", "", "Tänndalen", "", "/T%C3%A4nndalen/Hyttelyx_i_T%C3%A4nndalen/2838880", "", "http://maps.google.se/maps?f=q&source=s_q&hl=sv&geocode=&q=Stensl%c3%a4ttsv%c3%a4gen+8%2c+84098%2c+T%c3%84NNDALEN%2c+Sweden"
188, "Hytten Sport Mario", "1949100", "031-94 52 52", "Landvetter", "", "/Landvetter/Hytten_Sport_Mario/1949100", "", "http://maps.google.se/maps?f=q&source=s_q&hl=sv&geocode=&q=%c3%96stra+Eskilsbyv%c3%a4gen+246%2c+43893%2c+LANDVETTER%2c+Sweden"
189, "Hyttens Bygg AB", "253024", "0500-41 77 50", "Karlsborg", "http://www.hyttens.se", "/Karlsborg/Hyttens_Bygg_AB/253024", "mailto:info@hyttens.se", "http://maps.google.se/maps?f=q&source=s_q&hl=sv&geocode=&q=T%c3%a4rnstigen+3%2c+54633%2c+KARLSBORG%2c+Sweden"
190, "Hyttens Förskola", "615843", "08-756 40 31", "Täby", "http://www.tabypedagogerna.se/hytten", "/T%C3%A4by/Hyttens_F%C3%B6rskola/615843", "", "http://maps.google.se/maps?f=q&source=s_q&hl=sv&geocode=&q=Tallv%c3%a4gen+26%2c+18360%2c+T%c3%84BY%2c+Sweden"
191, "Hytterkullens Fastighetsförvaltning", "1164581", "", "Limmared", "", "/Limmared/Hytterkullens_Fastighetsf%C3%B6rvaltning/1164581", "", "http://maps.google.se/maps?f=q&source=s_q&hl=sv&geocode=&q=Hularedsv%c3%a4gen+6%2c+51450%2c+LIMMARED%2c+Sweden"
192, "Hyttgården i Huså AB", "2192801", "", "Malmö", "", "/Malm%C3%B6/Hyttg%C3%A5rden_i_Hus%C3%A5_AB/2192801", "", "http://maps.google.se/maps?f=q&source=s_q&hl=sv&geocode=&q=Stormgatan+6%2c+21120%2c+MALM%c3%96%2c+Sweden"
193, "Hyttgatans Kiosk & Minimarket HB", "2758191", "026-840 01 84", "Sandviken", "", "/Sandviken/Hyttgatans_Kiosk__Minimarket_HB/2758191", "", "http://maps.google.se/maps?f=q&source=s_q&hl=sv&geocode=&q=Hyttgatan+11+B%2c+81130%2c+SANDVIKEN%2c+Sweden"
194, "Hytthäxan", "2024428", "0474-407 57", "Lenhovda", "", "/Lenhovda/Hytth%C3%A4xan/2024428", "", "http://maps.google.se/maps?f=q&source=s_q&hl=sv&geocode=&q=N%c3%a4sby+V%c3%a4streg%c3%a5rd+2%2c+36073%2c+LENHOVDA%2c+Sweden"
195, "Hyttinen, Helena", "665281", "0515-72 52 83", "Falköping", "", "/Falk%C3%B6ping/Hyttinen_Helena/665281", "", "http://maps.google.se/maps?f=q&source=s_q&hl=sv&geocode=&q=Vilske-kleva+Skulten+1%2c+52194%2c+FALK%c3%96PING%2c+Sweden"
196, "Hyttinen, Reija", "2367499", "0221-326 24", "Västerås", "", "/V%C3%A4ster%C3%A5s/Hyttinen_Reija/2367499", "", "http://maps.google.se/maps?f=q&source=s_q&hl=sv&geocode=&q=Liegatan+25%2c+72467%2c+V%c3%84STER%c3%85S%2c+Sweden"
197, "Hytting Handels AB", "107411", "036-14 23 90", "Jönköping", "http://www.hytting.net", "/J%C3%B6nk%C3%B6ping/Hytting_Handels_AB/107411", "", "http://maps.google.se/maps?f=q&source=s_q&hl=sv&geocode=&q=R%c3%a4ckhammargatan+2%2c+55628%2c+J%c3%96NK%c3%96PING%2c+Sweden"
198, "Hytting, Angelica", "2497612", "036-10 00 09", "Jönköping", "", "/J%C3%B6nk%C3%B6ping/Hytting_Angelica/2497612", "", "http://maps.google.se/maps?f=q&source=s_q&hl=sv&geocode=&q=Bashult+15%2c+55592%2c+J%c3%96NK%c3%96PING%2c+Sweden"
199, "Hytting, Martin", "2500194", "036-10 00 09", "Jönköping", "", "/J%C3%B6nk%C3%B6ping/Hytting_Martin/2500194", "", "http://maps.google.se/maps?f=q&source=s_q&hl=sv&geocode=&q=Bashult+15%2c+55592%2c+J%c3%96NK%c3%96PING%2c+Sweden"
200, "Hyttings Damfrisering", "866525", "0243-128 10", "Borlänge", "", "/Borl%C3%A4nge/Hyttings_Damfrisering/866525", "", "http://maps.google.se/maps?f=q&source=s_q&hl=sv&geocode=&q=Bokv%c3%a4gen+2%2c+78461%2c+BORL%c3%84NGE%2c+Sweden"
201, "Hyttkammaren AB", "981636", "", "Falun", "", "/Falun/Hyttkammaren_AB/981636", "", "http://maps.google.se/maps?f=q&source=s_q&hl=sv&geocode=&q=Fager%c3%b6v%c3%a4gen+18%2c+79153%2c+FALUN%2c+Sweden"
202, "Hyttlarsas Snickeri", "830263", "", "Hedemora", "http://www.hyttlarsa.se", "/Hedemora/Hyttlarsas_Snickeri/830263", "mailto:info@hyttlarsa.se", "http://maps.google.se/maps?f=q&source=s_q&hl=sv&geocode=&q=Hyttb%c3%a4cken+22%2c+77690%2c+HEDEMORA%2c+Sweden"
203, "Hyttmästaren 2 AB", "2938322", "", "Fellingsbro", "", "/Fellingsbro/Hyttm%C3%A4staren_2_AB/2938322", "", "http://maps.google.se/maps?f=q&source=s_q&hl=sv&geocode=&q=Bellevuev%c3%a4gen+3%2c+73272%2c+FELLINGSBRO%2c+Sweden"
204, "Hyttmo Lod & Våg Byggtjänst", "733112", "", "Järpen", "http://www.hyttmo.se", "/J%C3%A4rpen/Hyttmo_Lod__V%C3%A5g_Byggtj%C3%A4nst/733112", "mailto:marcus@hyttmo.se", "http://maps.google.se/maps?f=q&source=s_q&hl=sv&geocode=&q=Kallr%c3%b6r+631%2c+83005%2c+J%c3%84RPEN%2c+Sweden"
205, "Hyttmo Lod & Våg Byggtjänst AB", "2691591", "0647-102 22", "Järpen", "", "/J%C3%A4rpen/Hyttmo_Lod__V%C3%A5g_Byggtj%C3%A4nst_AB/2691591", "", "http://maps.google.se/maps?f=q&source=s_q&hl=sv&geocode=&q=Strandv%c3%a4gen+7%2c+83005%2c+J%c3%84RPEN%2c+Sweden"
206, "Hyttnäs H.e.m.", "1882152", "", "Sigtuna", "", "/Sigtuna/Hyttn%C3%A4s_Hem/1882152", "", "http://maps.google.se/maps?f=q&source=s_q&hl=sv&geocode=&q=Katsen+23%2c+19341%2c+SIGTUNA%2c+Sweden"
207, "Hyttnäs van Berkel AB", "2844393", "", "Stockholm", "", "/Stockholm/Hyttn%C3%A4s_van_Berkel_AB/2844393", "", "http://maps.google.se/maps?f=q&source=s_q&hl=sv&geocode=&q=Norrbackagatan+41%2c+11341%2c+STOCKHOLM%2c+Sweden"
208, "Hyttornas Hästgård", "814329", "0243-25 13 81", "Borlänge", "http://www.hyttornashastgard.se", "/Borl%C3%A4nge/Hyttornas_H%C3%A4stg%C3%A5rd/814329", "", "http://maps.google.se/maps?f=q&source=s_q&hl=sv&geocode=&q=Skenshyttan+49%2c+78196%2c+BORL%c3%84NGE%2c+Sweden"
209, "Hyttsillsmästarna", "427699", "0481-169 00", "Nybro", "", "/Nybro/Hyttsillsm%C3%A4starna/427699", "", "http://maps.google.se/maps?f=q&source=s_q&hl=sv&geocode=&q=Pukeberg%2c+38234%2c+NYBRO%2c+Sweden"
210, "Hyttsjö Boa", "872459", "0591-410 23", "Grängesberg", "", "/Gr%C3%A4ngesberg/Hyttsj%C3%B6_Boa/872459", "", "http://maps.google.se/maps?f=q&source=s_q&hl=sv&geocode=&q=Str%c3%b6msdal+36%2c+77290%2c+GR%c3%84NGESBERG%2c+Sweden"
211, "Hyttsjö Materialåtervinning AB", "944332", "0122-400 80", "Ljusfallshammar", "http://www.hyttsjo.se", "/Ljusfallshammar/Hyttsj%C3%B6_Material%C3%A5tervinning_AB/944332", "mailto:bjorn@hyttsjo.se", "http://maps.google.se/maps?f=q&source=s_q&hl=sv&geocode=&q=Hyttsj%c3%b6%2c+61010%2c+LJUSFALLSHAMMAR%2c+Sweden"
212, "Hyttsjöns Hantverksbageri AB", "2979479", "", "Kristinehamn", "", "/Kristinehamn/Hyttsj%C3%B6ns_Hantverksbageri_AB/2979479", "", "http://maps.google.se/maps?f=q&source=s_q&hl=sv&geocode=&q=N%c3%a4ssundet+5%2c+68194%2c+KRISTINEHAMN%2c+Sweden"
213, "Hyttsten Åkersjöholm", "1559981", "063-10 92 56", "Östersund", "", "/%C3%96stersund/Hyttsten_%C3%85kersj%C3%B6holm/1559981", "", "http://maps.google.se/maps?f=q&source=s_q&hl=sv&geocode=&q=Regementsgatan+11+C%2c+83141%2c+%c3%96STERSUND%2c+Sweden"
214, "Hyttsten Interactive", "733930", "", "Sundborn", "", "/Sundborn/Hyttsten_Interactive/733930", "", "http://maps.google.se/maps?f=q&source=s_q&hl=sv&geocode=&q=Laduv%c3%a4gen+5%2c+79015%2c+SUNDBORN%2c+Sweden"
215, "Hyttsten, Eivor Kristina", "128652", "0647-102 67", "Järpen", "", "/J%C3%A4rpen/Hyttsten_Eivor_Kristina/128652", "", "http://maps.google.se/maps?f=q&source=s_q&hl=sv&geocode=&q=Nedre+Edev%c3%a4gen+12%2c+83005%2c+J%c3%84RPEN%2c+Sweden"
216, "Hyttsten, Matilda", "551253", "", "Stockholm", "", "/Stockholm/Hyttsten_Matilda/551253", "", "http://maps.google.se/maps?f=q&source=s_q&hl=sv&geocode=&q=Odengatan+46+B%2c+11351%2c+STOCKHOLM%2c+Sweden"
217, "Hyttstens Åkeri Järpen AB", "278949", "0647-105 31", "Järpen", "", "/J%C3%A4rpen/Hyttstens_%C3%85keri_J%C3%A4rpen_AB/278949", "", "http://maps.google.se/maps?f=q&source=s_q&hl=sv&geocode=&q=Industriv%c3%a4gen+1%2c+83005%2c+J%c3%84RPEN%2c+Sweden"
218, "Hyttstugan Invest AB", "177841", "0247-302 22", "Leksand", "", "/Leksand/Hyttstugan_Invest_AB/177841", "", "http://maps.google.se/maps?f=q&source=s_q&hl=sv&geocode=&q=V%c3%a4stra+R%c3%b6nn%c3%a4s+R%c3%b6nn%c3%a4sv%c3%a4gen+120%2c+79391%2c+LEKSAND%2c+Sweden"
219, "Hyttudden AB", "584870", "08-761 09 36", "Sundbyberg", "", "/Sundbyberg/Hyttudden_AB/584870", "", "http://maps.google.se/maps?f=q&source=s_q&hl=sv&geocode=&q=Gjuteribacken+22%2c+17265%2c+SUNDBYBERG%2c+Sweden"
220, "Hyundai", "923755", "0250-130 20", "Mora", "http://www.morabil.com", "/Mora/Hyundai/923755", "mailto:info@morabil.com", "http://maps.google.se/maps?f=q&source=s_q&hl=sv&geocode=&q=Tallv%c3%a4gen+3%2c+79252%2c+MORA%2c+Sweden"
221, "Hyundai Återförsäljare Ekonomisk Förening", "2319993", "0431-41 77 57", "Ängelholm", "", "/%C3%84ngelholm/Hyundai_%C3%85terf%C3%B6rs%C3%A4ljare_Ekonomisk_F%C3%B6rening/2319993", "", "http://maps.google.se/maps?f=q&source=s_q&hl=sv&geocode=&q=Helsingborgsv%c3%a4gen+31%2c+26272%2c+%c3%84NGELHOLM%2c+Sweden"
222, "Hyundai Bilar AB", "1893357", "020-67 76 77", "Sollentuna", "http://www.hyundai.se", "/Sollentuna/Hyundai_Bilar_AB/1893357", "", "http://maps.google.se/maps?f=q&source=s_q&hl=sv&geocode=&q=Bergk%c3%a4llav%c3%a4gen+32%2c+19279%2c+SOLLENTUNA%2c+Sweden"
223, "Hyundai Bilimport Sverige AB", "314093", "08-506 050 00", "Sollentuna", "", "/Sollentuna/Hyundai_Bilimport_Sverige_AB/314093", "", "http://maps.google.se/maps?f=q&source=s_q&hl=sv&geocode=&q=Bergk%c3%a4llav%c3%a4gen+32%2c+19279%2c+SOLLENTUNA%2c+Sweden"
224, "Hyundai Center", "228696", "040-18 56 60", "Malmö", "http://www.hyundaimalmo.se", "/Malm%C3%B6/Hyundai_Center/228696", "mailto:info@hyundaicentermalmo.se", "http://maps.google.se/maps?f=q&source=s_q&hl=sv&geocode=&q=J%c3%a4gershillgatan+4%2c+21375%2c+MALM%c3%96%2c+Sweden"
225, "Hyundai Huset", "744146", "046-31 15 30", "Lund", "http://www.hyundaihuset.se", "/Lund/Hyundai_Huset/744146", "mailto:mats.kronkvist@telia.com", "http://maps.google.se/maps?f=q&source=s_q&hl=sv&geocode=&q=Porfyrv%c3%a4gen+11%2c+22478%2c+LUND%2c+Sweden"
226, "Hyundai Merchant Marine Scandinavia AB", "144352", "031-704 81 00", "Göteborg", "http://www.hmm21.com", "/G%C3%B6teborg/Hyundai_Merchant_Marine_Scandinavia_AB/144352", "mailto:sehmm@hmm21.com", "http://maps.google.se/maps?f=q&source=s_q&hl=sv&geocode=&q=F%c3%b6rsta+L%c3%a5nggatan+21+A%2c+41327%2c+G%c3%96TEBORG%2c+Sweden"
227, "Hyundai Mobis Parts Europe N V (belgien", "1953013", "08-594 111 60", "Jönköping", "", "/J%C3%B6nk%C3%B6ping/Hyundai_Mobis_Parts_Europe_N_V_belgien/1953013", "", "http://maps.google.se/maps?f=q&source=s_q&hl=sv&geocode=&q=Logistikv%c3%a4gen+1%2c+55652%2c+J%c3%96NK%c3%96PING%2c+Sweden"
228, "Hyundai Svenska Motor", "2687300", "0500-38 17 30", "Skövde", "http://www.hyundaibilar.nu", "/Sk%C3%B6vde/Hyundai_Svenska_Motor/2687300", "mailto:info.stenstorp@hyundaibilar.nu", "http://maps.google.se/maps?f=q&source=s_q&hl=sv&geocode=&q=Servicev%c3%a4gen+3%2c+54161%2c+SK%c3%96VDE%2c+Sweden"
229, "Hyundai Svenska Motor AB", "2783062", "0500-38 17 00", "Skövde", "http://www.svenskamotor.se", "/Sk%C3%B6vde/Hyundai_Svenska_Motor_AB/2783062", "mailto:info.skovde@svenskamotor.se", "http://maps.google.se/maps?f=q&source=s_q&hl=sv&geocode=&q=Mariestadsv%c3%a4gen+98%2c+54139%2c+SK%c3%96VDE%2c+Sweden"
230, "HYVA Fastigheter AB", "107969", "0345-714 16", "Hyltebruk", "", "/Hyltebruk/HYVA_Fastigheter_AB/107969", "", "http://maps.google.se/maps?f=q&source=s_q&hl=sv&geocode=&q=J%c3%a4rnv%c3%a4gsgatan+4%2c+31431%2c+HYLTEBRUK%2c+Sweden"
231, "Hyva Mekanik AB", "431609", "08-511 722 22", "Vallentuna", "http://www.hyva.se", "/Vallentuna/Hyva_Mekanik_AB/431609", "mailto:info@hyva.se", "http://maps.google.se/maps?f=q&source=s_q&hl=sv&geocode=&q=Upplandsv%c3%a4gen+4%2c+18635%2c+VALLENTUNA%2c+Sweden"
232, "Hyväheimo AB", "2991524", "", "Helsingborg", "", "/Helsingborg/Hyv%C3%A4heimo_AB/2991524", "", "http://maps.google.se/maps?f=q&source=s_q&hl=sv&geocode=&q=Bengt+Langhs+Gata+5%2c+25433%2c+HELSINGBORG%2c+Sweden"
233, "Hyvärinen Juho", "616975", "0512-104 84", "Vara", "", "/Vara/Hyv%C3%A4rinen_Juho/616975", "", "http://maps.google.se/maps?f=q&source=s_q&hl=sv&geocode=&q=Tingshusgatan+12%2c+53430%2c+VARA%2c+Sweden"
234, "Hyvärinen, Keijo", "1007276", "0922-619 85", "Haparanda", "", "/Haparanda/Hyv%C3%A4rinen_Keijo/1007276", "", "http://maps.google.se/maps?f=q&source=s_q&hl=sv&geocode=&q=Krokv%c3%a4gen+24%2c+95333%2c+HAPARANDA%2c+Sweden"
235, "Hyvelkompaniet i Kinda AB", "272234", "", "Kisa", "http://www.hyvelkompaniet.se", "/Kisa/Hyvelkompaniet_i_Kinda_AB/272234", "mailto:tomas@hyvelkompaniet.se", "http://maps.google.se/maps?f=q&source=s_q&hl=sv&geocode=&q=%c3%96d%c3%a4ngsv%c3%a4gen+7%2c+59038%2c+KISA%2c+Sweden"
236, "Hyveln & Nålen", "468890", "08-571 454 65", "Värmdö", "", "/V%C3%A4rmd%C3%B6/Hyveln__N%C3%A5len/468890", "", "http://maps.google.se/maps?f=q&source=s_q&hl=sv&geocode=&q=Muskotv%c3%a4gen+8%2c+13956%2c+V%c3%84RMD%c3%96%2c+Sweden"
237, "Hyveln 15 Fastighets AB", "2855265", "", "Visby", "", "/Visby/Hyveln_15_Fastighets_AB/2855265", "", "http://maps.google.se/maps?f=q&source=s_q&hl=sv&geocode=&q=Box+1148%2c+62122%2c+VISBY%2c+Sweden"
238, "Hyveln 6 i Nora AB", "2563376", "0587-126 20", "Nora", "", "/Nora/Hyveln_6_i_Nora_AB/2563376", "", "http://maps.google.se/maps?f=q&source=s_q&hl=sv&geocode=&q=Lilla+Mon+311%2c+71391%2c+NORA%2c+Sweden"
239, "Hyveln i Göteborg", "460938", "031-769 10 99", "Västra frölunda", "", "/V%C3%A4stra_fr%C3%B6lunda/Hyveln_i_G%C3%B6teborg/460938", "", "http://maps.google.se/maps?f=q&source=s_q&hl=sv&geocode=&q=Klangf%c3%a4rgsgatan+4+C%2c+42652%2c+V%c3%84STRA+FR%c3%96LUNDA%2c+Sweden"
240, "Hyvex", "233365", "", "Markaryd", "", "/Markaryd/Hyvex/233365", "", "http://maps.google.se/maps?f=q&source=s_q&hl=sv&geocode=&q=S%c3%a5nna+4525%2c+28591%2c+MARKARYD%2c+Sweden"
241, "Hyvik & Co", "350380", "08-603 11 10", "Skärholmen", "", "/Sk%C3%A4rholmen/Hyvik__Co/350380", "", "http://maps.google.se/maps?f=q&source=s_q&hl=sv&geocode=&q=L%c3%b6vs%c3%a4tragr%c3%a4nd+11%2c+12736%2c+SK%c3%84RHOLMEN%2c+Sweden"
242, "Hyvik & Co, AB", "119571", "08-603 11 10", "Skärholmen", "", "/Sk%C3%A4rholmen/Hyvik__Co_AB/119571", "mailto:hyvik.co@telia.com", "http://maps.google.se/maps?f=q&source=s_q&hl=sv&geocode=&q=L%c3%b6vs%c3%a4tragr%c3%a4nd+11%2c+12736%2c+SK%c3%84RHOLMEN%2c+Sweden"
243, "Hyving Systemutveckling AB", "661590", "031-42 43 97", "Göteborg", "http://www.hyving.se", "/G%C3%B6teborg/Hyving_Systemutveckling_AB/661590", "mailto:info@hyving.se", "http://maps.google.se/maps?f=q&source=s_q&hl=sv&geocode=&q=Paternostergatan+10%2c+41467%2c+G%c3%96TEBORG%2c+Sweden"
244, "Hyvleri Lövåsen", "247511", "0570-405 75", "Säffle", "", "/S%C3%A4ffle/Hyvleri_L%C3%B6v%C3%A5sen/247511", "mailto:hyvleri.lovasen@telia.com", "http://maps.google.se/maps?f=q&source=s_q&hl=sv&geocode=&q=Ingersbyn+Dyvlanda%2c+66194%2c+S%c3%84FFLE%2c+Sweden"
245, "Hyvleribolaget i Östersund AB", "2753312", "063-14 94 85", "Östersund", "", "/%C3%96stersund/Hyvleribolaget_i_%C3%96stersund_AB/2753312", "", "http://maps.google.se/maps?f=q&source=s_q&hl=sv&geocode=&q=Box+380%2c+83125%2c+%c3%96STERSUND%2c+Sweden"
246, "Hyvönen Fastigheter AB", "582201", "0520-977 06", "Trollhättan", "", "/Trollh%C3%A4ttan/Hyv%C3%B6nen_Fastigheter_AB/582201", "", "http://maps.google.se/maps?f=q&source=s_q&hl=sv&geocode=&q=Kristiansandsv%c3%a4gen+21%2c+46173%2c+TROLLH%c3%84TTAN%2c+Sweden"
247, "Hyvönen, Benjamin", "1958520", "090-12 07 99", "Umeå", "", "/Ume%C3%A5/Hyv%C3%B6nen_Benjamin/1958520", "", "http://maps.google.se/maps?f=q&source=s_q&hl=sv&geocode=&q=Himlastigen+33%2c+90641%2c+UME%c3%85%2c+Sweden"
248, "Hyvönen, Frida", "893405", "08-585 008 64", "Bandhagen", "", "/Bandhagen/Hyv%C3%B6nen_Frida/893405", "", "http://maps.google.se/maps?f=q&source=s_q&hl=sv&geocode=&q=Bj%c3%b6rksundsslingan+5%2c+12431%2c+BANDHAGEN%2c+Sweden"
249, "Hywes", "487768", "0474-715 24", "Åseda", "", "/%C3%85seda/Hywes/487768", "", "http://maps.google.se/maps?f=q&source=s_q&hl=sv&geocode=&q=Karlagatan+2%2c+36431%2c+%c3%85SEDA%2c+Sweden"
250, "Hywhing Trade", "483149", "0660-931 00", "Örnsköldsvik", "", "/%C3%96rnsk%C3%B6ldsvik/Hywhing_Trade/483149", "", "http://maps.google.se/maps?f=q&source=s_q&hl=sv&geocode=&q=Storgatan+51+A%2c+89134%2c+%c3%96RNSK%c3%96LDSVIK%2c+Sweden"
251, "Hyxos Ekonomikonsult", "352830", "046-30 31 26", "Lund", "", "/Lund/Hyxos_Ekonomikonsult/352830", "", "http://maps.google.se/maps?f=q&source=s_q&hl=sv&geocode=&q=S%c3%b6dra+Esplanaden+6%2c+22354%2c+LUND%2c+Sweden"
252, "Hz Bygg", "219619", "08-551 511 51", "Hölö", "", "/H%C3%B6l%C3%B6/Hz_Bygg/219619", "", "http://maps.google.se/maps?f=q&source=s_q&hl=sv&geocode=&q=Broby+%c3%84ngsv%c3%a4g+22%2c+15392%2c+H%c3%96L%c3%96%2c+Sweden"
253, "Hz Capital AB", "527276", "", "Stockholm", "", "/Stockholm/Hz_Capital_AB/527276", "", "http://maps.google.se/maps?f=q&source=s_q&hl=sv&geocode=&q=D%c3%b6belnsgatan+67+B%2c+11352%2c+STOCKHOLM%2c+Sweden"
254, "Hz Inova Ag (schweiz) Filial", "2663579", "08-758 71 38", "Täby", "", "/T%C3%A4by/Hz_Inova_Ag_schweiz_Filial/2663579", "", "http://maps.google.se/maps?f=q&source=s_q&hl=sv&geocode=&q=Stormyrsv%c3%a4gen+15%2c+18742%2c+T%c3%84BY%2c+Sweden"
255, "Hz Larm och Passage AB", "2285977", "08-659 84 40", "Tyresö", "", "/Tyres%C3%B6/Hz_Larm_och_Passage_AB/2285977", "", "http://maps.google.se/maps?f=q&source=s_q&hl=sv&geocode=&q=Mediav%c3%a4gen+6%2c+13548%2c+TYRES%c3%96%2c+Sweden"
256, "Hz Media", "1923785", "", "Bromma", "", "/Bromma/Hz_Media/1923785", "", "http://maps.google.se/maps?f=q&source=s_q&hl=sv&geocode=&q=Drottningholmsv%c3%a4gen+304%2c+16731%2c+BROMMA%2c+Sweden"
257, "HZ Multiteknik", "206795", "0480-288 05", "Kalmar", "", "/Kalmar/HZ_Multiteknik/206795", "", "http://maps.google.se/maps?f=q&source=s_q&hl=sv&geocode=&q=B%c3%a5rstad+248%2c+39591%2c+KALMAR%2c+Sweden"
258, "Hz Service", "916209", "0370-430 10", "Forsheda", "", "/Forsheda/Hz_Service/916209", "mailto:hz.service@vmomail.se", "http://maps.google.se/maps?f=q&source=s_q&hl=sv&geocode=&q=Dann%c3%a4s+Bolms%c3%a4ter+1%2c+33012%2c+FORSHEDA%2c+Sweden"
259, "H-Zenter", "596215", "0173-421 20", "Gimo", "", "/Gimo/H_Zenter/596215", "", "http://maps.google.se/maps?f=q&source=s_q&hl=sv&geocode=&q=K%c3%b6pmangatan+1%2c+74743%2c+GIMO%2c+Sweden"
260, "HZPC Kantaperuna AB", "1869305", "0510-220 20", "Billdal", "http://www.hzpc-kantaperuna.com", "/Billdal/HZPC_Kantaperuna_AB/1869305", "", "http://maps.google.se/maps?f=q&source=s_q&hl=sv&geocode=&q=Bolshedens+Industriv%c3%a4g+28%2c+42750%2c+BILLDAL%2c+Sweden"
