0,"Myriam Peyrard Rosenmetoden","1862315","08-722 80 92","Johanneshov","","/Johanneshov/Myriam_Peyrard_Rosenmetoden/1862315","","http://maps.google.se/maps?f=q&source=s_q&hl=sv&geocode=&q=Konstgjutarv%c3%a4gen+14%2c+12144%2c+JOHANNESHOV%2c+Sweden"
1,"Myrica AB","602861","0370-154 82","Värnamo","http://www.myrica.se","/V%C3%A4rnamo/Myrica_AB/602861","mailto:info@myrica.se","http://maps.google.se/maps?f=q&source=s_q&hl=sv&geocode=&q=Malm%c3%b6v%c3%a4gen+14%2c+33142%2c+V%c3%84RNAMO%2c+Sweden"
2,"Myricadesign AB","851771","","Stockholm","http://www.myricadesign.com","/Stockholm/Myricadesign_AB/851771","mailto:info@myricadesign.com","http://maps.google.se/maps?f=q&source=s_q&hl=sv&geocode=&q=%c3%96stg%c3%b6tagatan+87+A%2c+11664%2c+STOCKHOLM%2c+Sweden"
3,"Myrild AB","1412107","018-71 06 17","Uppsala","","/Uppsala/Myrild_AB/1412107","","http://maps.google.se/maps?f=q&source=s_q&hl=sv&geocode=&q=Smedsgr%c3%a4nd+3%2c+75320%2c+UPPSALA%2c+Sweden"
4,"Myrimax","964874","","Enskede","http://www.myrimax.se","/Enskede/Myrimax/964874","mailto:info@myrimax.se","http://maps.google.se/maps?f=q&source=s_q&hl=sv&geocode=&q=Hammerstav%c3%a4gen+83%2c+12260%2c+ENSKEDE%2c+Sweden"
5,"Myrimax AB","2623715","","Enskede","","/Enskede/Myrimax_AB/2623715","","http://maps.google.se/maps?f=q&source=s_q&hl=sv&geocode=&q=Hammerstav%c3%a4gen+83%2c+12260%2c+ENSKEDE%2c+Sweden"
6,"Myrin Olle, Doktor","604072","08-758 65 67","Täby","","/T%C3%A4by/Myrin_Olle_Doktor/604072","","http://maps.google.se/maps?f=q&source=s_q&hl=sv&geocode=&q=Attundaf%c3%a4ltet+16%2c+18334%2c+T%c3%84BY%2c+Sweden"
7,"Myrin Staffan","412189","0522-64 15 80","Uddevalla","","/Uddevalla/Myrin_Staffan/412189","","http://maps.google.se/maps?f=q&source=s_q&hl=sv&geocode=&q=Kolvik+620%2c+45197%2c+UDDEVALLA%2c+Sweden"
8,"Myrin, Göran","1775358","08-650 41 03","Stockholm","","/Stockholm/Myrin_G%C3%B6ran/1775358","","http://maps.google.se/maps?f=q&source=s_q&hl=sv&geocode=&q=Frejgatan+1%2c+11420%2c+STOCKHOLM%2c+Sweden"
9,"Myrin, Joakim","559658","","Älvsjö","","/%C3%84lvsj%C3%B6/Myrin_Joakim/559658","","http://maps.google.se/maps?f=q&source=s_q&hl=sv&geocode=&q=Vagnh%c3%a4radsv%c3%a4gen+11%2c+12543%2c+%c3%84LVSJ%c3%96%2c+Sweden"
10,"Myrina Invest AB","619343","019-32 53 10","Örebro","","/%C3%96rebro/Myrina_Invest_AB/619343","mailto:sjoborgs.fastighetsforvaltning@plena.se","http://maps.google.se/maps?f=q&source=s_q&hl=sv&geocode=&q=Ringgatan+6%2c+70342%2c+%c3%96REBRO%2c+Sweden"
11,"Myrins Redovisning AB","2713698","08-124 467 44","Solna","","/Solna/Myrins_Redovisning_AB/2713698","","http://maps.google.se/maps?f=q&source=s_q&hl=sv&geocode=&q=S%c3%b6dra+L%c3%a5nggatan+25%2c+16959%2c+SOLNA%2c+Sweden"
12,"Myrins Redovisningsbyrå","890856","08-623 10 65","Solna","http://www.myrins.com","/Solna/Myrins_Redovisningsbyr%C3%A5/890856","mailto:info@myrins.com","http://maps.google.se/maps?f=q&source=s_q&hl=sv&geocode=&q=S%c3%b6dra+L%c3%a5nggatan+2%2c+plan+2%2c+16959%2c+SOLNA%2c+Sweden"
13,"Myrins Textil - Tyglagret i Kållered AB","170667","031-795 29 40","Kållered","","/K%C3%A5llered/Myrins_Textil___Tyglagret_i_K%C3%A5llered_AB/170667","","http://maps.google.se/maps?f=q&source=s_q&hl=sv&geocode=&q=Bang%c3%a5rdsv%c3%a4gen+39%2c+42836%2c+K%c3%85LLERED%2c+Sweden"
14,"Myrins Textil AB","888941","031-28 75 01","Askim","","/Askim/Myrins_Textil_AB/888941","","http://maps.google.se/maps?f=q&source=s_q&hl=sv&geocode=&q=Hantverksv%c3%a4gen+12%2c+43633%2c+ASKIM%2c+Sweden"
15,"Myrins Textil AB","994241","031-41 88 41","Göteborg","","/G%C3%B6teborg/Myrins_Textil_AB/994241","","http://maps.google.se/maps?f=q&source=s_q&hl=sv&geocode=&q=%c3%96vre+Husargatan+18%2c+41314%2c+G%c3%96TEBORG%2c+Sweden"
16,"Myrins Tyger AB","1082316","031-26 15 00","Göteborg","","/G%C3%B6teborg/Myrins_Tyger_AB/1082316","","http://maps.google.se/maps?f=q&source=s_q&hl=sv&geocode=&q=Von+Utfallsgatan+20%2c+41505%2c+G%c3%96TEBORG%2c+Sweden"
17,"Myrios Novellförlag","1933693","","Uppsala","","/Uppsala/Myrios_Novellf%C3%B6rlag/1933693","","http://maps.google.se/maps?f=q&source=s_q&hl=sv&geocode=&q=Ymergatan+15+E%2c+75325%2c+UPPSALA%2c+Sweden"
18,"Myrko Fastigheter","383999","040-671 44 50","Malmö","http://www.myrko.se","/Malm%C3%B6/Myrko_Fastigheter/383999","","http://maps.google.se/maps?f=q&source=s_q&hl=sv&geocode=&q=Bronsyxegatan+4%2c+21375%2c+MALM%c3%96%2c+Sweden"
19,"Myrkott Ekonomisk Förening","2052708","","Göteborg","","/G%C3%B6teborg/Myrkott_Ekonomisk_F%C3%B6rening/2052708","","http://maps.google.se/maps?f=q&source=s_q&hl=sv&geocode=&q=Stabbegatan+46%2c+41680%2c+G%c3%96TEBORG%2c+Sweden"
20,"Myrkotten AB","3022454","08-720 11 55","Bromma","","/Bromma/Myrkotten_AB/3022454","","http://maps.google.se/maps?f=q&source=s_q&hl=sv&geocode=&q=Arkitektv%c3%a4gen+74%2c+16832%2c+BROMMA%2c+Sweden"
21,"Myrkulle AB","1814825","","Varberg","","/Varberg/Myrkulle_AB/1814825","","http://maps.google.se/maps?f=q&source=s_q&hl=sv&geocode=&q=J%c3%a4rnv%c3%a4gsv%c3%a4gen+12%2c+43295%2c+VARBERG%2c+Sweden"
22,"Myrland, Odd","301384","016-35 43 18","Kolbäck","","/Kolb%C3%A4ck/Myrland_Odd/301384","","http://maps.google.se/maps?f=q&source=s_q&hl=sv&geocode=&q=Tingshusgatan+13+C%2c+73451%2c+KOLB%c3%84CK%2c+Sweden"
23,"Myrlander, John Kennet","1454236","0380-37 52 00","Sandsjöfors","","/Sandsj%C3%B6fors/Myrlander_John_Kennet/1454236","","http://maps.google.se/maps?f=q&source=s_q&hl=sv&geocode=&q=Stora+L%c3%b6nhult+2%2c+57164%2c+SANDSJ%c3%96FORS%2c+Sweden"
24,"Myrlejonets Förskola","2293105","08-768 24 52","Täby","","/T%C3%A4by/Myrlejonets_F%C3%B6rskola/2293105","","http://maps.google.se/maps?f=q&source=s_q&hl=sv&geocode=&q=Torvmossegr%c3%a4nd+3%2c+18742%2c+T%c3%84BY%2c+Sweden"
25,"Myrlund, Carina","270652","0250-55 13 08","Skattungbyn","","/Skattungbyn/Myrlund_Carina/270652","","http://maps.google.se/maps?f=q&source=s_q&hl=sv&geocode=&q=Landsv%c3%a4gen+489%2c+79495%2c+SKATTUNGBYN%2c+Sweden"
26,"Myrlund. Pol. Komm","379563","0911-24 14 45","Svensbyn","","/Svensbyn/Myrlund_Pol_Komm/379563","","http://maps.google.se/maps?f=q&source=s_q&hl=sv&geocode=&q=Bodsj%c3%b6v%c3%a4gen+118%2c+94640%2c+SVENSBYN%2c+Sweden"
27,"Myrlunds Allservice AB","2781898","","Storuman","","/Storuman/Myrlunds_Allservice_AB/2781898","","http://maps.google.se/maps?f=q&source=s_q&hl=sv&geocode=&q=Myrlund+209%2c+92398%2c+STORUMAN%2c+Sweden"
28,"Myrmalmen AB","845107","019-10 50 80","Örebro","","/%C3%96rebro/Myrmalmen_AB/845107","","http://maps.google.se/maps?f=q&source=s_q&hl=sv&geocode=&q=Osmundgatan+25%2c+70363%2c+%c3%96REBRO%2c+Sweden"
29,"Myrmalmen i Örebro AB","2744434","019-16 75 30","Örebro","","/%C3%96rebro/Myrmalmen_i_%C3%96rebro_AB/2744434","","http://maps.google.se/maps?f=q&source=s_q&hl=sv&geocode=&q=Tackj%c3%a4rnsgatan+4%2c+70363%2c+%c3%96REBRO%2c+Sweden"
30,"Myrman, Jakob Alexander","1943212","","Enskededalen","","/Enskededalen/Myrman_Jakob_Alexander/1943212","","http://maps.google.se/maps?f=q&source=s_q&hl=sv&geocode=&q=Kyrkog%c3%a5rdsv%c3%a4gen+91+A%2c+12133%2c+ENSKEDEDALEN%2c+Sweden"
31,"Myrman, Joakim","989225","","Sveg","","/Sveg/Myrman_Joakim/989225","","http://maps.google.se/maps?f=q&source=s_q&hl=sv&geocode=&q=Svegsgatan+6%2c+84232%2c+SVEG%2c+Sweden"
32,"Myrman, Per","1722721","0505-204 14","Undenäs","","/Unden%C3%A4s/Myrman_Per/1722721","","http://maps.google.se/maps?f=q&source=s_q&hl=sv&geocode=&q=Fr%c3%a4ckestad+G%c3%a5rd+1%2c+54694%2c+UNDEN%c3%84S%2c+Sweden"
33,"Myrmans Trafikskola","657382","","Arvika","http://www.trafikskola.se","/Arvika/Myrmans_Trafikskola/657382","mailto:info@trafikskola.se","http://maps.google.se/maps?f=q&source=s_q&hl=sv&geocode=&q=%c3%96stra+Esplanaden+32+A%2c+67140%2c+ARVIKA%2c+Sweden"
34,"Myrmin Design AB","2639017","","Boda kyrkby","","/Boda_kyrkby/Myrmin_Design_AB/2639017","","http://maps.google.se/maps?f=q&source=s_q&hl=sv&geocode=&q=Silverberg+S%c3%b6dra+V%c3%a4gen+8%2c+79596%2c+BODA+KYRKBY%2c+Sweden"
35,"Myrnäs Management AB","2857832","","Ankarsvik","","/Ankarsvik/Myrn%C3%A4s_Management_AB/2857832","","http://maps.google.se/maps?f=q&source=s_q&hl=sv&geocode=&q=Ljudbojsv%c3%a4gen+2%2c+86551%2c+ANKARSVIK%2c+Sweden"
36,"Myrnäs, Frank Bertil","1960694","0920-28 16 15","Luleå","","/Lule%C3%A5/Myrn%C3%A4s_Frank_Bertil/1960694","","http://maps.google.se/maps?f=q&source=s_q&hl=sv&geocode=&q=J%c3%a4rpgr%c3%a4nd+25%2c+97454%2c+LULE%c3%85%2c+Sweden"
37,"Myrne, Peder","1273436","","Myresjö","","/Myresj%C3%B6/Myrne_Peder/1273436","","http://maps.google.se/maps?f=q&source=s_q&hl=sv&geocode=&q=B%c3%a4ckabyv%c3%a4gen+10%2c+57013%2c+MYRESJ%c3%96%2c+Sweden"
38,"Myrö Gård","1010390","019-23 30 60","Stockholm","","/Stockholm/Myr%C3%B6_G%C3%A5rd/1010390","","http://maps.google.se/maps?f=q&source=s_q&hl=sv&geocode=&q=Artillerigatan+47%2c+11445%2c+STOCKHOLM%2c+Sweden"
39,"Myrö Gårdsförvaltning","2292021","019-23 33 01","Stockholm","","/Stockholm/Myr%C3%B6_G%C3%A5rdsf%C3%B6rvaltning/2292021","","http://maps.google.se/maps?f=q&source=s_q&hl=sv&geocode=&q=Kommend%c3%b6rsgatan+44%2c+11458%2c+STOCKHOLM%2c+Sweden"
40,"Myrod Fastigheter AB","1834000","019-20 95 00","Örebro","","/%C3%96rebro/Myrod_Fastigheter_AB/1834000","","http://maps.google.se/maps?f=q&source=s_q&hl=sv&geocode=&q=Kundv%c3%a4gen+3%2c+70236%2c+%c3%96REBRO%2c+Sweden"
41,"Myroms Lantbruk","657278","","Arvika","","/Arvika/Myroms_Lantbruk/657278","","http://maps.google.se/maps?f=q&source=s_q&hl=sv&geocode=&q=Myrom+8%2c+67192%2c+ARVIKA%2c+Sweden"
42,"Myron Markus","546405","","Sollentuna","","/Sollentuna/Myron_Markus/546405","","http://maps.google.se/maps?f=q&source=s_q&hl=sv&geocode=&q=Eldv%c3%a4gen+4%2c+19274%2c+SOLLENTUNA%2c+Sweden"
43,"Myrorna","133786","036-34 36 66","Jönköping","","/J%C3%B6nk%C3%B6ping/Myrorna/133786","","http://maps.google.se/maps?f=q&source=s_q&hl=sv&geocode=&q=Herkulesv%c3%a4gen%2c+55303%2c+J%c3%96NK%c3%96PING%2c+Sweden"
44,"Myrorna","148024","054-13 63 85","Karlstad","","/Karlstad/Myrorna/148024","","http://maps.google.se/maps?f=q&source=s_q&hl=sv&geocode=&q=%c3%96stra+Torggatan%2c+65224%2c+KARLSTAD%2c+Sweden"
45,"Myrorna","157909","035-17 82 78","Halmstad","http://www.myrorna.se","/Halmstad/Myrorna/157909","mailto:ec341@myrorna.se","http://maps.google.se/maps?f=q&source=s_q&hl=sv&geocode=&q=Karl+Xi%3as+V%c3%a4g+47%2c+30295%2c+HALMSTAD%2c+Sweden"
46,"Myrorna","298806","0910-73 38 56","Skellefteå","","/Skellefte%C3%A5/Myrorna/298806","","http://maps.google.se/maps?f=q&source=s_q&hl=sv&geocode=&q=Varugatan+6%2c+93176%2c+SKELLEFTE%c3%85%2c+Sweden"
47,"Myrorna","309178","08-504 205 50","Tungelsta","http://www.myrorna.se","/Tungelsta/Myrorna/309178","mailto:ec720@myrorna.se","http://maps.google.se/maps?f=q&source=s_q&hl=sv&geocode=&q=%c3%85lstav%c3%a4gen+5%2c+13756%2c+TUNGELSTA%2c+Sweden"
48,"Myrorna","309185","019-672 14 85","Örebro","http://www.myrorna.se","/%C3%96rebro/Myrorna/309185","mailto:ec411@myrorna.se","http://maps.google.se/maps?f=q&source=s_q&hl=sv&geocode=&q=Fredsgatan+3%2c+70362%2c+%c3%96REBRO%2c+Sweden"
49,"Myrorna","309205","013-35 89 67","Linköping","","/Link%C3%B6ping/Myrorna/309205","mailto:ec631@myrorna.se","http://maps.google.se/maps?f=q&source=s_q&hl=sv&geocode=&q=Platensgatan+6%2c+58220%2c+LINK%c3%96PING%2c+Sweden"
50,"Myrorna","309262","016-18 38 96","Eskilstuna","","/Eskilstuna/Myrorna/309262","","http://maps.google.se/maps?f=q&source=s_q&hl=sv&geocode=&q=Rademachergatan+6%2c+63220%2c+ESKILSTUNA%2c+Sweden"
51,"Myrorna","462371","090-70 10 60","Umeå","http://www.myrorna.se","/Ume%C3%A5/Myrorna/462371","mailto:ec521@myrorna.se","http://maps.google.se/maps?f=q&source=s_q&hl=sv&geocode=&q=Gr%c3%a4ddv%c3%a4gen+2%2c+90620%2c+UME%c3%85%2c+Sweden"
52,"Myrorna","731898","020-140 00 44","Luleå","http://www.myrorna.se","/Lule%C3%A5/Myrorna/731898","mailto:ec541@myrorna.se","http://maps.google.se/maps?f=q&source=s_q&hl=sv&geocode=&q=Storhedsv%c3%a4gen+5%2c+97345%2c+LULE%c3%85%2c+Sweden"
53,"Myrorna","2082533","08-34 82 20","Stockholm","","/Stockholm/Myrorna/2082533","","http://maps.google.se/maps?f=q&source=s_q&hl=sv&geocode=&q=Norrtullsgatan%2c+11329%2c+STOCKHOLM%2c+Sweden"
54,"Myrorna","2176347","0520-169 93","Trollhättan","","/Trollh%C3%A4ttan/Myrorna/2176347","","http://maps.google.se/maps?f=q&source=s_q&hl=sv&geocode=&q=Kungsgatan%2c+46130%2c+TROLLH%c3%84TTAN%2c+Sweden"
55,"Myrorna","2403422","08-652 18 00","Stockholm","","/Stockholm/Myrorna/2403422","","http://maps.google.se/maps?f=q&source=s_q&hl=sv&geocode=&q=Fleminggatan+89%2c+11245%2c+STOCKHOLM%2c+Sweden"
56,"Myrorna","2414688","026-12 21 40","Gävle","","/G%C3%A4vle/Myrorna/2414688","","http://maps.google.se/maps?f=q&source=s_q&hl=sv&geocode=&q=Norra+Slottsgatan%2c+80320%2c+G%c3%84VLE%2c+Sweden"
57,"Myrorna","2414719","011-36 51 05","Norrköping","http://www.myrorna.se","/Norrk%C3%B6ping/Myrorna/2414719","","http://maps.google.se/maps?f=q&source=s_q&hl=sv&geocode=&q=Gamla+R%c3%a5dstugugatan+18%2c+60224%2c+NORRK%c3%96PING%2c+Sweden"
58,"Myrorna","2444099","08-35 60 02","Sollentuna","","/Sollentuna/Myrorna/2444099","","http://maps.google.se/maps?f=q&source=s_q&hl=sv&geocode=&q=Glimmerv%c3%a4gen%2c+19162%2c+SOLLENTUNA%2c+Sweden"
59,"Myrorna","2537744","08-545 208 91","Stockholm","","/Stockholm/Myrorna/2537744","","http://maps.google.se/maps?f=q&source=s_q&hl=sv&geocode=&q=Adolf+Fredriks+Kyrkogata%2c+11137%2c+STOCKHOLM%2c+Sweden"
60,"Myrorna","2537747","08-556 461 70","Skärholmen","","/Sk%C3%A4rholmen/Myrorna/2537747","","http://maps.google.se/maps?f=q&source=s_q&hl=sv&geocode=&q=Storholmsgatan%2c+12748%2c+SK%c3%84RHOLMEN%2c+Sweden"
61,"Myrorna","2537749","08-545 844 66","Stockholm","","/Stockholm/Myrorna/2537749","","http://maps.google.se/maps?f=q&source=s_q&hl=sv&geocode=&q=Kolargatan%2c+11542%2c+STOCKHOLM%2c+Sweden"
62,"Myrorna","2537750","033-15 37 40","Borås","","/Bor%C3%A5s/Myrorna/2537750","","http://maps.google.se/maps?f=q&source=s_q&hl=sv&geocode=&q=Skaraborgsv%c3%a4gen%2c+50630%2c+BOR%c3%85S%2c+Sweden"
63,"Myrorna","2537754","060-14 37 60","Sundsvall","","/Sundsvall/Myrorna/2537754","","http://maps.google.se/maps?f=q&source=s_q&hl=sv&geocode=&q=Storgatan%2c+85230%2c+SUNDSVALL%2c+Sweden"
64,"Myrorna","2537762","040-57 95 85","Malmö","","/Malm%C3%B6/Myrorna/2537762","","http://maps.google.se/maps?f=q&source=s_q&hl=sv&geocode=&q=S%c3%b6dra+F%c3%b6rstadsgatan%2c+21420%2c+MALM%c3%96%2c+Sweden"
65,"Myrorna","2537763","040-32 05 44","Malmö","","/Malm%C3%B6/Myrorna/2537763","","http://maps.google.se/maps?f=q&source=s_q&hl=sv&geocode=&q=Ystadv%c3%a4gen%2c+21430%2c+MALM%c3%96%2c+Sweden"
66,"Myrorna","2537793","018-60 14 16","Uppsala","","/Uppsala/Myrorna/2537793","","http://maps.google.se/maps?f=q&source=s_q&hl=sv&geocode=&q=Kungs%c3%a4ngsgatan%2c+75322%2c+UPPSALA%2c+Sweden"
67,"Myrorna","2537796","021-38 05 91","Västerås","","/V%C3%A4ster%C3%A5s/Myrorna/2537796","","http://maps.google.se/maps?f=q&source=s_q&hl=sv&geocode=&q=Stora+Gatan%2c+72212%2c+V%c3%84STER%c3%85S%2c+Sweden"
68,"Myrorna","2537797","031-709 93 10","Angered","","/Angered/Myrorna/2537797","","http://maps.google.se/maps?f=q&source=s_q&hl=sv&geocode=&q=Stor%c3%a5s+Industrigata+19%2c+42469%2c+ANGERED%2c+Sweden"
69,"Myrorna","2537807","018-59 01 40","Uppsala","","/Uppsala/Myrorna/2537807","","http://maps.google.se/maps?f=q&source=s_q&hl=sv&geocode=&q=Sysslomansgatan%2c+75313%2c+UPPSALA%2c+Sweden"
70,"Myrorna","2537815","08-556 059 82","Stockholm","","/Stockholm/Myrorna/2537815","","http://maps.google.se/maps?f=q&source=s_q&hl=sv&geocode=&q=Hornsgatan%2c+11821%2c+STOCKHOLM%2c+Sweden"
71,"Myrorna","2537819","08-545 436 60","Stockholm","","/Stockholm/Myrorna/2537819","","http://maps.google.se/maps?f=q&source=s_q&hl=sv&geocode=&q=Tomtebogatan%2c+11339%2c+STOCKHOLM%2c+Sweden"
72,"Myrorna","2537820","08-556 033 68","Stockholm","","/Stockholm/Myrorna/2537820","","http://maps.google.se/maps?f=q&source=s_q&hl=sv&geocode=&q=G%c3%b6tgatan%2c+11662%2c+STOCKHOLM%2c+Sweden"
73,"Myrorna","2537837","023-70 98 90","Falun","","/Falun/Myrorna/2537837","","http://maps.google.se/maps?f=q&source=s_q&hl=sv&geocode=&q=Holmgatan%2c+79171%2c+FALUN%2c+Sweden"
74,"Myrorna","2537844","031-701 89 32","Göteborg","","/G%C3%B6teborg/Myrorna/2537844","","http://maps.google.se/maps?f=q&source=s_q&hl=sv&geocode=&q=J%c3%a4rntorgsgatan%2c+41301%2c+G%c3%96TEBORG%2c+Sweden"
75,"Myrorna","2537880","08-28 49 60","Sundbyberg","","/Sundbyberg/Myrorna/2537880","","http://maps.google.se/maps?f=q&source=s_q&hl=sv&geocode=&q=Sturegatan%2c+17231%2c+SUNDBYBERG%2c+Sweden"
76,"Myrorna","2637321","08-35 60 02","Järfälla","","/J%C3%A4rf%C3%A4lla/Myrorna/2637321","","http://maps.google.se/maps?f=q&source=s_q&hl=sv&geocode=&q=Torn%c3%a9rplatsen+30%2c+17730%2c+J%c3%84RF%c3%84LLA%2c+Sweden"
77,"Myrorna","2923946","08-120 198 20","Malmö","","/Malm%C3%B6/Myrorna/2923946","","http://maps.google.se/maps?f=q&source=s_q&hl=sv&geocode=&q=Hyllie+Stationsv%c3%a4g+22%2c+21532%2c+MALM%c3%96%2c+Sweden"
78,"Myrorna","2924373","018-12 90 10","Uppsala","","/Uppsala/Myrorna/2924373","","http://maps.google.se/maps?f=q&source=s_q&hl=sv&geocode=&q=Bolandsgatan+15+C%2c+75323%2c+UPPSALA%2c+Sweden"
79,"Myrorna Insamlingsstation","2537771","019-672 14 96","Örebro","","/%C3%96rebro/Myrorna_Insamlingsstation/2537771","","http://maps.google.se/maps?f=q&source=s_q&hl=sv&geocode=&q=Argongatan+104%2c+70374%2c+%c3%96REBRO%2c+Sweden"
80,"Myrornas Förskola","1121999","0171-262 68","Enköping","","/Enk%C3%B6ping/Myrornas_F%C3%B6rskola/1121999","","http://maps.google.se/maps?f=q&source=s_q&hl=sv&geocode=&q=%c3%85kersbergsv%c3%a4gen+1%2c+74944%2c+ENK%c3%96PING%2c+Sweden"
81,"Myrornas Insamlingscentral","2537770","020-140 00 44","Årsta","","/%C3%85rsta/Myrornas_Insamlingscentral/2537770","","http://maps.google.se/maps?f=q&source=s_q&hl=sv&geocode=&q=Partihandlarv%c3%a4gen+47%2c+12044%2c+%c3%85RSTA%2c+Sweden"
82,"Myrra Blå Aromaterapi","324044","0413-54 01 19","Stehag","","/Stehag/Myrra_Bl%C3%A5_Aromaterapi/324044","","http://maps.google.se/maps?f=q&source=s_q&hl=sv&geocode=&q=Hasslebrov%c3%a4gen+16%2c+24174%2c+STEHAG%2c+Sweden"
83,"Myrra Design & Inredning AB","603532","018-12 10 25","Uppsala","","/Uppsala/Myrra_Design__Inredning_AB/603532","","http://maps.google.se/maps?f=q&source=s_q&hl=sv&geocode=&q=St%c3%a5lgatan+23%2c+75450%2c+UPPSALA%2c+Sweden"
84,"Myrra Design & Inredning AB","816770","018-12 10 25","Uppsala","","/Uppsala/Myrra_Design__Inredning_AB/816770","","http://maps.google.se/maps?f=q&source=s_q&hl=sv&geocode=&q=Vaksalagatan+4%2c+75320%2c+UPPSALA%2c+Sweden"
85,"Myrra Hudsalong","257336","0455-181 65","Karlskrona","","/Karlskrona/Myrra_Hudsalong/257336","","http://maps.google.se/maps?f=q&source=s_q&hl=sv&geocode=&q=%c3%96stra+Sk%c3%a4rfva+Byv%c3%a4g+31%2c+37191%2c+KARLSKRONA%2c+Sweden"
86,"Myrsell Lantbruks AB","307600","0505-200 06","Töreboda","","/T%C3%B6reboda/Myrsell_Lantbruks_AB/307600","","http://maps.google.se/maps?f=q&source=s_q&hl=sv&geocode=&q=L%c3%b6v%c3%a5sen+Pr%c3%a4stg%c3%a5rden+3%2c+54590%2c+T%c3%96REBODA%2c+Sweden"
87,"Myrsell, Mats","1364521","0225-440 65","Stora skedvi","","/Stora_skedvi/Myrsell_Mats/1364521","","http://maps.google.se/maps?f=q&source=s_q&hl=sv&geocode=&q=Markusbo+1%2c+78392%2c+STORA+SKEDVI%2c+Sweden"
88,"Myrseth, Alf","351208","046-39 66 50","Lund","","/Lund/Myrseth_Alf/351208","","http://maps.google.se/maps?f=q&source=s_q&hl=sv&geocode=&q=F%c3%a4ladstorget+3+D%2c+22647%2c+LUND%2c+Sweden"
89,"Myrsidans Rör AB","938833","","Kvicksund","http://www.myrsidansror.com","/Kvicksund/Myrsidans_R%C3%B6r_AB/938833","","http://maps.google.se/maps?f=q&source=s_q&hl=sv&geocode=&q=V%c3%a4stra+Rasholmsv%c3%a4gen+11%2c+63532%2c+KVICKSUND%2c+Sweden"
90,"Myrsjögård","2770741","","Fjärdhundra","","/Fj%C3%A4rdhundra/Myrsj%C3%B6g%C3%A5rd/2770741","","http://maps.google.se/maps?f=q&source=s_q&hl=sv&geocode=&q=Torstuna+Myrsj%c3%b6+G%c3%a5rd+1%2c+74972%2c+FJ%c3%84RDHUNDRA%2c+Sweden"
91,"Myrsjöskolan","2166704","08-718 85 50","Saltsjö-boo","http://www.myrsjo.nacka.se","/Saltsj%C3%B6_boo/Myrsj%C3%B6skolan/2166704","","http://maps.google.se/maps?f=q&source=s_q&hl=sv&geocode=&q=Mens%c3%a4ttrav%c3%a4gen+42%2c+13231%2c+SALTSJ%c3%96-BOO%2c+Sweden"
92,"Myrskärens Egnahemsförening","2524575","0171-590 29","Bålsta","","/B%C3%A5lsta/Myrsk%C3%A4rens_Egnahemsf%C3%B6rening/2524575","","http://maps.google.se/maps?f=q&source=s_q&hl=sv&geocode=&q=V%c3%a4stra+Myrsk%c3%a4ren+14%2c+74691%2c+B%c3%85LSTA%2c+Sweden"
93,"Myrsloken Consulting AB","2740606","","Bromma","","/Bromma/Myrsloken_Consulting_AB/2740606","","http://maps.google.se/maps?f=q&source=s_q&hl=sv&geocode=&q=Malungsv%c3%a4gen+11%2c+16775%2c+BROMMA%2c+Sweden"
94,"Myrstacken","602224","0340-65 54 27","Åsa","","/%C3%85sa/Myrstacken/602224","","http://maps.google.se/maps?f=q&source=s_q&hl=sv&geocode=&q=Kumlabacken+3%2c+43953%2c+%c3%85SA%2c+Sweden"
95,"Myrstacken AB","170184","0910-960 60","Kåge","","/K%C3%A5ge/Myrstacken_AB/170184","","http://maps.google.se/maps?f=q&source=s_q&hl=sv&geocode=&q=S%c3%b6dra+Svedjan+29%2c+93494%2c+K%c3%85GE%2c+Sweden"
96,"Myrstacken Daghem Förskola Fritidshem","1430762","0151-192 65","Vingåker","","/Ving%C3%A5ker/Myrstacken_Daghem_F%C3%B6rskola_Fritidshem/1430762","","http://maps.google.se/maps?f=q&source=s_q&hl=sv&geocode=&q=Parkv%c3%a4gen+15%2c+64330%2c+VING%c3%85KER%2c+Sweden"
97,"Myrstacken Daghem Förskola Fritidshem","1709432","0511-321 17","Skara","","/Skara/Myrstacken_Daghem_F%C3%B6rskola_Fritidshem/1709432","","http://maps.google.se/maps?f=q&source=s_q&hl=sv&geocode=&q=S%3at+Persgatan+14%2c+53235%2c+SKARA%2c+Sweden"
98,"Myrstacken Förskola Fritidshem","1386097","0477-443 42","Tingsryd","","/Tingsryd/Myrstacken_F%C3%B6rskola_Fritidshem/1386097","","http://maps.google.se/maps?f=q&source=s_q&hl=sv&geocode=&q=Bj%c3%b6rkv%c3%a4gen+23%2c+36231%2c+TINGSRYD%2c+Sweden"
99,"Myrstacken Förskola Fritidshem","1425198","0380-51 86 03","Nässjö","","/N%C3%A4ssj%C3%B6/Myrstacken_F%C3%B6rskola_Fritidshem/1425198","","http://maps.google.se/maps?f=q&source=s_q&hl=sv&geocode=&q=Brinellgatan+14%2c+57135%2c+N%c3%84SSJ%c3%96%2c+Sweden"
100,"Myrstacken Förskoleklass/Fritidshem","1711965","08-530 637 51","Tumba","","/Tumba/Myrstacken_F%C3%B6rskoleklass_Fritidshem/1711965","","http://maps.google.se/maps?f=q&source=s_q&hl=sv&geocode=&q=Ekv%c3%a4gen+15%2c+14733%2c+TUMBA%2c+Sweden"
101,"Myrstacken Fritidshem, Fritidsklubb","1418679","0481-450 42","Nybro","","/Nybro/Myrstacken_Fritidshem_Fritidsklubb/1418679","","http://maps.google.se/maps?f=q&source=s_q&hl=sv&geocode=&q=Linneav%c3%a4gen+16%2c+38232%2c+NYBRO%2c+Sweden"
102,"Myrstacken Fritidsklubb","1713692","0470-410 00","Växjö","","/V%C3%A4xj%C3%B6/Myrstacken_Fritidsklubb/1713692","","http://maps.google.se/maps?f=q&source=s_q&hl=sv&geocode=&q=Framn%c3%a4sv%c3%a4gen%2c+35239%2c+V%c3%84XJ%c3%96%2c+Sweden"
103,"Myrstacken i Stockholm","585694","08-411 05 55","Stockholm","","/Stockholm/Myrstacken_i_Stockholm/585694","","http://maps.google.se/maps?f=q&source=s_q&hl=sv&geocode=&q=Torbj%c3%b6rn+Klockares+gata+21%2c+11330%2c+STOCKHOLM%2c+Sweden"
104,"Myrstacken Invest AB","2635213","","Nacka","","/Nacka/Myrstacken_Invest_AB/2635213","","http://maps.google.se/maps?f=q&source=s_q&hl=sv&geocode=&q=%c3%96stra+Finnbodav%c3%a4gen+15%2c+13172%2c+NACKA%2c+Sweden"
105,"Myrstackens förskola","1093003","046-73 92 11","Barsebäck","","/Barseb%C3%A4ck/Myrstackens_f%C3%B6rskola/1093003","","http://maps.google.se/maps?f=q&source=s_q&hl=sv&geocode=&q=Byv%c3%a4gen+5%2c+24657%2c+BARSEB%c3%84CK%2c+Sweden"
106,"Myrstackens förskola","1287091","0918-336 03","Norsjö","","/Norsj%C3%B6/Myrstackens_f%C3%B6rskola/1287091","","http://maps.google.se/maps?f=q&source=s_q&hl=sv&geocode=&q=Skolgatan+23%2c+93532%2c+NORSJ%c3%96%2c+Sweden"
107,"Myrstackens Förskola","1459236","0248-701 85","Rättvik","","/R%C3%A4ttvik/Myrstackens_F%C3%B6rskola/1459236","","http://maps.google.se/maps?f=q&source=s_q&hl=sv&geocode=&q=Golfv%c3%a4gen+9%2c+79533%2c+R%c3%84TTVIK%2c+Sweden"
108,"Myrstackens Fritidsgård","1453042","0470-411 94","Växjö","","/V%C3%A4xj%C3%B6/Myrstackens_Fritidsg%C3%A5rd/1453042","","http://maps.google.se/maps?f=q&source=s_q&hl=sv&geocode=&q=Gamla+Norrv%c3%a4gen%2c+35243%2c+V%c3%84XJ%c3%96%2c+Sweden"
109,"Myrstads Transport Service","1941015","","Örebro","","/%C3%96rebro/Myrstads_Transport_Service/1941015","","http://maps.google.se/maps?f=q&source=s_q&hl=sv&geocode=&q=Tunnelgatan+10+B%2c+70363%2c+%c3%96REBRO%2c+Sweden"
110,"Myrstedt Konsultation och Rådgivning","1970857","","Stockholm","","/Stockholm/Myrstedt_Konsultation_och_R%C3%A5dgivning/1970857","","http://maps.google.se/maps?f=q&source=s_q&hl=sv&geocode=&q=S%c3%b6dermannagatan+42%2c+11640%2c+STOCKHOLM%2c+Sweden"
111,"Myrsteg. Coaching Mm.","2042067","","Svedala","","/Svedala/Myrsteg_Coaching_Mm/2042067","","http://maps.google.se/maps?f=q&source=s_q&hl=sv&geocode=&q=Skabersj%c3%b6+Bygata+5%2c+23392%2c+SVEDALA%2c+Sweden"
112,"Myrsten, AB Karl","2505276","08-541 307 58","Vaxholm","","/Vaxholm/Myrsten_AB_Karl/2505276","","http://maps.google.se/maps?f=q&source=s_q&hl=sv&geocode=&q=Nygatan+2%2c+18534%2c+VAXHOLM%2c+Sweden"
113,"Myrstugubergets Friskola","496621","08-740 23 22","Vårby","http://www.myrstuguskolan.se","/V%C3%A5rby/Myrstugubergets_Friskola/496621","","http://maps.google.se/maps?f=q&source=s_q&hl=sv&geocode=&q=Myrstuguv%c3%a4gen+357%2c+14332%2c+V%c3%85RBY%2c+Sweden"
114,"Myrtall AB","2700435","","Borlänge","","/Borl%C3%A4nge/Myrtall_AB/2700435","","http://maps.google.se/maps?f=q&source=s_q&hl=sv&geocode=&q=Forskargatan+3%2c+78170%2c+BORL%c3%84NGE%2c+Sweden"
115,"Myrtel Management AB","2875930","031-761 00 60","Sollentuna","","/Sollentuna/Myrtel_Management_AB/2875930","","http://maps.google.se/maps?f=q&source=s_q&hl=sv&geocode=&q=Brunkebergs%c3%a5sen+32+B%2c+19266%2c+SOLLENTUNA%2c+Sweden"
116,"Myrten AB","495404","0521-615 50","Vänersborg","","/V%C3%A4nersborg/Myrten_AB/495404","","http://maps.google.se/maps?f=q&source=s_q&hl=sv&geocode=&q=Edsgatan+4%2c+46234%2c+V%c3%84NERSBORG%2c+Sweden"
117,"Myrtengården Servicehus Ålderdomshem","2199218","0227-310 18","Kungsör","","/Kungs%C3%B6r/Myrteng%C3%A5rden_Servicehus_%C3%85lderdomshem/2199218","","http://maps.google.se/maps?f=q&source=s_q&hl=sv&geocode=&q=Kinnekullev%c3%a4gen+5%2c+73634%2c+KUNGS%c3%96R%2c+Sweden"
118,"Myrtenkransen AB","1133252","08-87 79 79","Stockholm","http://www.myrtenkransen.se","/Stockholm/Myrtenkransen_AB/1133252","mailto:kontakt@myrtenkransen.se","http://maps.google.se/maps?f=q&source=s_q&hl=sv&geocode=&q=G%c3%b6tgatan+96%2c+11862%2c+STOCKHOLM%2c+Sweden"
119,"Myrtillus Media","208193","0490-702 06","Oxie","","/Oxie/Myrtillus_Media/208193","","http://maps.google.se/maps?f=q&source=s_q&hl=sv&geocode=&q=N+P+Sk%c3%b6lds+V%c3%a4g+33%2c+23841%2c+OXIE%2c+Sweden"
120,"Myrtorps Vattenverk","2695342","0560-126 15","Torsby","","/Torsby/Myrtorps_Vattenverk/2695342","","http://maps.google.se/maps?f=q&source=s_q&hl=sv&geocode=&q=S%c3%b6rmark+50%2c+68593%2c+TORSBY%2c+Sweden"
121,"Myrtveit, Oskar","1814312","0563-407 80","Ekshärad","","/Eksh%C3%A4rad/Myrtveit_Oskar/1814312","","http://maps.google.se/maps?f=q&source=s_q&hl=sv&geocode=&q=Halla+Storlarsg%c3%a5rden%2c+68050%2c+EKSH%c3%84RAD%2c+Sweden"
122,"Myrull","803442","","Östra ryd","","/%C3%96stra_ryd/Myrull/803442","","http://maps.google.se/maps?f=q&source=s_q&hl=sv&geocode=&q=Dundersberg%2c+61496%2c+%c3%96STRA+RYD%2c+Sweden"
123,"Myrviken Bygg AB","1906966","0643-103 22","Oviken","","/Oviken/Myrviken_Bygg_AB/1906966","","http://maps.google.se/maps?f=q&source=s_q&hl=sv&geocode=&q=V%c3%a4stn%c3%a5r+470%2c+83024%2c+OVIKEN%2c+Sweden"
124,"Myrvikens hälsocentral","1296210","0643-44 55 20","Oviken","","/Oviken/Myrvikens_h%C3%A4lsocentral/1296210","","http://maps.google.se/maps?f=q&source=s_q&hl=sv&geocode=&q=Krokv%c3%a4gen+6+D%2c+83024%2c+OVIKEN%2c+Sweden"
125,"Myrvikens Skola","1790906","0643-44 55 66","Oviken","","/Oviken/Myrvikens_Skola/1790906","","http://maps.google.se/maps?f=q&source=s_q&hl=sv&geocode=&q=Box+23%2c+83024%2c+OVIKEN%2c+Sweden"
126,"Myrvikens Taxi","572012","0643-108 76","Östersund","","/%C3%96stersund/Myrvikens_Taxi/572012","","http://maps.google.se/maps?f=q&source=s_q&hl=sv&geocode=&q=K%c3%b6pmangatan+61%2c+83133%2c+%c3%96STERSUND%2c+Sweden"
127,"Myrvold VVS","895912","","Blentarp","","/Blentarp/Myrvold_VVS/895912","","http://maps.google.se/maps?f=q&source=s_q&hl=sv&geocode=&q=%c3%84ngav%c3%a4gen+4%2c+27563%2c+BLENTARP%2c+Sweden"
128,"Myrvold, Vivi-Anne","283435","0571-121 30","Koppom","","/Koppom/Myrvold_Vivi_Anne/283435","","http://maps.google.se/maps?f=q&source=s_q&hl=sv&geocode=&q=Mosstakan+Nystuga%2c+67041%2c+KOPPOM%2c+Sweden"
129,"Myrvolds Maskiner AB","598098","0573-130 50","Årjäng","","/%C3%85rj%C3%A4ng/Myrvolds_Maskiner_AB/598098","","http://maps.google.se/maps?f=q&source=s_q&hl=sv&geocode=&q=Storgatan+44%2c+67230%2c+%c3%85RJ%c3%84NG%2c+Sweden"
130,"Myrza Fastighetsaktiebolag","2705943","08-411 79 50","Stockholm","","/Stockholm/Myrza_Fastighetsaktiebolag/2705943","","http://maps.google.se/maps?f=q&source=s_q&hl=sv&geocode=&q=V%c3%a4sterl%c3%a5nggatan+27%2c+11129%2c+STOCKHOLM%2c+Sweden"
131,"Mys","726832","08-94 93 65","Farsta","","/Farsta/Mys/726832","","http://maps.google.se/maps?f=q&source=s_q&hl=sv&geocode=&q=Brunskogsbacken+10%2c+12371%2c+FARSTA%2c+Sweden"
132,"My's Blommor","1062604","0485-386 98","Färjestaden","http://www.mysblommor.se","/F%C3%A4rjestaden/Mys_Blommor/1062604","","http://maps.google.se/maps?f=q&source=s_q&hl=sv&geocode=&q=Torslunda+102%2c+38696%2c+F%c3%84RJESTADEN%2c+Sweden"
133,"Mys Blommor & Ting","1858456","0240-166 00","Sätila","","/S%C3%A4tila/Mys_Blommor__Ting/1858456","","http://maps.google.se/maps?f=q&source=s_q&hl=sv&geocode=&q=Fridhemsv%c3%a4gen+5%2c+51199%2c+S%c3%84TILA%2c+Sweden"
134,"My's Doft & Massage Aromaterapi","662628","","Gävle","","/G%C3%A4vle/Mys_Doft__Massage_Aromaterapi/662628","","http://maps.google.se/maps?f=q&source=s_q&hl=sv&geocode=&q=Idrottsall%c3%a9n+41+B%2c+80649%2c+G%c3%84VLE%2c+Sweden"
135,"Mys Fönsterputs & Städ","471399","08-712 97 06","Tyresö","","/Tyres%C3%B6/Mys_F%C3%B6nsterputs__St%C3%A4d/471399","mailto:mys.fonsterputs@telia.com","http://maps.google.se/maps?f=q&source=s_q&hl=sv&geocode=&q=Pluggv%c3%a4gen+49%2c+13546%2c+TYRES%c3%96%2c+Sweden"
136,"My's Fotklinik","715051","035-12 87 19","Halmstad","","/Halmstad/Mys_Fotklinik/715051","","http://maps.google.se/maps?f=q&source=s_q&hl=sv&geocode=&q=Fredriksvallsgatan+7%2c+30232%2c+HALMSTAD%2c+Sweden"
137,"Mys Hundtrim","2369435","","Linköping","","/Link%C3%B6ping/Mys_Hundtrim/2369435","","http://maps.google.se/maps?f=q&source=s_q&hl=sv&geocode=&q=Skogsgatan+85%2c+58723%2c+LINK%c3%96PING%2c+Sweden"
138,"Mys i Ull","447802","0911-639 52","Piteå","","/Pite%C3%A5/Mys_i_Ull/447802","","http://maps.google.se/maps?f=q&source=s_q&hl=sv&geocode=&q=Furun%c3%a4sv%c3%a4gen+67+A%2c+94151%2c+PITE%c3%85%2c+Sweden"
139,"MYS Mobile Yacht Service","1838202","","Halmstad","http://www.mobileyachtservice.se","/Halmstad/MYS_Mobile_Yacht_Service/1838202","mailto:info@mobileyachtservice.se","http://maps.google.se/maps?f=q&source=s_q&hl=sv&geocode=&q=Fiskaregatan%2c+30290%2c+HALMSTAD%2c+Sweden"
140,"Mys Naglar","110206","08-33 32 95","Stockholm","http://www.mysnaglar.se","/Stockholm/Mys_Naglar/110206","","http://maps.google.se/maps?f=q&source=s_q&hl=sv&geocode=&q=Torsgatan+38%2c+11362%2c+STOCKHOLM%2c+Sweden"
141,"Mys Pys Leksaker","702649","0515-811 50","Falköping","","/Falk%C3%B6ping/Mys_Pys_Leksaker/702649","","http://maps.google.se/maps?f=q&source=s_q&hl=sv&geocode=&q=Storgatan+22-26%2c+52142%2c+FALK%c3%96PING%2c+Sweden"
142,"Mys Sweden AB","2925215","","Göteborg","","/G%C3%B6teborg/Mys_Sweden_AB/2925215","","http://maps.google.se/maps?f=q&source=s_q&hl=sv&geocode=&q=Kyrkogatan+42+B%2c+41115%2c+G%c3%96TEBORG%2c+Sweden"
143,"MYSAB AB","684364","0370-461 62","Värnamo","","/V%C3%A4rnamo/MYSAB_AB/684364","","http://maps.google.se/maps?f=q&source=s_q&hl=sv&geocode=&q=J%c3%b6nk%c3%b6pingsv%c3%a4gen+105%2c+33134%2c+V%c3%84RNAMO%2c+Sweden"
144,"Mysafety AB","527631","08-505 530 00","Stockholm","","/Stockholm/Mysafety_AB/527631","","http://maps.google.se/maps?f=q&source=s_q&hl=sv&geocode=&q=Tegeluddsv%c3%a4gen+76%2c+11528%2c+STOCKHOLM%2c+Sweden"
145,"Mysafety AB","2991934","08-408 380 00","Uppsala","","/Uppsala/Mysafety_AB/2991934","","http://maps.google.se/maps?f=q&source=s_q&hl=sv&geocode=&q=Vaksalagatan+10%2c+75320%2c+UPPSALA%2c+Sweden"
146,"mySafety Spärrservice","326855","08-505 530 00","Stockholm","http://www.sparrservice.se","/Stockholm/mySafety_Sp%C3%A4rrservice/326855","mailto:info@mysafety.se","http://maps.google.se/maps?f=q&source=s_q&hl=sv&geocode=&q=Tegeluddsv%c3%a4gen+76%2c+11528%2c+STOCKHOLM%2c+Sweden"
147,"Mysak Hudvård AB","2979183","046-29 28 16","Malmö","","/Malm%C3%B6/Mysak_Hudv%C3%A5rd_AB/2979183","","http://maps.google.se/maps?f=q&source=s_q&hl=sv&geocode=&q=Regementsgatan+14%2c+21142%2c+MALM%c3%96%2c+Sweden"
148,"Mysak Sport och Fritid","1745355","","Sollentuna","","/Sollentuna/Mysak_Sport_och_Fritid/1745355","","http://maps.google.se/maps?f=q&source=s_q&hl=sv&geocode=&q=Lundstr%c3%b6ms+v%c3%a4g+22%2c+19277%2c+SOLLENTUNA%2c+Sweden"
149,"Mysak´s Kennel HB","179707","060-970 62","Kovland","","/Kovland/Mysaks_Kennel_HB/179707","","http://maps.google.se/maps?f=q&source=s_q&hl=sv&geocode=&q=%c3%85se+3432%2c+86025%2c+KOVLAND%2c+Sweden"
150,"Mysalongen","561273","026-12 15 30","Gävle","","/G%C3%A4vle/Mysalongen/561273","","http://maps.google.se/maps?f=q&source=s_q&hl=sv&geocode=&q=Tallgatan+7%2c+80286%2c+G%c3%84VLE%2c+Sweden"
151,"Mysan Invest","260309","054-69 07 73","Karlstad","","/Karlstad/Mysan_Invest/260309","","http://maps.google.se/maps?f=q&source=s_q&hl=sv&geocode=&q=N%c3%a4bbgatan+4%2c+65227%2c+KARLSTAD%2c+Sweden"
152,"Myscore AB","2308385","016-200 59 33","Eskilstuna","","/Eskilstuna/Myscore_AB/2308385","","http://maps.google.se/maps?f=q&source=s_q&hl=sv&geocode=&q=S%c3%b6dra+Knoopgatan+5%2c+63226%2c+ESKILSTUNA%2c+Sweden"
153,"Myscurities AB","2006144","","Visby","","/Visby/Myscurities_AB/2006144","","http://maps.google.se/maps?f=q&source=s_q&hl=sv&geocode=&q=Gull%c3%a4ngsgatan+6%2c+62155%2c+VISBY%2c+Sweden"
154,"Mysebo AB","1568810","","Växjö","","/V%C3%A4xj%C3%B6/Mysebo_AB/1568810","","http://maps.google.se/maps?f=q&source=s_q&hl=sv&geocode=&q=Bl%c3%a5hakev%c3%a4gen+5%2c+35242%2c+V%c3%84XJ%c3%96%2c+Sweden"
155,"myself & friends","1933030","08-402 80 00","Stockholm","","/Stockholm/myself__friends/1933030","","http://maps.google.se/maps?f=q&source=s_q&hl=sv&geocode=&q=Ringv%c3%a4gen+100%2c+11860%2c+STOCKHOLM%2c+Sweden"
156,"Myselfonline AB","294738","","Västra frölunda","","/V%C3%A4stra_fr%C3%B6lunda/Myselfonline_AB/294738","","http://maps.google.se/maps?f=q&source=s_q&hl=sv&geocode=&q=Kumlesk%c3%a4rsgatan+56%2c+42158%2c+V%c3%84STRA+FR%c3%96LUNDA%2c+Sweden"
157,"Mysellr AB","2705385","08-502 556 36","Jönköping","","/J%C3%B6nk%C3%B6ping/Mysellr_AB/2705385","","http://maps.google.se/maps?f=q&source=s_q&hl=sv&geocode=&q=Sol%c3%a5sv%c3%a4gen+22%2c+55303%2c+J%c3%96NK%c3%96PING%2c+Sweden"
158,"Mysh Ekonomisk Förening","2453607","","Järfälla","","/J%C3%A4rf%C3%A4lla/Mysh_Ekonomisk_F%C3%B6rening/2453607","","http://maps.google.se/maps?f=q&source=s_q&hl=sv&geocode=&q=Termov%c3%a4gen%2c+17677%2c+J%c3%84RF%c3%84LLA%2c+Sweden"
159,"Myshörnan","2615158","08-648 78 00","Enskede","","/Enskede/Mysh%C3%B6rnan/2615158","","http://maps.google.se/maps?f=q&source=s_q&hl=sv&geocode=&q=Knektv%c3%a4gen+3%2c+12249%2c+ENSKEDE%2c+Sweden"
160,"Mysig Fastighets AB","1201554","0451-829 10","Hässleholm","","/H%C3%A4ssleholm/Mysig_Fastighets_AB/1201554","","http://maps.google.se/maps?f=q&source=s_q&hl=sv&geocode=&q=Frykholmsgatan+1%2c+28131%2c+H%c3%84SSLEHOLM%2c+Sweden"
161,"Mysiga AB","2638677","","Vansbro","http://www.mysigahem.se","/Vansbro/Mysiga_AB/2638677","mailto:info@mysigahem.se","http://maps.google.se/maps?f=q&source=s_q&hl=sv&geocode=&q=Bomled+2%2c+78050%2c+VANSBRO%2c+Sweden"
162,"Mysiga Grodan","2286296","08-515 140 34","Stockholm","","/Stockholm/Mysiga_Grodan/2286296","","http://maps.google.se/maps?f=q&source=s_q&hl=sv&geocode=&q=Birkagatan+33+A%2c+11339%2c+STOCKHOLM%2c+Sweden"
163,"Mysiga Hörnet Förskola Daghem Fritidshem","1425415","046-35 67 67","Veberöd","","/Veber%C3%B6d/Mysiga_H%C3%B6rnet_F%C3%B6rskola_Daghem_Fritidshem/1425415","","http://maps.google.se/maps?f=q&source=s_q&hl=sv&geocode=&q=Skolgatan+6%2c+24762%2c+VEBER%c3%96D%2c+Sweden"
164,"Mysiga Ting AB","1881567","0300-54 36 66","Fjärås","","/Fj%C3%A4r%C3%A5s/Mysiga_Ting_AB/1881567","","http://maps.google.se/maps?f=q&source=s_q&hl=sv&geocode=&q=Rajgr%c3%a4sv%c3%a4gen+5%2c+43971%2c+FJ%c3%84R%c3%85S%2c+Sweden"
165,"Mysigma Interim Management AB","2811857","046-60 34 30","Lund","","/Lund/Mysigma_Interim_Management_AB/2811857","","http://maps.google.se/maps?f=q&source=s_q&hl=sv&geocode=&q=Stora+Gr%c3%a5br%c3%b6dersgatan+16+B%2c+22222%2c+LUND%2c+Sweden"
166,"Mysigma Lund AB","1738292","046-30 34 30","Lund","http://www.mysigma.se","/Lund/Mysigma_Lund_AB/1738292","mailto:kontakt@mysigma.se","http://maps.google.se/maps?f=q&source=s_q&hl=sv&geocode=&q=Stora+Gr%c3%a5br%c3%b6dersgatan+16+B%2c+22222%2c+LUND%2c+Sweden"
167,"Mysinge Livs","930793","0173-400 02","Gimo","http://mysingelivs.se/","/Gimo/Mysinge_Livs/930793","mailto:bennopettersson@hotmail.com","http://maps.google.se/maps?f=q&source=s_q&hl=sv&geocode=&q=Sol%c3%a4ngsgatan+1%2c+74741%2c+GIMO%2c+Sweden"
168,"Mysinge Skog AB","1115827","0474-312 60","Lenhovda","","/Lenhovda/Mysinge_Skog_AB/1115827","","http://maps.google.se/maps?f=q&source=s_q&hl=sv&geocode=&q=Tingsgatan+5%2c+36073%2c+LENHOVDA%2c+Sweden"
169,"Mysinge Stenhuggeri Bröderna Martinsson","862182","0485-405 93","Mörbylånga","http://www.mysingesten.se","/M%C3%B6rbyl%C3%A5nga/Mysinge_Stenhuggeri_Br%C3%B6derna_Martinsson/862182","mailto:info@mysingesten.se","http://maps.google.se/maps?f=q&source=s_q&hl=sv&geocode=&q=Mysinge+105%2c+38660%2c+M%c3%96RBYL%c3%85NGA%2c+Sweden"
170,"Mysingen Daghem Barnstuga Förskola","1294643","0250-55 23 13","Orsa","","/Orsa/Mysingen_Daghem_Barnstuga_F%C3%B6rskola/1294643","","http://maps.google.se/maps?f=q&source=s_q&hl=sv&geocode=&q=Str%c3%b6m+Pers+V%c3%a4g+19+D%2c+79432%2c+ORSA%2c+Sweden"
171,"Mysingen Förskoleklass, fritidshem","1277615","0454-817 81","Mörrum","","/M%C3%B6rrum/Mysingen_F%C3%B6rskoleklass_fritidshem/1277615","","http://maps.google.se/maps?f=q&source=s_q&hl=sv&geocode=&q=Bolsv%c3%a4gen+20%2c+37534%2c+M%c3%96RRUM%2c+Sweden"
172,"Mysingen Pizzeria","2261656","0520-147 48","Trollhättan","","/Trollh%C3%A4ttan/Mysingen_Pizzeria/2261656","","http://maps.google.se/maps?f=q&source=s_q&hl=sv&geocode=&q=Frostm%c3%a4tarev%c3%a4gen+162%2c+46164%2c+TROLLH%c3%84TTAN%2c+Sweden"
173,"Mysingens Kläder o. Prylar","567824","08-542 414 81","Ljusterö","","/Ljuster%C3%B6/Mysingens_Kl%C3%A4der_o_Prylar/567824","","http://maps.google.se/maps?f=q&source=s_q&hl=sv&geocode=&q=Ljuster%c3%b6+Torg%2c+18495%2c+LJUSTER%c3%96%2c+Sweden"
174,"MysInn","220801","0415-400 58","Hörby","","/H%C3%B6rby/MysInn/220801","","http://maps.google.se/maps?f=q&source=s_q&hl=sv&geocode=&q=%c3%96straby+9097%2c+24297%2c+H%c3%96RBY%2c+Sweden"
175,"Myskelåsens Catering","509075","0650-74 14 81","Hede","","/Hede/Myskel%C3%A5sens_Catering/509075","","http://maps.google.se/maps?f=q&source=s_q&hl=sv&geocode=&q=L%c3%a5ngtj%c3%a4rnsgr%c3%a4nd+8%2c+84093%2c+HEDE%2c+Sweden"
176,"Myskje Macken","758361","0270-42 55 60","Söderala","http://myskjemacken-soderala.clearsearch.se","/S%C3%B6derala/Myskje_Macken/758361","mailto:myskje.macken@soderhamn.com","http://maps.google.se/maps?f=q&source=s_q&hl=sv&geocode=&q=Skomakarev%c3%a4gen+2%2c+82692%2c+S%c3%96DERALA%2c+Sweden"
177,"Myskje Svets & Montage","1820935","0270-28 80 28","Marmaverken","","/Marmaverken/Myskje_Svets__Montage/1820935","","http://maps.google.se/maps?f=q&source=s_q&hl=sv&geocode=&q=Myskje+650%2c+82026%2c+MARMAVERKEN%2c+Sweden"
178,"Myskoxcentrum i Härjedalen","2351360","","Tännäs","","/T%C3%A4nn%C3%A4s/Myskoxcentrum_i_H%C3%A4rjedalen/2351360","","http://maps.google.se/maps?f=q&source=s_q&hl=sv&geocode=&q=Bygatan+29%2c+84094%2c+T%c3%84NN%c3%84S%2c+Sweden"
179,"MysMagnus Friskvård","1017877","","Grästorp","","/Gr%C3%A4storp/MysMagnus_Friskv%C3%A5rd/1017877","mailto:mysmagnus@telia.com","http://maps.google.se/maps?f=q&source=s_q&hl=sv&geocode=&q=Bj%c3%a4rby+Nordhem+2%2c+46796%2c+GR%c3%84STORP%2c+Sweden"
180,"Mysmat i Göteborg AB","2835206","0303-130 80","Kungälv","","/Kung%C3%A4lv/Mysmat_i_G%C3%B6teborg_AB/2835206","","http://maps.google.se/maps?f=q&source=s_q&hl=sv&geocode=&q=Filaregatan+17%2c+44234%2c+KUNG%c3%84LV%2c+Sweden"
181,"Mysmile Sweden AB","2755652","","Växjö","","/V%C3%A4xj%C3%B6/Mysmile_Sweden_AB/2755652","","http://maps.google.se/maps?f=q&source=s_q&hl=sv&geocode=&q=P+G+Vejdes+V%c3%a4g+7%2c+35252%2c+V%c3%84XJ%c3%96%2c+Sweden"
182,"MySoft AB","627945","08-449 89 00","Stockholm","http://www.mysoft.se","/Stockholm/MySoft_AB/627945","mailto:info@mysoft.se","http://maps.google.se/maps?f=q&source=s_q&hl=sv&geocode=&q=%c3%85rsta%c3%a4ngsv%c3%a4gen+17%2c+11743%2c+STOCKHOLM%2c+Sweden"
183,"Mysons Fritidskläder","474259","0173-175 50","Östhammar","","/%C3%96sthammar/Mysons_Fritidskl%C3%A4der/474259","mailto:pelle.myson@osthammar.mail.telia.com","http://maps.google.se/maps?f=q&source=s_q&hl=sv&geocode=&q=Norra+Tullportsgatan+2%2c+74231%2c+%c3%96STHAMMAR%2c+Sweden"
184,"Mysoxen Fastigheter AB","2767107","0680-170 00","Sveg","","/Sveg/Mysoxen_Fastigheter_AB/2767107","","http://maps.google.se/maps?f=q&source=s_q&hl=sv&geocode=&q=Fj%c3%a4llv%c3%a4gen+12%2c+84232%2c+SVEG%2c+Sweden"
185,"Myspace AB","1359472","08-506 665 00","Skärholmen","","/Sk%C3%A4rholmen/Myspace_AB/1359472","","http://maps.google.se/maps?f=q&source=s_q&hl=sv&geocode=&q=%c3%96rns%c3%a4trabacken+120%2c+12736%2c+SK%c3%84RHOLMEN%2c+Sweden"
186,"Myspeak","1874195","031-315 71 51","Lerum","","/Lerum/Myspeak/1874195","","http://maps.google.se/maps?f=q&source=s_q&hl=sv&geocode=&q=Almek%c3%a4rrsv%c3%a4gen+41%2c+44339%2c+LERUM%2c+Sweden"
187,"Myspers Måleri","2286084","031-26 94 08","Göteborg","","/G%C3%B6teborg/Myspers_M%C3%A5leri/2286084","","http://maps.google.se/maps?f=q&source=s_q&hl=sv&geocode=&q=Drejaregatan+17%2c+41507%2c+G%c3%96TEBORG%2c+Sweden"
188,"Myspers Måleri AB","2678992","031-26 94 08","Göteborg","","/G%C3%B6teborg/Myspers_M%C3%A5leri_AB/2678992","","http://maps.google.se/maps?f=q&source=s_q&hl=sv&geocode=&q=Drejaregatan+17%2c+41507%2c+G%c3%96TEBORG%2c+Sweden"
189,"Myspoolen AB","529426","08-792 32 31","Täby","http://www.myspoolen.se","/T%C3%A4by/Myspoolen_AB/529426","mailto:myspoolen@telia.com","http://maps.google.se/maps?f=q&source=s_q&hl=sv&geocode=&q=S%c3%a4lgv%c3%a4gen+58%2c+18735%2c+T%c3%84BY%2c+Sweden"
190,"MySQL AB","427494","018-29 16 10","Kista","","/Kista/MySQL_AB/427494","","http://maps.google.se/maps?f=q&source=s_q&hl=sv&geocode=&q=Kronborgsgr%c3%a4nd+17%2c+16446%2c+KISTA%2c+Sweden"
191,"Myssjönäsets Byggnadsförening","443611","0643-410 00","Oviken","","/Oviken/Myssj%C3%B6n%C3%A4sets_Byggnadsf%C3%B6rening/443611","","http://maps.google.se/maps?f=q&source=s_q&hl=sv&geocode=&q=L%c3%a5ngsved%2c+83024%2c+OVIKEN%2c+Sweden"
192,"Myssliboden Westerling HB","954898","0521-25 40 10","Frändefors","http://www.myssliboden.se","/Fr%C3%A4ndefors/Myssliboden_Westerling_HB/954898","mailto:info@myssliboden.se","http://maps.google.se/maps?f=q&source=s_q&hl=sv&geocode=&q=Mossen+621%2c+46294%2c+FR%c3%84NDEFORS%2c+Sweden"
193,"Myst Hälsa & Produktion","1819939","","Mora","http://www.mysthalsa.se","/Mora/Myst_H%C3%A4lsa__Produktion/1819939","","http://maps.google.se/maps?f=q&source=s_q&hl=sv&geocode=&q=Selja+Byv%c3%a4g+18%2c+79294%2c+MORA%2c+Sweden"
194,"Myst Stockholm","103173","08-689 92 89","Huddinge","","/Huddinge/Myst_Stockholm/103173","","http://maps.google.se/maps?f=q&source=s_q&hl=sv&geocode=&q=Lottastigen+3%2c+14137%2c+HUDDINGE%2c+Sweden"
195,"Mystacken förskola","2345115","0570-188 24","Arvika","","/Arvika/Mystacken_f%C3%B6rskola/2345115","","http://maps.google.se/maps?f=q&source=s_q&hl=sv&geocode=&q=Rackstav%c3%a4gen+19-21%2c+67141%2c+ARVIKA%2c+Sweden"
196,"Mystar - Global Star Registry AB","685880","020-27 50 00","Stockholm","http://www.mystar.se","/Stockholm/Mystar___Global_Star_Registry_AB/685880","mailto:support.se@globalstarregistry.com","http://maps.google.se/maps?f=q&source=s_q&hl=sv&geocode=&q=Norrlandsgatan+31%2c+11143%2c+STOCKHOLM%2c+Sweden"
197,"Mystax Bygg AB","897249","0176-26 01 74","Bergshamra","","/Bergshamra/Mystax_Bygg_AB/897249","","http://maps.google.se/maps?f=q&source=s_q&hl=sv&geocode=&q=Virkesv%c3%a4gen+4%2c+76010%2c+BERGSHAMRA%2c+Sweden"
198,"Mysten","2617523","031-724 61 00","Landvetter","","/Landvetter/Mysten/2617523","","http://maps.google.se/maps?f=q&source=s_q&hl=sv&geocode=&q=H%c3%a4rkeshultsv%c3%a4gen+30%2c+43835%2c+LANDVETTER%2c+Sweden"
199,"Mystere Holding AB","828088","","Askim","","/Askim/Mystere_Holding_AB/828088","","http://maps.google.se/maps?f=q&source=s_q&hl=sv&geocode=&q=%c3%96g%c3%a4rdesv%c3%a4gen+12%2c+43640%2c+ASKIM%2c+Sweden"
200,"Mysterier i Farten AB","1968999","","Ystad","","/Ystad/Mysterier_i_Farten_AB/1968999","","http://maps.google.se/maps?f=q&source=s_q&hl=sv&geocode=&q=Box+166%2c+27124%2c+YSTAD%2c+Sweden"
201,"Mysterious VIGM","517989","","Södertälje","","/S%C3%B6dert%C3%A4lje/Mysterious_VIGM/517989","","http://maps.google.se/maps?f=q&source=s_q&hl=sv&geocode=&q=V%c3%a4rdsholmsgatan+7%2c+15132%2c+S%c3%96DERT%c3%84LJE%2c+Sweden"
202,"Mystica Städservice HB","2781917","","Kista","","/Kista/Mystica_St%C3%A4dservice_HB/2781917","","http://maps.google.se/maps?f=q&source=s_q&hl=sv&geocode=&q=Bergengatan+6%2c+16435%2c+KISTA%2c+Sweden"
203,"Mystical Garden Design AB","822024","08-749 30 25","Älvsjö","","/%C3%84lvsj%C3%B6/Mystical_Garden_Design_AB/822024","","http://maps.google.se/maps?f=q&source=s_q&hl=sv&geocode=&q=Gamla+Huddingev%c3%a4gen+453%2c+12542%2c+%c3%84LVSJ%c3%96%2c+Sweden"
204,"Mystick Design","1391667","040-48 56 69","Trelleborg","","/Trelleborg/Mystick_Design/1391667","","http://maps.google.se/maps?f=q&source=s_q&hl=sv&geocode=&q=Kl%c3%b6rup+12%2c+23195%2c+TRELLEBORG%2c+Sweden"
205,"Mysting","1976281","0380-168 98","Nässjö","","/N%C3%A4ssj%C3%B6/Mysting/1976281","","http://maps.google.se/maps?f=q&source=s_q&hl=sv&geocode=&q=Koltorpsgatan+31%2c+57140%2c+N%c3%84SSJ%c3%96%2c+Sweden"
206,"Mystique Boutique","2237222","","Borås","http://www.mystiqueboutique.se","/Bor%C3%A5s/Mystique_Boutique/2237222","mailto:info@mystiqueboutique.se","http://maps.google.se/maps?f=q&source=s_q&hl=sv&geocode=&q=Nybrogatan+9+A%2c+50331%2c+BOR%c3%85S%2c+Sweden"
207,"Mystore in Sweden AB","2511349","08-515 100 77","Stockholm","","/Stockholm/Mystore_in_Sweden_AB/2511349","","http://maps.google.se/maps?f=q&source=s_q&hl=sv&geocode=&q=Sl%c3%b6jdgatan+9%2c+11157%2c+STOCKHOLM%2c+Sweden"
208,"Mystream Film och Videoproduktion","666825","","Stockholm","","/Stockholm/Mystream_Film_och_Videoproduktion/666825","","http://maps.google.se/maps?f=q&source=s_q&hl=sv&geocode=&q=Hornsgatan+89%2c+11726%2c+STOCKHOLM%2c+Sweden"
209,"Mystudyweb Sweden AB","2744677","08-661 27 00","Stockholm","","/Stockholm/Mystudyweb_Sweden_AB/2744677","","http://maps.google.se/maps?f=q&source=s_q&hl=sv&geocode=&q=Sibyllegatan+47%2c+11442%2c+STOCKHOLM%2c+Sweden"
210,"Mystuff Caroline","348354","","Stockholm","","/Stockholm/Mystuff_Caroline/348354","","http://maps.google.se/maps?f=q&source=s_q&hl=sv&geocode=&q=Swedenborgsgatan+7%2c+11848%2c+STOCKHOLM%2c+Sweden"
211,"MySweetAngel","2425550","","Sandared","","/Sandared/MySweetAngel/2425550","","http://maps.google.se/maps?f=q&source=s_q&hl=sv&geocode=&q=Sj%c3%b6uddev%c3%a4gen+4%2c+51832%2c+SANDARED%2c+Sweden"
212,"Myszkowski, Marek","1012603","","Helsingborg","","/Helsingborg/Myszkowski_Marek/1012603","","http://maps.google.se/maps?f=q&source=s_q&hl=sv&geocode=&q=T%c3%a5gagatan+94%2c+25454%2c+HELSINGBORG%2c+Sweden"
213,"Myt & Bild Ingela Romare KB","560455","040-23 34 48","Torekov","","/Torekov/Myt__Bild_Ingela_Romare_KB/560455","","http://maps.google.se/maps?f=q&source=s_q&hl=sv&geocode=&q=Hanneborgsv%c3%a4gen+62%2c+26978%2c+TOREKOV%2c+Sweden"
214,"Mytco AB","853596","","Mjölby","","/Mj%C3%B6lby/Mytco_AB/853596","","http://maps.google.se/maps?f=q&source=s_q&hl=sv&geocode=&q=Silurv%c3%a4gen+3%2c+59544%2c+MJ%c3%96LBY%2c+Sweden"
215,"Mytec Ytbehandling AB","472096","0340-102 55","Falkenberg","http://www.mytec.se","/Falkenberg/Mytec_Ytbehandling_AB/472096","mailto:christian.ehn@mytec.se","http://maps.google.se/maps?f=q&source=s_q&hl=sv&geocode=&q=Betongv%c3%a4gen+5%2c+31132%2c+FALKENBERG%2c+Sweden"
216,"Mytec Ytbehandling AB","580040","0340-102 55","Varberg","http://www.mytec.se","/Varberg/Mytec_Ytbehandling_AB/580040","mailto:christian.ehn@mytec.se","http://maps.google.se/maps?f=q&source=s_q&hl=sv&geocode=&q=Batteriv%c3%a4gen+7%2c+43232%2c+VARBERG%2c+Sweden"
217,"Mytech","608405","08-545 866 32","Åkersberga","","/%C3%85kersberga/Mytech/608405","","http://maps.google.se/maps?f=q&source=s_q&hl=sv&geocode=&q=R%c3%b6dbosundsv%c3%a4gen+1%2c+18460%2c+%c3%85KERSBERGA%2c+Sweden"
218,"Mytek Programkonsult","1226935","0430-450 25","Halmstad","","/Halmstad/Mytek_Programkonsult/1226935","","http://maps.google.se/maps?f=q&source=s_q&hl=sv&geocode=&q=Wallbergsgatan+20%2c+30231%2c+HALMSTAD%2c+Sweden"
219,"Mytellus Community","2726609","","Norrköping","","/Norrk%C3%B6ping/Mytellus_Community/2726609","","http://maps.google.se/maps?f=q&source=s_q&hl=sv&geocode=&q=Nygatan+128%2c+60231%2c+NORRK%c3%96PING%2c+Sweden"
220,"Myteri Restaurang AB","2898731","040-12 21 00","Malmö","","/Malm%C3%B6/Myteri_Restaurang_AB/2898731","","http://maps.google.se/maps?f=q&source=s_q&hl=sv&geocode=&q=Skomakaregatan+10%2c+21134%2c+MALM%c3%96%2c+Sweden"
221,"My-Text","588607","","Stockholm","","/Stockholm/My_Text/588607","","http://maps.google.se/maps?f=q&source=s_q&hl=sv&geocode=&q=V%c3%a4rtav%c3%a4gen+11%2c+11553%2c+STOCKHOLM%2c+Sweden"
222,"Mythicscape","202943","0920-149 56","Tranemo","","/Tranemo/Mythicscape/202943","","http://maps.google.se/maps?f=q&source=s_q&hl=sv&geocode=&q=Norrgatan+3%2c+51433%2c+TRANEMO%2c+Sweden"
223,"Mytilene Flytt AB","799988","08-645 50 50","Hägersten","http://www.mytilene.se","/H%C3%A4gersten/Mytilene_Flytt_AB/799988","mailto:info@mytilene.se","http://maps.google.se/maps?f=q&source=s_q&hl=sv&geocode=&q=Vretensborgsv%c3%a4gen+28%2c+12630%2c+H%c3%84GERSTEN%2c+Sweden"
224,"Mytilus Vision","2312611","042-18 73 03","Höganäs","","/H%C3%B6gan%C3%A4s/Mytilus_Vision/2312611","","http://maps.google.se/maps?f=q&source=s_q&hl=sv&geocode=&q=Kullagatan+114%2c+26339%2c+H%c3%96GAN%c3%84S%2c+Sweden"
225,"Mytime","1258582","0651-141 27","Ljusdal","","/Ljusdal/Mytime/1258582","","http://maps.google.se/maps?f=q&source=s_q&hl=sv&geocode=&q=Borrv%c3%a4gen+6%2c+82730%2c+LJUSDAL%2c+Sweden"
226,"Mytips AB","2963832","","Stockholm","","/Stockholm/Mytips_AB/2963832","","http://maps.google.se/maps?f=q&source=s_q&hl=sv&geocode=&q=Upplandsgatan+51%2c+11328%2c+STOCKHOLM%2c+Sweden"
227,"Mytolerans AB","127579","08-584 301 40","Järfälla","http://www.mytolerans.se","/J%C3%A4rf%C3%A4lla/Mytolerans_AB/127579","mailto:info@mytolerans.se","http://maps.google.se/maps?f=q&source=s_q&hl=sv&geocode=&q=Datav%c3%a4gen+3+A%2c+17543%2c+J%c3%84RF%c3%84LLA%2c+Sweden"
228,"Mytolerans AB","750977","0500-41 18 16","Järfälla","http://www.mytolerans.se","/J%C3%A4rf%C3%A4lla/Mytolerans_AB/750977","mailto:info@mytolerans.se","http://maps.google.se/maps?f=q&source=s_q&hl=sv&geocode=&q=Datav%c3%a4gen+3+A%2c+17543%2c+J%c3%84RF%c3%84LLA%2c+Sweden"
229,"Mytolia Process AB","1992349","0346-830 80","Falkenberg","http://www.mytolia.se","/Falkenberg/Mytolia_Process_AB/1992349","mailto:info@mytolia.se","http://maps.google.se/maps?f=q&source=s_q&hl=sv&geocode=&q=Gjuteriv%c3%a4gen+6+M%2c+31132%2c+FALKENBERG%2c+Sweden"
230,"Mytomspunnet","960164","08-590 308 56","Upplands väsby","","/Upplands_v%C3%A4sby/Mytomspunnet/960164","mailto:mytomspunnet@hotmail.com","http://maps.google.se/maps?f=q&source=s_q&hl=sv&geocode=&q=Vinkelv%c3%a4gen+39%2c+19446%2c+UPPLANDS+V%c3%84SBY%2c+Sweden"
231,"Mytone Production","1828907","","Sundsvall","","/Sundsvall/Mytone_Production/1828907","","http://maps.google.se/maps?f=q&source=s_q&hl=sv&geocode=&q=K%c3%b6pmangatan+9+B%2c+85231%2c+SUNDSVALL%2c+Sweden"
232,"Mytown AB","2848793","","Borås","","/Bor%C3%A5s/Mytown_AB/2848793","","http://maps.google.se/maps?f=q&source=s_q&hl=sv&geocode=&q=Viskastrandsgatan+1%2c+50630%2c+BOR%c3%85S%2c+Sweden"
233,"Mytrab Teknik AB","2890588","","Säter","","/S%C3%A4ter/Mytrab_Teknik_AB/2890588","","http://maps.google.se/maps?f=q&source=s_q&hl=sv&geocode=&q=Storgatan+17%2c+78330%2c+S%c3%84TER%2c+Sweden"
234,"Mytraffic AB","2282579","","Stockholm","","/Stockholm/Mytraffic_AB/2282579","","http://maps.google.se/maps?f=q&source=s_q&hl=sv&geocode=&q=Blekegatan+2%2c+11759%2c+STOCKHOLM%2c+Sweden"
235,"Mytrainer Nordic AB","2915871","","Göteborg","","/G%C3%B6teborg/Mytrainer_Nordic_AB/2915871","","http://maps.google.se/maps?f=q&source=s_q&hl=sv&geocode=&q=Anders+Personsgatan+21%2c+41648%2c+G%c3%96TEBORG%2c+Sweden"
236,"MyTraining","2705441","018-15 50 00","Uppsala","","/Uppsala/MyTraining/2705441","","http://maps.google.se/maps?f=q&source=s_q&hl=sv&geocode=&q=St%c3%a5lgatan+8%2c+75450%2c+UPPSALA%2c+Sweden"
237,"MyTravel","747090","0771-21 34 34","Stockholm","http://www.ving.se","/Stockholm/MyTravel/747090","mailto:konferens@mytravel.se","http://maps.google.se/maps?f=q&source=s_q&hl=sv&geocode=&q=R%c3%a5lambsv%c3%a4gen+17%2c+11259%2c+STOCKHOLM%2c+Sweden"
238,"Mytravel Airways A/S Danmark, Filial Sverige","314733","031-94 12 93","Göteborg","","/G%C3%B6teborg/Mytravel_Airways_A_S_Danmark_Filial_Sverige/314733","","http://maps.google.se/maps?f=q&source=s_q&hl=sv&geocode=&q=Box+2041%2c+40311%2c+G%c3%96TEBORG%2c+Sweden"
239,"Mytronic AB","846977","08-660 50 40","Stockholm","","/Stockholm/Mytronic_AB/846977","","http://maps.google.se/maps?f=q&source=s_q&hl=sv&geocode=&q=Karlav%c3%a4gen+102%2c+11526%2c+STOCKHOLM%2c+Sweden"
240,"Myvi AB","2768803","","Borlänge","","/Borl%C3%A4nge/Myvi_AB/2768803","","http://maps.google.se/maps?f=q&source=s_q&hl=sv&geocode=&q=Forskargatan+3%2c+78170%2c+BORL%c3%84NGE%2c+Sweden"
241,"Myvi Konsult AB","2853926","","Borlänge","","/Borl%C3%A4nge/Myvi_Konsult_AB/2853926","","http://maps.google.se/maps?f=q&source=s_q&hl=sv&geocode=&q=Forskargatan+3%2c+78170%2c+BORL%c3%84NGE%2c+Sweden"
242,"Myvoi","963577","","Karlstad","","/Karlstad/Myvoi/963577","","http://maps.google.se/maps?f=q&source=s_q&hl=sv&geocode=&q=Styrmansgatan+3+A%2c+65228%2c+KARLSTAD%2c+Sweden"
243,"Mywa","549854","0175-933 18","Knutby","","/Knutby/Mywa/549854","","http://maps.google.se/maps?f=q&source=s_q&hl=sv&geocode=&q=Rickeby+39%2c+74012%2c+KNUTBY%2c+Sweden"
244,"Mywall HB","2940746","","Göteborg","","/G%C3%B6teborg/Mywall_HB/2940746","","http://maps.google.se/maps?f=q&source=s_q&hl=sv&geocode=&q=Februarigatan+7%2c+41514%2c+G%c3%96TEBORG%2c+Sweden"
245,"Mywatch Sweden AB","2992629","08-35 65 31","Stockholm","","/Stockholm/Mywatch_Sweden_AB/2992629","","http://maps.google.se/maps?f=q&source=s_q&hl=sv&geocode=&q=Grev+Turegatan+6%2c+11446%2c+STOCKHOLM%2c+Sweden"
246,"Myway","2186331","0511-34 07 66","Götene","http://www.Mywaybutik.se","/G%C3%B6tene/Myway/2186331","mailto:Mywaygotene@live.se","http://maps.google.se/maps?f=q&source=s_q&hl=sv&geocode=&q=Mariestadsv%c3%a4gen+3%2c+53331%2c+G%c3%96TENE%2c+Sweden"
247,"MyWay A-Jouren","2664000","019-13 59 05","Örebro","","/%C3%96rebro/MyWay_A_Jouren/2664000","","http://maps.google.se/maps?f=q&source=s_q&hl=sv&geocode=&q=J%c3%a4rnv%c3%a4gsgatan+10%2c+70362%2c+%c3%96REBRO%2c+Sweden"
248,"MyWay Aneby Pixans","693765","0380-400 12","Aneby","","/Aneby/MyWay_Aneby_Pixans/693765","mailto:pixans@live.se","http://maps.google.se/maps?f=q&source=s_q&hl=sv&geocode=&q=J%c3%b6nk%c3%b6pingsv%c3%a4gen+1%2c+57833%2c+ANEBY%2c+Sweden"
249,"MyWay Arkadkiosken","2656455","0520-106 40","Trollhättan","","/Trollh%C3%A4ttan/MyWay_Arkadkiosken/2656455","","http://maps.google.se/maps?f=q&source=s_q&hl=sv&geocode=&q=Torggatan+11%2c+46134%2c+TROLLH%c3%84TTAN%2c+Sweden"
250,"MyWay Årstaberg","893706","08-722 46 22","Årsta","","/%C3%85rsta/MyWay_%C3%85rstaberg/893706","","http://maps.google.se/maps?f=q&source=s_q&hl=sv&geocode=&q=Sv%c3%a4rdl%c3%a5ngsplan+13%2c+12060%2c+%c3%85RSTA%2c+Sweden"
251,"MyWay AS Spel Gröndal","530036","08-645 20 05","Stockholm","","/Stockholm/MyWay_AS_Spel_Gr%C3%B6ndal/530036","","http://maps.google.se/maps?f=q&source=s_q&hl=sv&geocode=&q=Gr%c3%b6ndalsv%c3%a4gen+44%2c+11766%2c+STOCKHOLM%2c+Sweden"
252,"MyWay Bellevue Servicebutik","2546262","031-25 20 56","Göteborg","","/G%C3%B6teborg/MyWay_Bellevue_Servicebutik/2546262","","http://maps.google.se/maps?f=q&source=s_q&hl=sv&geocode=&q=Ejdergatan+10+A%2c+41668%2c+G%c3%96TEBORG%2c+Sweden"
253,"MyWay Brogatans Servicebutik","2656176","","Mölndal","","/M%C3%B6lndal/MyWay_Brogatans_Servicebutik/2656176","","http://maps.google.se/maps?f=q&source=s_q&hl=sv&geocode=&q=Brogatan+2+A%2c+43130%2c+M%c3%96LNDAL%2c+Sweden"
254,"MyWay Bussgrillen i Umeå","702292","090-13 43 14","Umeå","http://www.sibylla.se","/Ume%C3%A5/MyWay_Bussgrillen_i_Ume%C3%A5/702292","","http://maps.google.se/maps?f=q&source=s_q&hl=sv&geocode=&q=J%c3%a4rnv%c3%a4gstorget+2%2c+90328%2c+UME%c3%85%2c+Sweden"
255,"MyWay Centrumkiosken","347380","0297-403 12","Ockelbo","","/Ockelbo/MyWay_Centrumkiosken/347380","","http://maps.google.se/maps?f=q&source=s_q&hl=sv&geocode=&q=S%c3%b6dra+%c3%85sgatan+5%2c+81630%2c+OCKELBO%2c+Sweden"
256,"MyWay Centrumkiosken","1954847","060-12 79 95","Sundsvall","","/Sundsvall/MyWay_Centrumkiosken/1954847","","http://maps.google.se/maps?f=q&source=s_q&hl=sv&geocode=&q=Torggatan+1%2c+85232%2c+SUNDSVALL%2c+Sweden"
257,"MyWay City Livs","2210326","044-12 22 98","Kristianstad","","/Kristianstad/MyWay_City_Livs/2210326","","http://maps.google.se/maps?f=q&source=s_q&hl=sv&geocode=&q=%c3%96stra+Boulevarden+58%2c+29131%2c+KRISTIANSTAD%2c+Sweden"
258,"MyWay City Tobak","600431","0521-694 64","Kungshamn","","/Kungshamn/MyWay_City_Tobak/600431","","http://maps.google.se/maps?f=q&source=s_q&hl=sv&geocode=&q=Stenhuggaregatan+20+D%2c+45632%2c+KUNGSHAMN%2c+Sweden"
259,"MyWay Danderyds Bussterminal","1196640","08-753 08 33","Danderyd","","/Danderyd/MyWay_Danderyds_Bussterminal/1196640","","http://maps.google.se/maps?f=q&source=s_q&hl=sv&geocode=&q=M%c3%b6rbyg%c3%a5rdsv%c3%a4gen+2%2c+18257%2c+DANDERYD%2c+Sweden"
260,"MyWay Dorotea","1116536","0942-104 30","Dorotea","","/Dorotea/MyWay_Dorotea/1116536","mailto:myway@ktv.dorotea.se","http://maps.google.se/maps?f=q&source=s_q&hl=sv&geocode=&q=Storgatan+26%2c+91731%2c+DOROTEA%2c+Sweden"
261,"MyWay Ekersgatan","2735925","016-13 77 07","Torshälla","","/Torsh%C3%A4lla/MyWay_Ekersgatan/2735925","","http://maps.google.se/maps?f=q&source=s_q&hl=sv&geocode=&q=Kognev%c3%a4gen+6%2c+64431%2c+TORSH%c3%84LLA%2c+Sweden"
262,"MyWay Enskededalen","2530066","08-649 08 50","Stockholm","","/Stockholm/MyWay_Enskededalen/2530066","","http://maps.google.se/maps?f=q&source=s_q&hl=sv&geocode=&q=Folkungagatan+118%2c+11630%2c+STOCKHOLM%2c+Sweden"
263,"MyWay Expressbyrån","2403842","0322-402 30","Sollebrunn","","/Sollebrunn/MyWay_Expressbyr%C3%A5n/2403842","","http://maps.google.se/maps?f=q&source=s_q&hl=sv&geocode=&q=Trollh%c3%a4ttev%c3%a4gen%2c+46630%2c+SOLLEBRUNN%2c+Sweden"
264,"MyWay Godisgubben","129536","031-22 02 14","Göteborg","","/G%C3%B6teborg/MyWay_Godisgubben/129536","","http://maps.google.se/maps?f=q&source=s_q&hl=sv&geocode=&q=Drakblommegatan+7%2c+41720%2c+G%c3%96TEBORG%2c+Sweden"
265,"MyWay Godislagret","2679423","0515-199 84","Falköping","","/Falk%C3%B6ping/MyWay_Godislagret/2679423","","http://maps.google.se/maps?f=q&source=s_q&hl=sv&geocode=&q=Dotorpsgatan+48%2c+52144%2c+FALK%c3%96PING%2c+Sweden"
266,"MyWay Godislagret Bollebygd","1834974","033-28 90 23","Bollebygd","","/Bollebygd/MyWay_Godislagret_Bollebygd/1834974","","http://maps.google.se/maps?f=q&source=s_q&hl=sv&geocode=&q=G%c3%b6teborgsv%c3%a4gen+26%2c+51734%2c+BOLLEBYGD%2c+Sweden"
267,"MyWay Gottebordet","444906","040-18 43 33","Malmö","","/Malm%C3%B6/MyWay_Gottebordet/444906","","http://maps.google.se/maps?f=q&source=s_q&hl=sv&geocode=&q=%c3%96stra+F%c3%b6rstadsgatan+58%2c+21212%2c+MALM%c3%96%2c+Sweden"
268,"MyWay Gotterian","2646324","018-14 05 14","Uppsala","","/Uppsala/MyWay_Gotterian/2646324","","http://maps.google.se/maps?f=q&source=s_q&hl=sv&geocode=&q=Sysslomansgatan+8%2c+75311%2c+UPPSALA%2c+Sweden"
269,"MyWay Gotthörnan","118482","0930-202 59","Hörnefors","","/H%C3%B6rnefors/MyWay_Gotth%C3%B6rnan/118482","mailto:gotthornan@live.se","http://maps.google.se/maps?f=q&source=s_q&hl=sv&geocode=&q=Bruksgatan+1%2c+90531%2c+H%c3%96RNEFORS%2c+Sweden"
270,"MyWay Gottis","596087","0322-109 22","Alingsås","","/Alings%C3%A5s/MyWay_Gottis/596087","","http://maps.google.se/maps?f=q&source=s_q&hl=sv&geocode=&q=Odengatan+2%2c+44151%2c+ALINGS%c3%85S%2c+Sweden"
271,"MyWay Gubbängens T-banestation","2739428","08-93 31 08","Enskede","","/Enskede/MyWay_Gubb%C3%A4ngens_T_banestation/2739428","","http://maps.google.se/maps?f=q&source=s_q&hl=sv&geocode=&q=Gubb%c3%a4ngstorget+110%2c+12245%2c+ENSKEDE%2c+Sweden"
272,"MyWay Hallonet","2663677","0500-42 73 70","Skövde","","/Sk%C3%B6vde/MyWay_Hallonet/2663677","","http://maps.google.se/maps?f=q&source=s_q&hl=sv&geocode=&q=Mariestadsv%c3%a4gen+49%2c+54145%2c+SK%c3%96VDE%2c+Sweden"
273,"MyWay Happy Station","963617","0555-125 50","Grums","","/Grums/MyWay_Happy_Station/963617","","http://maps.google.se/maps?f=q&source=s_q&hl=sv&geocode=&q=Sveagatan+54%2c+66433%2c+GRUMS%2c+Sweden"
274,"MyWay Hjalmars Spelbutik","2766657","","Angered","","/Angered/MyWay_Hjalmars_Spelbutik/2766657","","http://maps.google.se/maps?f=q&source=s_q&hl=sv&geocode=&q=H%c3%a5lskogsgatan+17%2c+42437%2c+ANGERED%2c+Sweden"
275,"MyWay Hjortmossen","2045609","0520-196 20","Trollhättan","","/Trollh%C3%A4ttan/MyWay_Hjortmossen/2045609","","http://maps.google.se/maps?f=q&source=s_q&hl=sv&geocode=&q=Hjortmossegatan+86%2c+46151%2c+TROLLH%c3%84TTAN%2c+Sweden"
276,"MyWay Jakobsbergs Centrum","126872","08-82 21 17","Järfälla","","/J%C3%A4rf%C3%A4lla/MyWay_Jakobsbergs_Centrum/126872","","http://maps.google.se/maps?f=q&source=s_q&hl=sv&geocode=&q=Riddarplatsen+5%2c+17730%2c+J%c3%84RF%c3%84LLA%2c+Sweden"
277,"MyWay Karamellbyrån","657615","031-13 56 75","Göteborg","","/G%C3%B6teborg/MyWay_Karamellbyr%C3%A5n/657615","","http://maps.google.se/maps?f=q&source=s_q&hl=sv&geocode=&q=Linn%c3%a9platsen+10%2c+41310%2c+G%c3%96TEBORG%2c+Sweden"
278,"MyWay Karnells Tobak","132921","036-12 12 06","Jönköping","","/J%C3%B6nk%C3%B6ping/MyWay_Karnells_Tobak/132921","","http://maps.google.se/maps?f=q&source=s_q&hl=sv&geocode=&q=%c3%96stra+Storgatan+1%2c+55321%2c+J%c3%96NK%c3%96PING%2c+Sweden"
279,"MyWay Kungs Video Norrköping","1284117","011-12 02 70","Norrköping","","/Norrk%C3%B6ping/MyWay_Kungs_Video_Norrk%C3%B6ping/1284117","","http://maps.google.se/maps?f=q&source=s_q&hl=sv&geocode=&q=Kungsgatan+32%2c+60220%2c+NORRK%c3%96PING%2c+Sweden"
280,"MyWay Kupén","302190","0411-419 22","Skurup","","/Skurup/MyWay_Kupen/302190","","http://maps.google.se/maps?f=q&source=s_q&hl=sv&geocode=&q=Kyrkogatan+24%2c+27434%2c+SKURUP%2c+Sweden"
281,"MyWay Lännakiosken","1575159","0498-24 92 22","Visby","","/Visby/MyWay_L%C3%A4nnakiosken/1575159","","http://maps.google.se/maps?f=q&source=s_q&hl=sv&geocode=&q=L%c3%a4nnav%c3%a4gen+5%2c+62145%2c+VISBY%2c+Sweden"
282,"MyWay Luthagen","2766628","","Uppsala","","/Uppsala/MyWay_Luthagen/2766628","","http://maps.google.se/maps?f=q&source=s_q&hl=sv&geocode=&q=Luthagsesplanaden+81%2c+75271%2c+UPPSALA%2c+Sweden"
283,"MyWay Lyckopers Trelleborg","397542","0410-100 95","Trelleborg","","/Trelleborg/MyWay_Lyckopers_Trelleborg/397542","","http://maps.google.se/maps?f=q&source=s_q&hl=sv&geocode=&q=Nils+Holgerssons+V%c3%a4g%2c+23138%2c+TRELLEBORG%2c+Sweden"
284,"MyWay Melins Kiosk","619258","0503-102 45","Hjo","","/Hjo/MyWay_Melins_Kiosk/619258","mailto:melins.kiosk@telia.com","http://maps.google.se/maps?f=q&source=s_q&hl=sv&geocode=&q=Sandtorget+1%2c+54430%2c+HJO%2c+Sweden"
285,"MyWay Minimarket","2226413","031-54 71 72","Göteborg","","/G%C3%B6teborg/MyWay_Minimarket/2226413","","http://maps.google.se/maps?f=q&source=s_q&hl=sv&geocode=&q=Lundgatan+6%2c+41661%2c+G%c3%96TEBORG%2c+Sweden"
286,"MyWay Näsby Park","2523638","08-756 47 20","Täby","","/T%C3%A4by/MyWay_N%C3%A4sby_Park/2523638","","http://maps.google.se/maps?f=q&source=s_q&hl=sv&geocode=&q=Eskaderv%c3%a4gen%2c+18358%2c+T%c3%84BY%2c+Sweden"
287,"MyWay Näsets Video","116712","040-45 40 22","Höllviken","","/H%C3%B6llviken/MyWay_N%C3%A4sets_Video/116712","","http://maps.google.se/maps?f=q&source=s_q&hl=sv&geocode=&q=Falsterbov%c3%a4gen+62%2c+23651%2c+H%c3%96LLVIKEN%2c+Sweden"
288,"MyWay Odas Kiruna","1066633","0980-127 20","Kiruna","http://www.rosavita.se","/Kiruna/MyWay_Odas_Kiruna/1066633","","http://maps.google.se/maps?f=q&source=s_q&hl=sv&geocode=&q=Hjalmar+Lundbohmsv%c3%a4gen+57+B%2c+98139%2c+KIRUNA%2c+Sweden"
289,"MyWay Odins Servicebutik","1845890","031-98 08 85","Göteborg","","/G%C3%B6teborg/MyWay_Odins_Servicebutik/1845890","","http://maps.google.se/maps?f=q&source=s_q&hl=sv&geocode=&q=Odinsgatan+9%2c+41103%2c+G%c3%96TEBORG%2c+Sweden"
290,"MyWay Pär & Peo Spelbutik","882631","0122-107 15","Finspång","","/Finsp%C3%A5ng/MyWay_P%C3%A4r__Peo_Spelbutik/882631","","http://maps.google.se/maps?f=q&source=s_q&hl=sv&geocode=&q=Bergslagsv%c3%a4gen+43%2c+61236%2c+FINSP%c3%85NG%2c+Sweden"
291,"MyWay Portalen","2636215","018-20 34 30","Uppsala","","/Uppsala/MyWay_Portalen/2636215","","http://maps.google.se/maps?f=q&source=s_q&hl=sv&geocode=&q=Portalgatan+57%2c+75423%2c+UPPSALA%2c+Sweden"
292,"MyWay Rinkabyholm","2093781","0480-47 08 50","Kalmar","","/Kalmar/MyWay_Rinkabyholm/2093781","","http://maps.google.se/maps?f=q&source=s_q&hl=sv&geocode=&q=Furulidsv%c3%a4gen+3+B%2c+39477%2c+KALMAR%2c+Sweden"
293,"MyWay Roy Pro","1891964","0457-101 65","Ronneby","","/Ronneby/MyWay_Roy_Pro/1891964","","http://maps.google.se/maps?f=q&source=s_q&hl=sv&geocode=&q=Karlskronagatan+13%2c+37230%2c+RONNEBY%2c+Sweden"
294,"MyWay Roy´s Tabaco","1987638","0522-706 53","Uddevalla","","/Uddevalla/MyWay_Roys_Tabaco/1987638","","http://maps.google.se/maps?f=q&source=s_q&hl=sv&geocode=&q=S%c3%b6dra+Drottninggatan+16%2c+45140%2c+UDDEVALLA%2c+Sweden"
295,"MyWay Sandbäckskiosken","1005920","0431-45 05 39","Förslöv","","/F%C3%B6rsl%C3%B6v/MyWay_Sandb%C3%A4ckskiosken/1005920","","http://maps.google.se/maps?f=q&source=s_q&hl=sv&geocode=&q=Sandb%c3%a4cksv%c3%a4gen+2%2c+26972%2c+F%c3%96RSL%c3%96V%2c+Sweden"
296,"MyWay Skäggetorp","1340891","013-17 27 70","Linköping","","/Link%C3%B6ping/MyWay_Sk%C3%A4ggetorp/1340891","","http://maps.google.se/maps?f=q&source=s_q&hl=sv&geocode=&q=Sk%c3%a4ggetorps+Centrum+2%2c+58642%2c+LINK%c3%96PING%2c+Sweden"
297,"MyWay Södertälje Hamn Station","2404878","08-550 392 12","Södertälje","","/S%C3%B6dert%C3%A4lje/MyWay_S%C3%B6dert%C3%A4lje_Hamn_Station/2404878","","http://maps.google.se/maps?f=q&source=s_q&hl=sv&geocode=&q=Sk%c3%b6ldv%c3%a4gen+6%2c+15153%2c+S%c3%96DERT%c3%84LJE%2c+Sweden"
298,"MyWay SOS Kiosken","2674454","","Djursholm","","/Djursholm/MyWay_SOS_Kiosken/2674454","","http://maps.google.se/maps?f=q&source=s_q&hl=sv&geocode=&q=Vendev%c3%a4gen+11%2c+18269%2c+DJURSHOLM%2c+Sweden"
299,"MyWay Spelbiten","823860","0524-100 88","Munkedal","","/Munkedal/MyWay_Spelbiten/823860","","http://maps.google.se/maps?f=q&source=s_q&hl=sv&geocode=&q=Stationsv%c3%a4gen+5%2c+45531%2c+MUNKEDAL%2c+Sweden"
300,"MyWay Spelkulan","2729005","0586-574 30","Karlskoga","","/Karlskoga/MyWay_Spelkulan/2729005","","http://maps.google.se/maps?f=q&source=s_q&hl=sv&geocode=&q=Centrumleden+25%2c+69131%2c+KARLSKOGA%2c+Sweden"
301,"MyWay Stinsen","1145192","0171-396 02","Enköping","","/Enk%C3%B6ping/MyWay_Stinsen/1145192","","http://maps.google.se/maps?f=q&source=s_q&hl=sv&geocode=&q=Bang%c3%a5rdsgatan+10%2c+74534%2c+ENK%c3%96PING%2c+Sweden"
302,"MyWay Strängnäs","1727596","0152-188 10","Strängnäs","","/Str%C3%A4ngn%C3%A4s/MyWay_Str%C3%A4ngn%C3%A4s/1727596","","http://maps.google.se/maps?f=q&source=s_q&hl=sv&geocode=&q=L%c3%a5ngbergsgatan+2%2c+64532%2c+STR%c3%84NGN%c3%84S%2c+Sweden"
303,"MyWay Sveavägen","2668187","08-673 24 22","Stockholm","","/Stockholm/MyWay_Sveav%C3%A4gen/2668187","","http://maps.google.se/maps?f=q&source=s_q&hl=sv&geocode=&q=Sveav%c3%a4gen+86%2c+11359%2c+STOCKHOLM%2c+Sweden"
304,"MyWay Trapp Livs","399488","0520-41 15 51","Trollhättan","","/Trollh%C3%A4ttan/MyWay_Trapp_Livs/399488","","http://maps.google.se/maps?f=q&source=s_q&hl=sv&geocode=&q=Tunhemsv%c3%a4gen+52%2c+46143%2c+TROLLH%c3%84TTAN%2c+Sweden"
305,"MyWay Uppsala City","2552865","018-15 02 00","Uppsala","","/Uppsala/MyWay_Uppsala_City/2552865","","http://maps.google.se/maps?f=q&source=s_q&hl=sv&geocode=&q=Kungsgatan+49%2c+75321%2c+UPPSALA%2c+Sweden"
306,"MyWay Valdemarsvik","502354","0123-100 82","Valdemarsvik","http://www.kioskenfreda.se","/Valdemarsvik/MyWay_Valdemarsvik/502354","mailto:anton@kioskenfreda.se","http://maps.google.se/maps?f=q&source=s_q&hl=sv&geocode=&q=Storgatan+22%2c+61530%2c+VALDEMARSVIK%2c+Sweden"
307,"MyWay Vårans","802160","026-14 55 72","Gävle","","/G%C3%A4vle/MyWay_V%C3%A5rans/802160","","http://maps.google.se/maps?f=q&source=s_q&hl=sv&geocode=&q=Brunnsgatan+59%2c+80252%2c+G%c3%84VLE%2c+Sweden"
308,"MyWay Vårgårda","1802045","0322-62 02 77","Vårgårda","","/V%C3%A5rg%C3%A5rda/MyWay_V%C3%A5rg%C3%A5rda/1802045","","http://maps.google.se/maps?f=q&source=s_q&hl=sv&geocode=&q=Stationsgatan+2%2c+44730%2c+V%c3%85RG%c3%85RDA%2c+Sweden"
309,"MyWay Videotoppen","2678063","013-15 40 40","Linköping","","/Link%C3%B6ping/MyWay_Videotoppen/2678063","","http://maps.google.se/maps?f=q&source=s_q&hl=sv&geocode=&q=Ekholmens+Centrum+2%2c+58925%2c+LINK%c3%96PING%2c+Sweden"
310,"Myway Viking Tobak","255218","011-12 30 94","Norrköping","","/Norrk%C3%B6ping/Myway_Viking_Tobak/255218","","http://maps.google.se/maps?f=q&source=s_q&hl=sv&geocode=&q=Gamla+R%c3%a5dstugugatan+13%2c+60224%2c+NORRK%c3%96PING%2c+Sweden"
311,"MyWay Vindeln","1872186","0933-108 51","Vindeln","","/Vindeln/MyWay_Vindeln/1872186","","http://maps.google.se/maps?f=q&source=s_q&hl=sv&geocode=&q=H%c3%a4radsv%c3%a4gen+132%2c+92231%2c+VINDELN%2c+Sweden"
312,"MyWayTallkrogen T-banestation","1914757","08-648 33 59","Enskede","","/Enskede/MyWayTallkrogen_T_banestation/1914757","","http://maps.google.se/maps?f=q&source=s_q&hl=sv&geocode=&q=Victor+Balcks+V%c3%a4g+101%2c+12240%2c+ENSKEDE%2c+Sweden"
313,"Mywidz AB","1869291","08-400 255 54","Stockholm","","/Stockholm/Mywidz_AB/1869291","","http://maps.google.se/maps?f=q&source=s_q&hl=sv&geocode=&q=Alsn%c3%b6gatan+3%2c+11641%2c+STOCKHOLM%2c+Sweden"
314,"Mywork Sverige AB","2862389","08-410 885 86","Solna","","/Solna/Mywork_Sverige_AB/2862389","","http://maps.google.se/maps?f=q&source=s_q&hl=sv&geocode=&q=Hagalundsgatan+36%2c+16964%2c+SOLNA%2c+Sweden"
315,"Myxarealestate AB","2676015","","Malmö","","/Malm%C3%B6/Myxarealestate_AB/2676015","","http://maps.google.se/maps?f=q&source=s_q&hl=sv&geocode=&q=Box+4194%2c+20313%2c+MALM%c3%96%2c+Sweden"
316,"Myy Konsulba AB","2974569","","Höllviken","","/H%C3%B6llviken/Myy_Konsulba_AB/2974569","","http://maps.google.se/maps?f=q&source=s_q&hl=sv&geocode=&q=Holl%c3%a4ndarev%c3%a4gen+13%2c+23634%2c+H%c3%96LLVIKEN%2c+Sweden"
317,"Myyntivirta AB","975109","08-663 10 50","Stockholm","http://www.myyntivirta.se","/Stockholm/Myyntivirta_AB/975109","mailto:info@myyntivirta.se","http://maps.google.se/maps?f=q&source=s_q&hl=sv&geocode=&q=Strandbergsgatan+57%2c+11251%2c+STOCKHOLM%2c+Sweden"
318,"Myyry, Hanna","2982206","036-860 31 61","Huskvarna","","/Huskvarna/Myyry_Hanna/2982206","","http://maps.google.se/maps?f=q&source=s_q&hl=sv&geocode=&q=Sturegatan+56%2c+56133%2c+HUSKVARNA%2c+Sweden"
319,"Myyryläinen, Anita","1790427","08-756 83 26","Täby","","/T%C3%A4by/Myyryl%C3%A4inen_Anita/1790427","","http://maps.google.se/maps?f=q&source=s_q&hl=sv&geocode=&q=Biblioteksg%c3%a5ngen+8%2c+18370%2c+T%c3%84BY%2c+Sweden"
320,"Myza","2662140","0950-70 08 10","Lycksele","","/Lycksele/Myza/2662140","","http://maps.google.se/maps?f=q&source=s_q&hl=sv&geocode=&q=Snickarv%c3%a4gen+13%2c+92146%2c+LYCKSELE%2c+Sweden"
321,"Myzone HB Myzone IT Consulting","2963645","","Borås","","/Bor%C3%A5s/Myzone_HB_Myzone_IT_Consulting/2963645","","http://maps.google.se/maps?f=q&source=s_q&hl=sv&geocode=&q=Eldhusgatan+34%2c+50444%2c+BOR%c3%85S%2c+Sweden"
322,"Mz - Trading","238892","0141-557 37","Motala","","/Motala/Mz___Trading/238892","","http://maps.google.se/maps?f=q&source=s_q&hl=sv&geocode=&q=Lustigkullev%c3%a4gen+12+A%2c+59147%2c+MOTALA%2c+Sweden"
323,"Mz Åkeri AB","2638947","","Helsingborg","","/Helsingborg/Mz_%C3%85keri_AB/2638947","","http://maps.google.se/maps?f=q&source=s_q&hl=sv&geocode=&q=Dalhemsv%c3%a4gen+31+C%2c+25465%2c+HELSINGBORG%2c+Sweden"
324,"Mz Baltazars Laboratory","2380144","","Umeå","","/Ume%C3%A5/Mz_Baltazars_Laboratory/2380144","","http://maps.google.se/maps?f=q&source=s_q&hl=sv&geocode=&q=Kronov%c3%a4gen+7+A%2c+90433%2c+UME%c3%85%2c+Sweden"
325,"MZ Bygg","745276","021-80 11 66","Västerås","","/V%C3%A4ster%C3%A5s/MZ_Bygg/745276","mailto:mzbygg@hotmail.com","http://maps.google.se/maps?f=q&source=s_q&hl=sv&geocode=&q=Grans%c3%a5ngargatan+125%2c+72471%2c+V%c3%84STER%c3%85S%2c+Sweden"
326,"MZ Bygg AB","913759","08-588 318 40","Bromma","http://www.mzbygg.se","/Bromma/MZ_Bygg_AB/913759","mailto:info@mzbygg.se","http://maps.google.se/maps?f=q&source=s_q&hl=sv&geocode=&q=Voltav%c3%a4gen+2%2c+16869%2c+BROMMA%2c+Sweden"
327,"Mz Consulting & Invest AB","2964981","","Märsta","","/M%C3%A4rsta/Mz_Consulting__Invest_AB/2964981","","http://maps.google.se/maps?f=q&source=s_q&hl=sv&geocode=&q=Skogsv%c3%a4gen+38%2c+19542%2c+M%c3%84RSTA%2c+Sweden"
328,"Mz Consulting AB ingår i Z-Gruppen","1810159","031-724 93 25","Partille","","/Partille/Mz_Consulting_AB_ing%C3%A5r_i_Z_Gruppen/1810159","","http://maps.google.se/maps?f=q&source=s_q&hl=sv&geocode=&q=Fj%c3%a4llvindsv%c3%a4gen+47%2c+43349%2c+PARTILLE%2c+Sweden"
329,"MZ Däck","1888001","0451-134 84","Hässleholm","","/H%C3%A4ssleholm/MZ_D%C3%A4ck/1888001","","http://maps.google.se/maps?f=q&source=s_q&hl=sv&geocode=&q=R%c3%b6ingegatan+50%2c+28136%2c+H%c3%84SSLEHOLM%2c+Sweden"
330,"Mz el AB","2784570","08-570 225 54","Värmdö","","/V%C3%A4rmd%C3%B6/Mz_el_AB/2784570","","http://maps.google.se/maps?f=q&source=s_q&hl=sv&geocode=&q=Torsbyv%c3%a4gen+48%2c+13951%2c+V%c3%84RMD%c3%96%2c+Sweden"
331,"Mz Fastighets Service","438487","","Vikbolandet","","/Vikbolandet/Mz_Fastighets_Service/438487","","http://maps.google.se/maps?f=q&source=s_q&hl=sv&geocode=&q=%c3%96sterskam+Petersburg%2c+61030%2c+VIKBOLANDET%2c+Sweden"
332,"Mz Mark","614057","","Sundbyberg","","/Sundbyberg/Mz_Mark/614057","","http://maps.google.se/maps?f=q&source=s_q&hl=sv&geocode=&q=Vattugatan+21+B%2c+17273%2c+SUNDBYBERG%2c+Sweden"
333,"Mz Maskin AB","2395300","","Sollefteå","","/Sollefte%C3%A5/Mz_Maskin_AB/2395300","","http://maps.google.se/maps?f=q&source=s_q&hl=sv&geocode=&q=Tr%c3%a4stav%c3%a4gen+18%2c+88132%2c+SOLLEFTE%c3%85%2c+Sweden"
334,"MZ Plåt AB","331650","08-18 99 29","Stockholm","http://www.mzplat.se","/Stockholm/MZ_Pl%C3%A5t_AB/331650","mailto:info@mzplat.se","http://maps.google.se/maps?f=q&source=s_q&hl=sv&geocode=&q=L%c3%b6vholmsgr%c3%a4nd+12%2c+11743%2c+STOCKHOLM%2c+Sweden"
335,"Mz Professional Byggteknik AB","2596383","","Hässelby","","/H%C3%A4sselby/Mz_Professional_Byggteknik_AB/2596383","","http://maps.google.se/maps?f=q&source=s_q&hl=sv&geocode=&q=Fyrspannsgatan+159%2c+16564%2c+H%c3%84SSELBY%2c+Sweden"
336,"Mz Rama AB","2974706","","Gustavsberg","","/Gustavsberg/Mz_Rama_AB/2974706","","http://maps.google.se/maps?f=q&source=s_q&hl=sv&geocode=&q=Sk%c3%a4nkelv%c3%a4gen+35+A%2c+13443%2c+GUSTAVSBERG%2c+Sweden"
337,"MZ Redovisning","1092108","","Huddinge","http://www.mzredovisning.se","/Huddinge/MZ_Redovisning/1092108","mailto:mari@mzredovisning.se","http://maps.google.se/maps?f=q&source=s_q&hl=sv&geocode=&q=Orrspelsv%c3%a4gen+19%2c+14142%2c+HUDDINGE%2c+Sweden"
338,"Mz Revision AB","585741","08-31 96 36","Stockholm","","/Stockholm/Mz_Revision_AB/585741","","http://maps.google.se/maps?f=q&source=s_q&hl=sv&geocode=&q=Frejgatan+79%2c+11326%2c+STOCKHOLM%2c+Sweden"
339,"Mz Trading AB","2227819","0141-557 37","Motala","","/Motala/Mz_Trading_AB/2227819","","http://maps.google.se/maps?f=q&source=s_q&hl=sv&geocode=&q=Lustigkullev%c3%a4gen+12+A%2c+59147%2c+MOTALA%2c+Sweden"
340,"Mz Turné HB","2649697","0611-209 95","Härnösand","","/H%C3%A4rn%C3%B6sand/Mz_Turne_HB/2649697","","http://maps.google.se/maps?f=q&source=s_q&hl=sv&geocode=&q=Hagagatan+61%2c+87140%2c+H%c3%84RN%c3%96SAND%2c+Sweden"
341,"Mz Universal Technology & Trade","2687940","08-753 13 66","Stocksund","","/Stocksund/Mz_Universal_Technology__Trade/2687940","","http://maps.google.se/maps?f=q&source=s_q&hl=sv&geocode=&q=Sommarv%c3%a4gen+20%2c+18274%2c+STOCKSUND%2c+Sweden"
342,"Mza Gruppen AB","2947944","","Kista","","/Kista/Mza_Gruppen_AB/2947944","","http://maps.google.se/maps?f=q&source=s_q&hl=sv&geocode=&q=Borg%c3%a5gatan+4%2c+16475%2c+KISTA%2c+Sweden"
343,"Mzada AB","2961351","0611-39 03 90","Härnösand","","/H%C3%A4rn%C3%B6sand/Mzada_AB/2961351","","http://maps.google.se/maps?f=q&source=s_q&hl=sv&geocode=&q=Storgatan+27%2c+87131%2c+H%c3%84RN%c3%96SAND%2c+Sweden"
344,"Mzar Trans","101893","08-740 19 43","Huddinge","","/Huddinge/Mzar_Trans/101893","","http://maps.google.se/maps?f=q&source=s_q&hl=sv&geocode=&q=Kallk%c3%a4rrsv%c3%a4gen+67%2c+14141%2c+HUDDINGE%2c+Sweden"
345,"Mz-Budet AB","235857","0142-192 72","Mjölby","","/Mj%C3%B6lby/Mz_Budet_AB/235857","","http://maps.google.se/maps?f=q&source=s_q&hl=sv&geocode=&q=Gr%c3%b6nsaksv%c3%a4gen+1+B%2c+59554%2c+MJ%c3%96LBY%2c+Sweden"
346,"Mze Transport","1806575","","Norsborg","","/Norsborg/Mze_Transport/1806575","","http://maps.google.se/maps?f=q&source=s_q&hl=sv&geocode=&q=%c3%96rtag%c3%a5rdsv%c3%a4gen+23%2c+14573%2c+NORSBORG%2c+Sweden"
347,"Mzeta AB","277434","","Rydebäck","","/Rydeb%C3%A4ck/Mzeta_AB/277434","","http://maps.google.se/maps?f=q&source=s_q&hl=sv&geocode=&q=Hammar%c3%b6gatan+6%2c+25730%2c+RYDEB%c3%84CK%2c+Sweden"
348,"Mzhda Video","1940154","08-533 326 96","Norsborg","","/Norsborg/Mzhda_Video/1940154","","http://maps.google.se/maps?f=q&source=s_q&hl=sv&geocode=&q=Kryddg%c3%a5rdsv%c3%a4gen+43%2c+14573%2c+NORSBORG%2c+Sweden"
349,"Mzi Easy","2789271","033-13 81 13","Borås","","/Bor%C3%A5s/Mzi_Easy/2789271","","http://maps.google.se/maps?f=q&source=s_q&hl=sv&geocode=&q=%c3%96sterl%c3%a5nggatan+21%2c+50331%2c+BOR%c3%85S%2c+Sweden"
350,"Mzi, Avdullah","728681","0346-150 33","Falkenberg","","/Falkenberg/Mzi_Avdullah/728681","","http://maps.google.se/maps?f=q&source=s_q&hl=sv&geocode=&q=Apoteksgatan+6%2c+31130%2c+FALKENBERG%2c+Sweden"
351,"Mz-Improvement","257114","","Karlskrona","","/Karlskrona/Mz_Improvement/257114","","http://maps.google.se/maps?f=q&source=s_q&hl=sv&geocode=&q=Backabov%c3%a4gen+40+B%2c+37146%2c+KARLSKRONA%2c+Sweden"
352,"MZM Engineering & Consulting AB","2805528","","Nykvarn","","/Nykvarn/MZM_Engineering__Consulting_AB/2805528","","http://maps.google.se/maps?f=q&source=s_q&hl=sv&geocode=&q=Sundsvik+11%2c+15591%2c+NYKVARN%2c+Sweden"
353,"Mzon Creations HB","1883271","","Värnamo","","/V%C3%A4rnamo/Mzon_Creations_HB/1883271","","http://maps.google.se/maps?f=q&source=s_q&hl=sv&geocode=&q=%c3%85minne+Ingatorp+7%2c+33191%2c+V%c3%84RNAMO%2c+Sweden"
354,"Mz-Reklam AB","709512","0495-420 25","Vimmerby","","/Vimmerby/Mz_Reklam_AB/709512","","http://maps.google.se/maps?f=q&source=s_q&hl=sv&geocode=&q=Bj%c3%b6rksebo+9%2c+59896%2c+VIMMERBY%2c+Sweden"
355,"Mzs Paintball","2523951","018-46 92 43","Örsundsbro","","/%C3%96rsundsbro/Mzs_Paintball/2523951","","http://maps.google.se/maps?f=q&source=s_q&hl=sv&geocode=&q=Kastanjev%c3%a4gen%2c+74961%2c+%c3%96RSUNDSBRO%2c+Sweden"
356,"MZs Plattsättning","2668473","","Alvesta","","/Alvesta/MZs_Platts%C3%A4ttning/2668473","","http://maps.google.se/maps?f=q&source=s_q&hl=sv&geocode=&q=Sk%c3%b6ldstav%c3%a4gen+18%2c+34231%2c+ALVESTA%2c+Sweden"
