0, "Nytt Svenskt Provkök I Hedenstierna", "432745", "08-660 84 90", "Stockholm", "", "/Stockholm/Nytt_Svenskt_Provk%C3%B6k_I_Hedenstierna/432745", "", "http://maps.google.se/maps?f=q&source=s_q&hl=sv&geocode=&q=Furusundsgatan+8%2c+11537%2c+STOCKHOLM%2c+Sweden"
1, "Nytt TAK i Karlskrona AB", "2772131", "0455-37 87 84", "Karlskrona", "", "/Karlskrona/Nytt_TAK_i_Karlskrona_AB/2772131", "", "http://maps.google.se/maps?f=q&source=s_q&hl=sv&geocode=&q=Lyckebyv%c3%a4gen%2c+37145%2c+KARLSKRONA%2c+Sweden"
2, "Nytta & Co Sthlm AB", "673684", "", "Hägersten", "http://www.nyttaco.se", "/H%C3%A4gersten/Nytta__Co_Sthlm_AB/673684", "", "http://maps.google.se/maps?f=q&source=s_q&hl=sv&geocode=&q=Backebogatan+16+B%2c+12940%2c+H%c3%84GERSTEN%2c+Sweden"
3, "Nytta & Nöje Ekman", "1895740", "040-15 85 96", "Limhamn", "", "/Limhamn/Nytta__N%C3%B6je_Ekman/1895740", "", "http://maps.google.se/maps?f=q&source=s_q&hl=sv&geocode=&q=Gustavsgatan+29%2c+21611%2c+LIMHAMN%2c+Sweden"
4, "Nytta & Nöje i Habo", "1910670", "", "Habo", "", "/Habo/Nytta__N%C3%B6je_i_Habo/1910670", "", "http://maps.google.se/maps?f=q&source=s_q&hl=sv&geocode=&q=Hultarp+3%2c+56691%2c+HABO%2c+Sweden"
5, "Nytta & Nöje Incentive Resor", "530223", "", "Uppsala", "", "/Uppsala/Nytta__N%C3%B6je_Incentive_Resor/530223", "", "http://maps.google.se/maps?f=q&source=s_q&hl=sv&geocode=&q=Geijersgatan+25+B%2c+75226%2c+UPPSALA%2c+Sweden"
6, "Nytta Med Nöje i Kärna", "726259", "0303-920 80", "Kärna", "", "/K%C3%A4rna/Nytta_Med_N%C3%B6je_i_K%C3%A4rna/726259", "", "http://maps.google.se/maps?f=q&source=s_q&hl=sv&geocode=&q=Hermansby+210%2c+44273%2c+K%c3%84RNA%2c+Sweden"
7, "Nyttaånöje Sweden", "518176", "08-550 396 48", "Södertälje", "", "/S%C3%B6dert%C3%A4lje/Nytta%C3%A5n%C3%B6je_Sweden/518176", "", "http://maps.google.se/maps?f=q&source=s_q&hl=sv&geocode=&q=Bergs%c3%a4ttrav%c3%a4gen+37%2c+15249%2c+S%c3%96DERT%c3%84LJE%2c+Sweden"
8, "Nyttab i Norrbotten AB", "780029", "0920-304 43", "Luleå", "", "/Lule%C3%A5/Nyttab_i_Norrbotten_AB/780029", "", "http://maps.google.se/maps?f=q&source=s_q&hl=sv&geocode=&q=Klintv%c3%a4gen+207+A%2c+97332%2c+LULE%c3%85%2c+Sweden"
9, "Nyttadesign AB", "853304", "08-650 75 08", "Enskede", "http://www.nyttadesign.nu", "/Enskede/Nyttadesign_AB/853304", "mailto:order@nyttadesign.nu", "http://maps.google.se/maps?f=q&source=s_q&hl=sv&geocode=&q=Tor%c3%b6gatan+20%2c+12265%2c+ENSKEDE%2c+Sweden"
10, "Nyttan Gruppbostad", "1126180", "016-710 22 05", "Eskilstuna", "", "/Eskilstuna/Nyttan_Gruppbostad/1126180", "", "http://maps.google.se/maps?f=q&source=s_q&hl=sv&geocode=&q=Beroniusgatan+5+A%2c+63344%2c+ESKILSTUNA%2c+Sweden"
11, "nyttforetag.com", "1827318", "08-410 200 55", "Stockholm", "http://www.nyttforetag.com", "/Stockholm/nyttforetagcom/1827318", "mailto:gustaf@nyttforetag.com", "http://maps.google.se/maps?f=q&source=s_q&hl=sv&geocode=&q=Tegn%c3%a9rgatan+35%2c+11161%2c+STOCKHOLM%2c+Sweden"
12, "Nyttig Mat i Kista AB", "153363", "08-530 680 20", "Kista", "", "/Kista/Nyttig_Mat_i_Kista_AB/153363", "", "http://maps.google.se/maps?f=q&source=s_q&hl=sv&geocode=&q=Kista+Galleria%2c+16491%2c+KISTA%2c+Sweden"
13, "Nyttis", "2250177", "08-585 824 74", "Huddinge", "", "/Huddinge/Nyttis/2250177", "", "http://maps.google.se/maps?f=q&source=s_q&hl=sv&geocode=&q=Sj%c3%b6dalsv%c3%a4gen+9+B%2c+14147%2c+HUDDINGE%2c+Sweden"
14, "Nyttix Friskvård", "810622", "", "Falun", "http://www.nyttix.se", "/Falun/Nyttix_Friskv%C3%A5rd/810622", "mailto:puttbo@nyttix.se", "http://maps.google.se/maps?f=q&source=s_q&hl=sv&geocode=&q=Puttbo+10%2c+79194%2c+FALUN%2c+Sweden"
15, "Nytto Produkter i Göteborg HB", "2699411", "031-91 92 25", "Göteborg", "", "/G%C3%B6teborg/Nytto_Produkter_i_G%C3%B6teborg_HB/2699411", "", "http://maps.google.se/maps?f=q&source=s_q&hl=sv&geocode=&q=Ernst+Torulfsgatan+25+C%2c+41673%2c+G%c3%96TEBORG%2c+Sweden"
16, "Nyttodata Väst AB", "292416", "0522-999 30", "Fjällbacka", "http://www.nyttodata.se", "/Fj%C3%A4llbacka/Nyttodata_V%C3%A4st_AB/292416", "mailto:sussie@nyttodata.se", "http://maps.google.se/maps?f=q&source=s_q&hl=sv&geocode=&q=Aspelidsv%c3%a4gen+1%2c+45740%2c+FJ%c3%84LLBACKA%2c+Sweden"
17, "Nyttodata Väst AB", "874706", "0525-644 00", "Fjällbacka", "http://www.nyttodata.se", "/Fj%C3%A4llbacka/Nyttodata_V%C3%A4st_AB/874706", "mailto:info@nyttodata.se", "http://maps.google.se/maps?f=q&source=s_q&hl=sv&geocode=&q=Aspelidsv%c3%a4gen+1%2c+45740%2c+FJ%c3%84LLBACKA%2c+Sweden"
18, "Nyttofordon i Stockholm AB", "528835", "08-449 18 00", "Stockholm", "", "/Stockholm/Nyttofordon_i_Stockholm_AB/528835", "", "http://maps.google.se/maps?f=q&source=s_q&hl=sv&geocode=&q=Strykerskev%c3%a4gen+4%2c+11264%2c+STOCKHOLM%2c+Sweden"
19, "NyttoFordon Sverige AB", "251030", "0480-49 66 80", "Kalmar", "http://www.nyttofordon.se", "/Kalmar/NyttoFordon_Sverige_AB/251030", "mailto:info@nyttofordon.se", "http://maps.google.se/maps?f=q&source=s_q&hl=sv&geocode=&q=Tjuvbackev%c3%a4gen+7%2c+39239%2c+KALMAR%2c+Sweden"
20, "Nyttogram AB", "2764798", "", "Katrineholm", "", "/Katrineholm/Nyttogram_AB/2764798", "", "http://maps.google.se/maps?f=q&source=s_q&hl=sv&geocode=&q=K%c3%b6pmangatan+19%2c+64130%2c+KATRINEHOLM%2c+Sweden"
21, "Nyttogrönt AB", "240416", "0431-43 01 65", "Munka-ljungby", "http://www.nyttogront.se", "/Munka_ljungby/Nyttogr%C3%B6nt_AB/240416", "mailto:nyttogront@gmail.com", "http://maps.google.se/maps?f=q&source=s_q&hl=sv&geocode=&q=M%c3%a4staregatan+1%2c+26632%2c+MUNKA-LJUNGBY%2c+Sweden"
22, "Nyttogubbar AB", "996934", "0506-200 27", "Moholm", "", "/Moholm/Nyttogubbar_AB/996934", "", "http://maps.google.se/maps?f=q&source=s_q&hl=sv&geocode=&q=Hj%c3%a4lstad+22%2c+54992%2c+MOHOLM%2c+Sweden"
23, "Nyttogubben AB", "2919151", "", "Töreboda", "", "/T%C3%B6reboda/Nyttogubben_AB/2919151", "", "http://maps.google.se/maps?f=q&source=s_q&hl=sv&geocode=&q=B%c3%b6rstorpsgatan+15+B%2c+54531%2c+T%c3%96REBODA%2c+Sweden"
24, "Nyttokonst", "259735", "054-21 44 22", "Karlstad", "", "/Karlstad/Nyttokonst/259735", "", "http://maps.google.se/maps?f=q&source=s_q&hl=sv&geocode=&q=Fredsgatan+5+A%2c+65225%2c+KARLSTAD%2c+Sweden"
25, "Nyttokonst, Irene Olofsson", "557257", "0141-581 32", "Mjölby", "", "/Mj%C3%B6lby/Nyttokonst_Irene_Olofsson/557257", "", "http://maps.google.se/maps?f=q&source=s_q&hl=sv&geocode=&q=Magasinsgatan+1%2c+59530%2c+MJ%c3%96LBY%2c+Sweden"
26, "Nyttokortet", "1768821", "031-708 90 00", "Västra frölunda", "", "/V%C3%A4stra_fr%C3%B6lunda/Nyttokortet/1768821", "", "http://maps.google.se/maps?f=q&source=s_q&hl=sv&geocode=&q=Olof+Asklunds+Gata+1%2c+42130%2c+V%c3%84STRA+FR%c3%96LUNDA%2c+Sweden"
27, "Nyttolast i Södertälje AB", "386743", "08-550 116 14", "Södertälje", "", "/S%C3%B6dert%C3%A4lje/Nyttolast_i_S%C3%B6dert%C3%A4lje_AB/386743", "", "http://maps.google.se/maps?f=q&source=s_q&hl=sv&geocode=&q=Karlslundsgatan+1%2c+15135%2c+S%c3%96DERT%c3%84LJE%2c+Sweden"
28, "Nyttomaten", "340521", "08-649 11 90", "Årsta", "http://www.nyttobox.se", "/%C3%85rsta/Nyttomaten/340521", "mailto:kundtjanst@nyttobox.se", "http://maps.google.se/maps?f=q&source=s_q&hl=sv&geocode=&q=Ostm%c3%a4stargr%c3%a4nd+10%2c+12040%2c+%c3%85RSTA%2c+Sweden"
29, "Nyttorp Licenssvets & Rörmontage AB", "166067", "", "Kungsbacka", "", "/Kungsbacka/Nyttorp_Licenssvets__R%C3%B6rmontage_AB/166067", "", "http://maps.google.se/maps?f=q&source=s_q&hl=sv&geocode=&q=G%c3%a5rdskullav%c3%a4gen+3+D%2c+43441%2c+KUNGSBACKA%2c+Sweden"
30, "Nyttoting", "992885", "0525-319 80", "Fjällbacka", "", "/Fj%C3%A4llbacka/Nyttoting/992885", "", "http://maps.google.se/maps?f=q&source=s_q&hl=sv&geocode=&q=Idrottsv%c3%a4gen+3%2c+45740%2c+FJ%c3%84LLBACKA%2c+Sweden"
31, "Nytur HB", "2276732", "026-21 61 05", "Sandviken", "", "/Sandviken/Nytur_HB/2276732", "", "http://maps.google.se/maps?f=q&source=s_q&hl=sv&geocode=&q=%c3%96rtag%c3%a5rdsv%c3%a4gen+6%2c+81191%2c+SANDVIKEN%2c+Sweden"
32, "Nytvättad i Sverige AB", "2812524", "", "Ronneby", "", "/Ronneby/Nytv%C3%A4ttad_i_Sverige_AB/2812524", "", "http://maps.google.se/maps?f=q&source=s_q&hl=sv&geocode=&q=Karlskronav%c3%a4gen+25%2c+37237%2c+RONNEBY%2c+Sweden"
33, "Nyumbani", "1930883", "0383-602 85", "Landsbro", "", "/Landsbro/Nyumbani/1930883", "", "http://maps.google.se/maps?f=q&source=s_q&hl=sv&geocode=&q=Trull%c3%a4ngen+6%2c+57012%2c+LANDSBRO%2c+Sweden"
34, "Nyvab Nybergs Verkstad AB", "982176", "0476-521 35", "Älmhult", "http://www.nyvab.se", "/%C3%84lmhult/Nyvab_Nybergs_Verkstad_AB/982176", "mailto:info@nyvab.se", "http://maps.google.se/maps?f=q&source=s_q&hl=sv&geocode=&q=Delaryv%c3%a4gen+5%2c+34336%2c+%c3%84LMHULT%2c+Sweden"
35, "Nyvall, Brf", "105947", "026-19 56 53", "Gävle", "", "/G%C3%A4vle/Nyvall_Brf/105947", "", "http://maps.google.se/maps?f=q&source=s_q&hl=sv&geocode=&q=Norra+Nyvallsv%c3%a4gen+5+D%2c+80426%2c+G%c3%84VLE%2c+Sweden"
36, "Nyvall, Dick Kent", "2581904", "0303-131 99", "Kungälv", "", "/Kung%C3%A4lv/Nyvall_Dick_Kent/2581904", "", "http://maps.google.se/maps?f=q&source=s_q&hl=sv&geocode=&q=Tryffelv%c3%a4gen+8%2c+44290%2c+KUNG%c3%84LV%2c+Sweden"
37, "Nyvall, Sofia", "1075520", "", "Örebro", "", "/%C3%96rebro/Nyvall_Sofia/1075520", "", "http://maps.google.se/maps?f=q&source=s_q&hl=sv&geocode=&q=Nygatan+37%2c+70211%2c+%c3%96REBRO%2c+Sweden"
38, "Nyvallen Ekonomi AB", "408508", "08-510 123 70", "Täby", "", "/T%C3%A4by/Nyvallen_Ekonomi_AB/408508", "mailto:info@nyvallenekonomi.se", "http://maps.google.se/maps?f=q&source=s_q&hl=sv&geocode=&q=Box+6090%2c+18706%2c+T%c3%84BY%2c+Sweden"
39, "Nyvallens Fäbod", "167088", "0684-120 22", "Hede", "", "/Hede/Nyvallens_F%C3%A4bod/167088", "", "http://maps.google.se/maps?f=q&source=s_q&hl=sv&geocode=&q=S%c3%b6rviken+300%2c+84093%2c+HEDE%2c+Sweden"
40, "Nyvallers Bygg & Entreprenad", "668557", "", "Herrljunga", "", "/Herrljunga/Nyvallers_Bygg__Entreprenad/668557", "", "http://maps.google.se/maps?f=q&source=s_q&hl=sv&geocode=&q=S%c3%b6dra+Bj%c3%b6rke+V%c3%a4sterled%2c+52492%2c+HERRLJUNGA%2c+Sweden"
41, "Nyvalls & Co AB", "912376", "0243-122 90", "Borlänge", "", "/Borl%C3%A4nge/Nyvalls__Co_AB/912376", "", "http://maps.google.se/maps?f=q&source=s_q&hl=sv&geocode=&q=Box+110%2c+78122%2c+BORL%c3%84NGE%2c+Sweden"
42, "Nyvalls It Partner AB", "1109279", "0243-122 90", "Borlänge", "", "/Borl%C3%A4nge/Nyvalls_It_Partner_AB/1109279", "", "http://maps.google.se/maps?f=q&source=s_q&hl=sv&geocode=&q=Vattugatan+9%2c+78433%2c+BORL%c3%84NGE%2c+Sweden"
43, "Nyvallsåsen Drift AB", "2848619", "0652-56 51 01", "Bergsjö", "", "/Bergsj%C3%B6/Nyvalls%C3%A5sen_Drift_AB/2848619", "", "http://maps.google.se/maps?f=q&source=s_q&hl=sv&geocode=&q=Box+102%2c+82070%2c+BERGSJ%c3%96%2c+Sweden"
44, "Nyvallsåsen Vind AB", "2849493", "0652-56 51 01", "Bergsjö", "", "/Bergsj%C3%B6/Nyvalls%C3%A5sen_Vind_AB/2849493", "", "http://maps.google.se/maps?f=q&source=s_q&hl=sv&geocode=&q=Box+102%2c+82070%2c+BERGSJ%c3%96%2c+Sweden"
45, "NYVANA Företagsmassage AB", "608873", "08-21 75 25", "Svartsjö", "http://www.foretagsmassage.com", "/Svartsj%C3%B6/NYVANA_F%C3%B6retagsmassage_AB/608873", "mailto:info@foretagsmassage.se", "http://maps.google.se/maps?f=q&source=s_q&hl=sv&geocode=&q=Kungsbryggan+14%2c+17995%2c+SVARTSJ%c3%96%2c+Sweden"
46, "Nyvana Garnisonen", "2062182", "08-21 75 25", "Stockholm", "http://www.nyvana.se", "/Stockholm/Nyvana_Garnisonen/2062182", "", "http://maps.google.se/maps?f=q&source=s_q&hl=sv&geocode=&q=Karlav%c3%a4gen+100%2c+11526%2c+STOCKHOLM%2c+Sweden"
47, "Nyvana Söderkliniken", "2130740", "08-21 75 25", "Stockholm", "http://www.nyvana.se", "/Stockholm/Nyvana_S%C3%B6derkliniken/2130740", "", "http://maps.google.se/maps?f=q&source=s_q&hl=sv&geocode=&q=G%c3%b6tgatan+81%2c+11662%2c+STOCKHOLM%2c+Sweden"
48, "Nyvångs Elektriska AB", "113308", "042-542 64", "Nyvång", "", "/Nyv%C3%A5ng/Nyv%C3%A5ngs_Elektriska_AB/113308", "", "http://maps.google.se/maps?f=q&source=s_q&hl=sv&geocode=&q=Humlagatan+3%2c+26550%2c+NYV%c3%85NG%2c+Sweden"
49, "Nyvångs Mek. Verkstad AB", "562956", "042-540 87", "Åstorp", "", "/%C3%85storp/Nyv%C3%A5ngs_Mek_Verkstad_AB/562956", "", "http://maps.google.se/maps?f=q&source=s_q&hl=sv&geocode=&q=Nyg%c3%a5rd+2403%2c+26590%2c+%c3%85STORP%2c+Sweden"
50, "Nyvångs Spel", "1012654", "0418-158 51", "Landskrona", "", "/Landskrona/Nyv%C3%A5ngs_Spel/1012654", "", "http://maps.google.se/maps?f=q&source=s_q&hl=sv&geocode=&q=Idrottsv%c3%a4gen+12%2c+26142%2c+LANDSKRONA%2c+Sweden"
51, "Nyvångskolan", "1113214", "046-35 79 00", "Dalby", "", "/Dalby/Nyv%C3%A5ngskolan/1113214", "", "http://maps.google.se/maps?f=q&source=s_q&hl=sv&geocode=&q=Sandbyv%c3%a4gen+18%2c+24754%2c+DALBY%2c+Sweden"
52, "Nyvångstorp Gård", "804431", "040-40 50 22", "Klågerup", "", "/Kl%C3%A5gerup/Nyv%C3%A5ngstorp_G%C3%A5rd/804431", "", "http://maps.google.se/maps?f=q&source=s_q&hl=sv&geocode=&q=Lundav%c3%a4gen+772%2c+23375%2c+KL%c3%85GERUP%2c+Sweden"
53, "Nyvångsverket", "2617401", "010-490 97 00", "Åstorp", "", "/%C3%85storp/Nyv%C3%A5ngsverket/2617401", "", "http://maps.google.se/maps?f=q&source=s_q&hl=sv&geocode=&q=Gasverksv%c3%a4gen+5%2c+26590%2c+%c3%85STORP%2c+Sweden"
54, "Nyvarp Förvaltning AB", "2793968", "", "Värmdö", "", "/V%C3%A4rmd%C3%B6/Nyvarp_F%C3%B6rvaltning_AB/2793968", "", "http://maps.google.se/maps?f=q&source=s_q&hl=sv&geocode=&q=Lillsvedsv%c3%a4gen+34%2c+13990%2c+V%c3%84RMD%c3%96%2c+Sweden"
55, "Nyvelius Bil", "1755269", "035-15 94 00", "Halmstad", "", "/Halmstad/Nyvelius_Bil/1755269", "", "http://maps.google.se/maps?f=q&source=s_q&hl=sv&geocode=&q=Hamiltons+V%c3%a4g+26%2c+30292%2c+HALMSTAD%2c+Sweden"
56, "Nyvelius Gym & Sun AB", "164153", "019-57 05 00", "Kumla", "", "/Kumla/Nyvelius_Gym__Sun_AB/164153", "", "http://maps.google.se/maps?f=q&source=s_q&hl=sv&geocode=&q=Stenev%c3%a4gen+43%2c+69235%2c+KUMLA%2c+Sweden"
57, "Nyvell, Vera", "809130", "0150-572 89", "Katrineholm", "", "/Katrineholm/Nyvell_Vera/809130", "", "http://maps.google.se/maps?f=q&source=s_q&hl=sv&geocode=&q=Stenkullagatan+6%2c+64148%2c+KATRINEHOLM%2c+Sweden"
58, "Nyvest Bygg AB", "599448", "0155-788 80", "Nyköping", "http://www.nyvest.se", "/Nyk%C3%B6ping/Nyvest_Bygg_AB/599448", "mailto:info@nyvest.se", "http://maps.google.se/maps?f=q&source=s_q&hl=sv&geocode=&q=V%c3%a4stra+Skeppsbron+6%2c+61131%2c+NYK%c3%96PING%2c+Sweden"
59, "Nyvik Holding AB", "1896110", "", "Nacka", "", "/Nacka/Nyvik_Holding_AB/1896110", "", "http://maps.google.se/maps?f=q&source=s_q&hl=sv&geocode=&q=H%c3%a4stholmsv%c3%a4gen+32%2c+13130%2c+NACKA%2c+Sweden"
60, "Nyvision", "1339102", "08-20 30 80", "Sollentuna", "", "/Sollentuna/Nyvision/1339102", "", "http://maps.google.se/maps?f=q&source=s_q&hl=sv&geocode=&q=Kung+Hans+V%c3%a4g+3%2c+19268%2c+SOLLENTUNA%2c+Sweden"
61, "Nyvla Jordbruk AB", "919773", "", "Bälinge", "", "/B%C3%A4linge/Nyvla_Jordbruk_AB/919773", "", "http://maps.google.se/maps?f=q&source=s_q&hl=sv&geocode=&q=B%c3%a4linge-nyvla%2c+74022%2c+B%c3%84LINGE%2c+Sweden"
62, "NYWA Byggprojektering AB", "420430", "011-34 34 20", "Norrköping", "http://www.nywa.se", "/Norrk%C3%B6ping/NYWA_Byggprojektering_AB/420430", "mailto:mail@nywa.se", "http://maps.google.se/maps?f=q&source=s_q&hl=sv&geocode=&q=Vrinnevi+lilla+Hags%c3%a4tter%2c+60595%2c+NORRK%c3%96PING%2c+Sweden"
63, "Nywac AB", "2896908", "", "Göteborg", "", "/G%C3%B6teborg/Nywac_AB/2896908", "", "http://maps.google.se/maps?f=q&source=s_q&hl=sv&geocode=&q=Box+6066%2c+40060%2c+G%c3%96TEBORG%2c+Sweden"
64, "Nywelius Plattsättning", "610490", "0142-408 40", "Skänninge", "", "/Sk%C3%A4nninge/Nywelius_Platts%C3%A4ttning/610490", "", "http://maps.google.se/maps?f=q&source=s_q&hl=sv&geocode=&q=Borggatan+4+B%2c+59633%2c+SK%c3%84NNINGE%2c+Sweden"
65, "Nywelius Transport AB", "1945866", "", "Skänninge", "", "/Sk%C3%A4nninge/Nywelius_Transport_AB/1945866", "", "http://maps.google.se/maps?f=q&source=s_q&hl=sv&geocode=&q=Tegellidsgatan+6%2c+59634%2c+SK%c3%84NNINGE%2c+Sweden"
66, "Nywertz Lastmaskiner, Benny", "97831", "", "Hjo", "", "/Hjo/Nywertz_Lastmaskiner_Benny/97831", "", "http://maps.google.se/maps?f=q&source=s_q&hl=sv&geocode=&q=Lavendelv%c3%a4gen+26%2c+54432%2c+HJO%2c+Sweden"
67, "Nywertz Transport & Entrep", "1034557", "0503-128 20", "Hjo", "http://www.nteab.se", "/Hjo/Nywertz_Transport__Entrep/1034557", "mailto:bnywertz@hotmail.com", "http://maps.google.se/maps?f=q&source=s_q&hl=sv&geocode=&q=Lavendelv%c3%a4gen+26%2c+54432%2c+HJO%2c+Sweden"
68, "Nywy Guidning", "342196", "08-68 50 00", "Stockholm", "", "/Stockholm/Nywy_Guidning/342196", "", "http://maps.google.se/maps?f=q&source=s_q&hl=sv&geocode=&q=Sveav%c3%a4gen+60%2c+11134%2c+STOCKHOLM%2c+Sweden"
69, "Nyx Interactive AB", "320035", "08-586 121 00", "Stockholm", "http://www.nyxinteractive.se", "/Stockholm/Nyx_Interactive_AB/320035", "mailto:info@nyxinteractive.com", "http://maps.google.se/maps?f=q&source=s_q&hl=sv&geocode=&q=Sandhamnsgatan+63+C%2c+11528%2c+STOCKHOLM%2c+Sweden"
70, "Nyx Ord & Design", "104493", "026-10 64 14", "Ockelbo", "", "/Ockelbo/Nyx_Ord__Design/104493", "", "http://maps.google.se/maps?f=q&source=s_q&hl=sv&geocode=&q=Mo+95%2c+81694%2c+OCKELBO%2c+Sweden"
71, "Nyxard HB", "2983264", "", "Solna", "", "/Solna/Nyxard_HB/2983264", "", "http://maps.google.se/maps?f=q&source=s_q&hl=sv&geocode=&q=Arm%c3%a9gatan+32+A%2c+17171%2c+SOLNA%2c+Sweden"
72, "Nyxfoto HB", "2567120", "", "Malmö", "", "/Malm%C3%B6/Nyxfoto_HB/2567120", "", "http://maps.google.se/maps?f=q&source=s_q&hl=sv&geocode=&q=Slussgatan+12+B%2c+21130%2c+MALM%c3%96%2c+Sweden"
73, "Nyxus AB", "2260884", "", "Stockholm", "", "/Stockholm/Nyxus_AB/2260884", "", "http://maps.google.se/maps?f=q&source=s_q&hl=sv&geocode=&q=Brevia+571%2c+11479%2c+STOCKHOLM%2c+Sweden"
74, "Nyzell, Kent", "2664841", "040-15 08 18", "Morgongåva", "", "/Morgong%C3%A5va/Nyzell_Kent/2664841", "", "http://maps.google.se/maps?f=q&source=s_q&hl=sv&geocode=&q=H%c3%a4rdv%c3%a4gen+6%2c+74451%2c+MORGONG%c3%85VA%2c+Sweden"
75, "Nyzells Fönsterputs", "1022150", "08-93 88 64", "Farsta", "http://www.fonsterputsare.com", "/Farsta/Nyzells_F%C3%B6nsterputs/1022150", "mailto:hakannyzell@msn.com", "http://maps.google.se/maps?f=q&source=s_q&hl=sv&geocode=&q=Farstav%c3%a4gen+29%2c+12334%2c+FARSTA%2c+Sweden"
76, "Nz Bokart Center", "1569334", "031-15 22 77", "Göteborg", "http://www.bokarthus.se", "/G%C3%B6teborg/Nz_Bokart_Center/1569334", "", "http://maps.google.se/maps?f=q&source=s_q&hl=sv&geocode=&q=Plantagegatan+13%2c+41305%2c+G%c3%96TEBORG%2c+Sweden"
77, "Nz Bygg AB", "2309259", "", "Täby", "", "/T%C3%A4by/Nz_Bygg_AB/2309259", "", "http://maps.google.se/maps?f=q&source=s_q&hl=sv&geocode=&q=Trefaldighetsv%c3%a4gen+11%2c+18767%2c+T%c3%84BY%2c+Sweden"
78, "Nz Plåt & Svets AB", "1061934", "", "Strängnäs", "", "/Str%C3%A4ngn%C3%A4s/Nz_Pl%C3%A5t__Svets_AB/1061934", "mailto:nzplatosvets@hotmail.com", "http://maps.google.se/maps?f=q&source=s_q&hl=sv&geocode=&q=L%c3%a4rktr%c3%a4dsv%c3%a4gen+6%2c+64541%2c+STR%c3%84NGN%c3%84S%2c+Sweden"
79, "Nz Power", "806643", "08-656 86 27", "Skärholmen", "", "/Sk%C3%A4rholmen/Nz_Power/806643", "", "http://maps.google.se/maps?f=q&source=s_q&hl=sv&geocode=&q=Als%c3%a4trav%c3%a4gen+170%2c+12736%2c+SK%c3%84RHOLMEN%2c+Sweden"
80, "Nza Design HB", "2986298", "", "Järfälla", "", "/J%C3%A4rf%C3%A4lla/Nza_Design_HB/2986298", "", "http://maps.google.se/maps?f=q&source=s_q&hl=sv&geocode=&q=Riddarplatsen+18%2c+17730%2c+J%c3%84RF%c3%84LLA%2c+Sweden"
81, "Nzeribe, Paul Chibueze", "2349997", "08-605 43 04", "Huddinge", "", "/Huddinge/Nzeribe_Paul_Chibueze/2349997", "", "http://maps.google.se/maps?f=q&source=s_q&hl=sv&geocode=&q=S%c3%a5gstuv%c3%a4gen+1+C%2c+14149%2c+HUDDINGE%2c+Sweden"
82, "Nzimbi, Musina", "2566414", "0243-55 04 43", "Borlänge", "", "/Borl%C3%A4nge/Nzimbi_Musina/2566414", "", "http://maps.google.se/maps?f=q&source=s_q&hl=sv&geocode=&q=Karlsg%c3%a5rdsgatan+9+A%2c+78460%2c+BORL%c3%84NGE%2c+Sweden"
83, "Nzo Förvaltning AB", "2638778", "08-755 25 83", "Danderyd", "", "/Danderyd/Nzo_F%C3%B6rvaltning_AB/2638778", "", "http://maps.google.se/maps?f=q&source=s_q&hl=sv&geocode=&q=M%c3%b6rbyleden+20%2c+18232%2c+DANDERYD%2c+Sweden"
84, "N-Zo Productions HB", "2879238", "", "Norrköping", "", "/Norrk%C3%B6ping/N_Zo_Productions_HB/2879238", "", "http://maps.google.se/maps?f=q&source=s_q&hl=sv&geocode=&q=Trozelligatan+13+U%2c+60235%2c+NORRK%c3%96PING%2c+Sweden"
