0,"Restaurang Teatergränd","477423","0521-644 60","Vänersborg","http://www.teatergrand.se","/V%C3%A4nersborg/Restaurang_Teatergr%C3%A4nd/477423","mailto:info@teatergrand.se","http://maps.google.se/maps?f=q&source=s_q&hl=sv&geocode=&q=Kungsgatan+13%2c+46233%2c+V%c3%84NERSBORG%2c+Sweden"
1,"Restaurang Teaterkatten AB","662105","042-12 38 00","Helsingborg","http://www.teaterkatten.nu","/Helsingborg/Restaurang_Teaterkatten_AB/662105","mailto:info@teaterkatten.nu","http://maps.google.se/maps?f=q&source=s_q&hl=sv&geocode=&q=Carl+Krooks+Gata+40%2c+25225%2c+HELSINGBORG%2c+Sweden"
2,"Restaurang Tegelbacken AB","2912580","033-12 49 51","Borås","","/Bor%C3%A5s/Restaurang_Tegelbacken_AB/2912580","","http://maps.google.se/maps?f=q&source=s_q&hl=sv&geocode=&q=%c3%96stermalmsgatan+28%2c+50455%2c+BOR%c3%85S%2c+Sweden"
3,"Restaurang Tegelhuset","333013","08-694 81 82","Stockholm","","/Stockholm/Restaurang_Tegelhuset/333013","","http://maps.google.se/maps?f=q&source=s_q&hl=sv&geocode=&q=Bj%c3%b6rng%c3%a5rdsgatan+31%2c+11852%2c+STOCKHOLM%2c+Sweden"
4,"Restaurang Teknikparken","847860","026-459 20 02","Gävle","http://www.restaurangteknikparken.se","/G%C3%A4vle/Restaurang_Teknikparken/847860","","http://maps.google.se/maps?f=q&source=s_q&hl=sv&geocode=&q=Nobelv%c3%a4gen+2%2c+80267%2c+G%c3%84VLE%2c+Sweden"
5,"Restaurang Telegraf","1680301","08-715 29 00","Saltsjö-boo","","/Saltsj%C3%B6_boo/Restaurang_Telegraf/1680301","","http://maps.google.se/maps?f=q&source=s_q&hl=sv&geocode=&q=Skarp%c3%b6v%c3%a4gen+22%2c+13238%2c+SALTSJ%c3%96-BOO%2c+Sweden"
6,"Restaurang Telegrafen","694356","0525-101 67","Grebbestad","http://www.telegrafen.info","/Grebbestad/Restaurang_Telegrafen/694356","mailto:anders@telegrafen.info","http://maps.google.se/maps?f=q&source=s_q&hl=sv&geocode=&q=Nedre+L%c3%a5nggatan+28%2c+45772%2c+GREBBESTAD%2c+Sweden"
7,"Restaurang Tella AB","2708203","","Linköping","","/Link%C3%B6ping/Restaurang_Tella_AB/2708203","","http://maps.google.se/maps?f=q&source=s_q&hl=sv&geocode=&q=Storgatan+27%2c+58223%2c+LINK%c3%96PING%2c+Sweden"
8,"Restaurang Tengjuteriet HB","827583","08-737 07 50","Stockholm","","/Stockholm/Restaurang_Tengjuteriet_HB/827583","","http://maps.google.se/maps?f=q&source=s_q&hl=sv&geocode=&q=Strandbergsgatan+51%2c+11251%2c+STOCKHOLM%2c+Sweden"
9,"Restaurang Tennstopet","605307","08-30 76 01","Stockholm","http://www.tennstopet.se","/Stockholm/Restaurang_Tennstopet/605307","","http://maps.google.se/maps?f=q&source=s_q&hl=sv&geocode=&q=Dalagatan+50%2c+11324%2c+STOCKHOLM%2c+Sweden"
10,"Restaurang Terassen","1862905","0525-611 28","Kungsbacka","","/Kungsbacka/Restaurang_Terassen/1862905","","http://maps.google.se/maps?f=q&source=s_q&hl=sv&geocode=&q=Gamla+Onsalav%c3%a4gen+42%2c+43431%2c+KUNGSBACKA%2c+Sweden"
11,"Restaurang Terassen","2678707","08-552 454 90","Nykvarn","","/Nykvarn/Restaurang_Terassen/2678707","","http://maps.google.se/maps?f=q&source=s_q&hl=sv&geocode=&q=Gammeltorpsv%c3%a4gen+3%2c+15530%2c+NYKVARN%2c+Sweden"
12,"Restaurang Terrassen","741989","042-18 20 10","Helsingborg","http://www.restaurangterrassen.se","/Helsingborg/Restaurang_Terrassen/741989","mailto:info@restaurangterrassen.se","http://maps.google.se/maps?f=q&source=s_q&hl=sv&geocode=&q=Stortorget%2c+25223%2c+HELSINGBORG%2c+Sweden"
13,"Restaurang Terrassen","2124750","08-600 63 40","Johanneshov","","/Johanneshov/Restaurang_Terrassen/2124750","","http://maps.google.se/maps?f=q&source=s_q&hl=sv&geocode=&q=Arenav%c3%a4gen+60%2c+12177%2c+JOHANNESHOV%2c+Sweden"
14,"Restaurang Tex Corner AB","1361524","08-651 16 61","Stockholm","","/Stockholm/Restaurang_Tex_Corner_AB/1361524","","http://maps.google.se/maps?f=q&source=s_q&hl=sv&geocode=&q=Fleminggatan+27%2c+11226%2c+STOCKHOLM%2c+Sweden"
15,"Restaurang Thai","1069948","0971-104 00","Jokkmokk","","/Jokkmokk/Restaurang_Thai/1069948","mailto:jan.palmqvist@vattenfall.com","http://maps.google.se/maps?f=q&source=s_q&hl=sv&geocode=&q=Porjusv%c3%a4gen+4%2c+96231%2c+JOKKMOKK%2c+Sweden"
16,"Restaurang Thai Asia","558375","0431-834 28","Ängelholm","http://www.thaiasia.se","/%C3%84ngelholm/Restaurang_Thai_Asia/558375","mailto:info@thaiasia.se","http://maps.google.se/maps?f=q&source=s_q&hl=sv&geocode=&q=J%c3%a4rnv%c3%a4gsgatan+13%2c+26232%2c+%c3%84NGELHOLM%2c+Sweden"
17,"Restaurang Thai Corner AB","177789","042-18 59 65","Helsingborg","http://www.thaicorner.se","/Helsingborg/Restaurang_Thai_Corner_AB/177789","mailto:info@thaicorner.se","http://maps.google.se/maps?f=q&source=s_q&hl=sv&geocode=&q=Bruksgatan+32%2c+25224%2c+HELSINGBORG%2c+Sweden"
18,"Restaurang Thai Garden","2795748","0523-136 37","Lysekil","","/Lysekil/Restaurang_Thai_Garden/2795748","","http://maps.google.se/maps?f=q&source=s_q&hl=sv&geocode=&q=Kungsgatan+15%2c+45333%2c+LYSEKIL%2c+Sweden"
19,"Restaurang Thai Garden","2804611","0523-136 37","Lysekil","","/Lysekil/Restaurang_Thai_Garden/2804611","","http://maps.google.se/maps?f=q&source=s_q&hl=sv&geocode=&q=Kungsgatan+15%2c+45333%2c+LYSEKIL%2c+Sweden"
20,"Restaurang Thai House","526238","08-661 12 13","Stockholm","","/Stockholm/Restaurang_Thai_House/526238","","http://maps.google.se/maps?f=q&source=s_q&hl=sv&geocode=&q=%c3%96stg%c3%b6tagatan+48%2c+11664%2c+STOCKHOLM%2c+Sweden"
21,"Restaurang Thai House","1840534","0500-43 81 81","Skövde","","/Sk%C3%B6vde/Restaurang_Thai_House/1840534","","http://maps.google.se/maps?f=q&source=s_q&hl=sv&geocode=&q=L%c3%a4rkstigen+2%2c+54134%2c+SK%c3%96VDE%2c+Sweden"
22,"Restaurang Thai Kök","412559","0522-333 02","Arvika","","/Arvika/Restaurang_Thai_K%C3%B6k/412559","","http://maps.google.se/maps?f=q&source=s_q&hl=sv&geocode=&q=Kyrkogatan+36%2c+67131%2c+ARVIKA%2c+Sweden"
23,"Restaurang Thai Shan AB","920521","08-504 704 92","Stockholm","","/Stockholm/Restaurang_Thai_Shan_AB/920521","","http://maps.google.se/maps?f=q&source=s_q&hl=sv&geocode=&q=Olofsgatan+6%2c+11136%2c+STOCKHOLM%2c+Sweden"
24,"Restaurang Thang Long HB","2471113","","Stockholm","","/Stockholm/Restaurang_Thang_Long_HB/2471113","","http://maps.google.se/maps?f=q&source=s_q&hl=sv&geocode=&q=Upplandsgatan+51%2c+11328%2c+STOCKHOLM%2c+Sweden"
25,"Restaurang Thanh Thai Palace","837021","0550-152 80","Kristinehamn","http://www.thanhthaipalace.se","/Kristinehamn/Restaurang_Thanh_Thai_Palace/837021","","http://maps.google.se/maps?f=q&source=s_q&hl=sv&geocode=&q=Hamnv%c3%a4gen+7%2c+68130%2c+KRISTINEHAMN%2c+Sweden"
26,"Restaurang The Brig","2568484","0490-342 00","Västervik","http://www.thebrig.se","/V%C3%A4stervik/Restaurang_The_Brig/2568484","mailto:info@thebrig.se","http://maps.google.se/maps?f=q&source=s_q&hl=sv&geocode=&q=Torggatan+2%2c+59333%2c+V%c3%84STERVIK%2c+Sweden"
27,"Restaurang The Port","607791","08-655 08 80","Stockholm","http://www.theport.kvartersmenyn.se","/Stockholm/Restaurang_The_Port/607791","","http://maps.google.se/maps?f=q&source=s_q&hl=sv&geocode=&q=Sveav%c3%a4gen+134%2c+11350%2c+STOCKHOLM%2c+Sweden"
28,"Restaurang The Wok","1644252","033-12 12 08","Borås","http://www.thewok.se","/Bor%C3%A5s/Restaurang_The_Wok/1644252","","http://maps.google.se/maps?f=q&source=s_q&hl=sv&geocode=&q=Stora+Brogatan+6%2c+50330%2c+BOR%c3%85S%2c+Sweden"
29,"Restaurang Thessaloniki","2220217","08-94 13 43","Farsta","","/Farsta/Restaurang_Thessaloniki/2220217","","http://maps.google.se/maps?f=q&source=s_q&hl=sv&geocode=&q=Hauptv%c3%a4gen%2c+12358%2c+FARSTA%2c+Sweden"
30,"Restaurang Thomas Bord About Catering","526654","08-666 00 33","Täby","http://www.aboutcatering.se","/T%C3%A4by/Restaurang_Thomas_Bord_About_Catering/526654","mailto:info@aboutcatering.se","http://maps.google.se/maps?f=q&source=s_q&hl=sv&geocode=&q=%c3%96rnstigen+12%2c+18350%2c+T%c3%84BY%2c+Sweden"
31,"Restaurang Thule","2355988","0980-814 00","Kiruna","","/Kiruna/Restaurang_Thule/2355988","","http://maps.google.se/maps?f=q&source=s_q&hl=sv&geocode=&q=K%c3%b6pmangatan+24+B%2c+98139%2c+KIRUNA%2c+Sweden"
32,"Restaurang Ti Amo","218589","0303-888 59","Stenungsund","http://www.tiamostenungsund.se","/Stenungsund/Restaurang_Ti_Amo/218589","","http://maps.google.se/maps?f=q&source=s_q&hl=sv&geocode=&q=Strandv%c3%a4gen+20%2c+44431%2c+STENUNGSUND%2c+Sweden"
33,"Restaurang Tien Hung","992123","031-711 75 00","Västra frölunda","http://www.tienhung.se","/V%C3%A4stra_fr%C3%B6lunda/Restaurang_Tien_Hung/992123","","http://maps.google.se/maps?f=q&source=s_q&hl=sv&geocode=&q=Slupgatan+5%2c+42674%2c+V%c3%84STRA+FR%c3%96LUNDA%2c+Sweden"
34,"Restaurang Tien Tsin","142989","031-16 26 47","Göteborg","","/G%C3%B6teborg/Restaurang_Tien_Tsin/142989","","http://maps.google.se/maps?f=q&source=s_q&hl=sv&geocode=&q=Engelbrektsgatan+34+B%2c+41137%2c+G%c3%96TEBORG%2c+Sweden"
35,"Restaurang Tierra","545896","08-745 19 60","Handen","","/Handen/Restaurang_Tierra/545896","","http://maps.google.se/maps?f=q&source=s_q&hl=sv&geocode=&q=Dalar%c3%b6v%c3%a4gen+29%2c+13646%2c+HANDEN%2c+Sweden"
36,"Restaurang Tiger i Väsby HB","2751354","","Upplands väsby","","/Upplands_v%C3%A4sby/Restaurang_Tiger_i_V%C3%A4sby_HB/2751354","","http://maps.google.se/maps?f=q&source=s_q&hl=sv&geocode=&q=Centralv%c3%a4gen+2%2c+19476%2c+UPPLANDS+V%c3%84SBY%2c+Sweden"
37,"Restaurang Tigris","1844486","08-93 50 90","Segeltorp","","/Segeltorp/Restaurang_Tigris/1844486","","http://maps.google.se/maps?f=q&source=s_q&hl=sv&geocode=&q=Segeltorpsv%c3%a4gen+93%2c+14171%2c+SEGELTORP%2c+Sweden"
38,"Restaurang Tigris","1990619","031-84 47 44","Göteborg","http://www.tigrisrestaurang.se","/G%C3%B6teborg/Restaurang_Tigris/1990619","mailto:info@tigrisrestaurang.se","http://maps.google.se/maps?f=q&source=s_q&hl=sv&geocode=&q=Vallareleden+5%2c+41506%2c+G%c3%96TEBORG%2c+Sweden"
39,"Restaurang Till Salu","274765","031-711 55 66","Göteborg","","/G%C3%B6teborg/Restaurang_Till_Salu/274765","","http://maps.google.se/maps?f=q&source=s_q&hl=sv&geocode=&q=Stora+Saluhallen+19%2c+41117%2c+G%c3%96TEBORG%2c+Sweden"
40,"Restaurang Tin Yan House","1065102","035-18 55 01","Halmstad","","/Halmstad/Restaurang_Tin_Yan_House/1065102","","http://maps.google.se/maps?f=q&source=s_q&hl=sv&geocode=&q=M%c3%a5rtenshusgatan+1%2c+30251%2c+HALMSTAD%2c+Sweden"
41,"Restaurang Tingsgården","850631","016-51 66 20","Eskilstuna","http://www.tingsgarden.se","/Eskilstuna/Restaurang_Tingsg%C3%A5rden/850631","mailto:info@tingsgarden.se","http://maps.google.se/maps?f=q&source=s_q&hl=sv&geocode=&q=R%c3%a5dhustorget+2%2c+63340%2c+ESKILSTUNA%2c+Sweden"
42,"Restaurang Tingsgården","2437424","016-51 66 20","Eskilstuna","","/Eskilstuna/Restaurang_Tingsg%C3%A5rden/2437424","","http://maps.google.se/maps?f=q&source=s_q&hl=sv&geocode=&q=R%c3%a5dhustorget+2%2c+63340%2c+ESKILSTUNA%2c+Sweden"
43,"Restaurang Tio Pepe","1962369","0300-199 33","Kungsbacka","","/Kungsbacka/Restaurang_Tio_Pepe/1962369","","http://maps.google.se/maps?f=q&source=s_q&hl=sv&geocode=&q=S%c3%b6dra+Torggatan+1%2c+43430%2c+KUNGSBACKA%2c+Sweden"
44,"Restaurang Tipset","639735","0910-160 80","Skellefteå","http://www.restaurang-tipset.se","/Skellefte%C3%A5/Restaurang_Tipset/639735","mailto:restaurangtipset@home.se","http://maps.google.se/maps?f=q&source=s_q&hl=sv&geocode=&q=Anderstorg+2%2c+93157%2c+SKELLEFTE%c3%85%2c+Sweden"
45,"Restaurang Tjärna Brunn","2500092","0225-331 66","Bromma","http://www.tjarnabrunn.se","/Bromma/Restaurang_Tj%C3%A4rna_Brunn/2500092","mailto:restaurang@tjarnabrunn.se","http://maps.google.se/maps?f=q&source=s_q&hl=sv&geocode=&q=Ulvsundav%c3%a4gen+45%2c+16732%2c+BROMMA%2c+Sweden"
46,"Restaurang Tjuren Bravo","1886796","08-531 804 50","Norsborg","","/Norsborg/Restaurang_Tjuren_Bravo/1886796","","http://maps.google.se/maps?f=q&source=s_q&hl=sv&geocode=&q=Hallunda+Torg%2c+14568%2c+NORSBORG%2c+Sweden"
47,"Restaurang Toledos","2671249","0620-121 21","Sollefteå","","/Sollefte%C3%A5/Restaurang_Toledos/2671249","","http://maps.google.se/maps?f=q&source=s_q&hl=sv&geocode=&q=Storgatan+50%2c+88130%2c+SOLLEFTE%c3%85%2c+Sweden"
48,"Restaurang Tolvåsen, Riksbanken","612903","08-787 04 41","Stockholm","http://www.steineroster.com","/Stockholm/Restaurang_Tolv%C3%A5sen_Riksbanken/612903","mailto:info@sorest.se","http://maps.google.se/maps?f=q&source=s_q&hl=sv&geocode=&q=Brunkebergstorg+1%2c+11151%2c+STOCKHOLM%2c+Sweden"
49,"Restaurang Tomatis","672302","08-649 67 19","Enskede","","/Enskede/Restaurang_Tomatis/672302","","http://maps.google.se/maps?f=q&source=s_q&hl=sv&geocode=&q=Nyn%c3%a4sv%c3%a4gen+328%2c+12234%2c+ENSKEDE%2c+Sweden"
50,"Restaurang Tong Fong","829965","0522-51 10 24","Uddevalla","","/Uddevalla/Restaurang_Tong_Fong/829965","","http://maps.google.se/maps?f=q&source=s_q&hl=sv&geocode=&q=Str%c3%b6mstadsv%c3%a4gen+7%2c+45150%2c+UDDEVALLA%2c+Sweden"
51,"Restaurang Tony´s","126144","031-701 71 43","Göteborg","","/G%C3%B6teborg/Restaurang_Tonys/126144","","http://maps.google.se/maps?f=q&source=s_q&hl=sv&geocode=&q=Vasagatan+5%2c+41124%2c+G%c3%96TEBORG%2c+Sweden"
52,"Restaurang Topkapi","169015","0175-724 55","Rimbo","","/Rimbo/Restaurang_Topkapi/169015","","http://maps.google.se/maps?f=q&source=s_q&hl=sv&geocode=&q=Box+105%2c+76223%2c+RIMBO%2c+Sweden"
53,"Restaurang Toppen","2615918","0911-172 92","Norrfjärden","","/Norrfj%C3%A4rden/Restaurang_Toppen/2615918","","http://maps.google.se/maps?f=q&source=s_q&hl=sv&geocode=&q=H%c3%a5kingev%c3%a4gen+4%2c+94591%2c+NORRFJ%c3%84RDEN%2c+Sweden"
54,"Restaurang Toppstugan i Härnösand HB","2847123","0611-55 56 66","Härnösand","","/H%C3%A4rn%C3%B6sand/Restaurang_Toppstugan_i_H%C3%A4rn%C3%B6sand_HB/2847123","","http://maps.google.se/maps?f=q&source=s_q&hl=sv&geocode=&q=V%c3%a5rdkasbacken+121%2c+87165%2c+H%c3%84RN%c3%96SAND%2c+Sweden"
55,"Restaurang Torgkrogen","992387","031-48 54 30","Göteborg","","/G%C3%B6teborg/Restaurang_Torgkrogen/992387","","http://maps.google.se/maps?f=q&source=s_q&hl=sv&geocode=&q=Kortedala+Torg+6%2c+41510%2c+G%c3%96TEBORG%2c+Sweden"
56,"Restaurang Torshof","609242","08-730 39 47","Solna","","/Solna/Restaurang_Torshof/609242","","http://maps.google.se/maps?f=q&source=s_q&hl=sv&geocode=&q=Karolinagatan+10+F%2c+17158%2c+SOLNA%2c+Sweden"
57,"Restaurang Torshof","2164009","08-522 122 55","Stockholm","","/Stockholm/Restaurang_Torshof/2164009","","http://maps.google.se/maps?f=q&source=s_q&hl=sv&geocode=&q=Torsgatan+22%2c+11321%2c+STOCKHOLM%2c+Sweden"
58,"Restaurang Toscana Karlskrona","505737","0455-290 30","Karlskrona","http://www.restaurangtoscana.se","/Karlskrona/Restaurang_Toscana_Karlskrona/505737","","http://maps.google.se/maps?f=q&source=s_q&hl=sv&geocode=&q=Stortorget+4%2c+37134%2c+KARLSKRONA%2c+Sweden"
59,"Restaurang Trädgår´n","2130829","0498-21 08 09","Visby","","/Visby/Restaurang_Tr%C3%A4dg%C3%A5rn/2130829","","http://maps.google.se/maps?f=q&source=s_q&hl=sv&geocode=&q=H%c3%a4stgatan+17%2c+62156%2c+VISBY%2c+Sweden"
60,"Restaurang Trädgården","342761","0240-135 31","Ludvika","","/Ludvika/Restaurang_Tr%C3%A4dg%C3%A5rden/342761","mailto:restsilverdollar@hotmail.com","http://maps.google.se/maps?f=q&source=s_q&hl=sv&geocode=&q=Fredsgatan+7%2c+77130%2c+LUDVIKA%2c+Sweden"
61,"Restaurang Trädgården","2599688","0492-147 00","Linköping","","/Link%C3%B6ping/Restaurang_Tr%C3%A4dg%C3%A5rden/2599688","","http://maps.google.se/maps?f=q&source=s_q&hl=sv&geocode=&q=Gr%c3%b6nh%c3%b6gsv%c3%a4gen+28%2c+58276%2c+LINK%c3%96PING%2c+Sweden"
62,"Restaurang Trädgårdsgatan 26 AB","1887706","0485-264 00","Borgholm","","/Borgholm/Restaurang_Tr%C3%A4dg%C3%A5rdsgatan_26_AB/1887706","","http://maps.google.se/maps?f=q&source=s_q&hl=sv&geocode=&q=Tr%c3%a4dg%c3%a5rdsgatan+26%2c+38732%2c+BORGHOLM%2c+Sweden"
63,"Restaurang Tranan","1853747","","Alfta","","/Alfta/Restaurang_Tranan/1853747","","http://maps.google.se/maps?f=q&source=s_q&hl=sv&geocode=&q=Tulpans+V%c3%a4g+16%2c+82231%2c+ALFTA%2c+Sweden"
64,"Restaurang Traneberg","2232768","08-26 75 51","Bromma","","/Bromma/Restaurang_Traneberg/2232768","","http://maps.google.se/maps?f=q&source=s_q&hl=sv&geocode=&q=Tranebergsv%c3%a4gen+47%2c+16745%2c+BROMMA%2c+Sweden"
65,"Restaurang Trattorian","683851","08-505 244 50","Stockholm","http://www.kungsholmen.com","/Stockholm/Restaurang_Trattorian/683851","mailto:kungsholmen@assefa.se","http://maps.google.se/maps?f=q&source=s_q&hl=sv&geocode=&q=Norr+M%c3%a4larstrand%2c+11220%2c+STOCKHOLM%2c+Sweden"
66,"Restaurang Travmuseet","2657730","0573-100 70","Årjäng","","/%C3%85rj%C3%A4ng/Restaurang_Travmuseet/2657730","mailto:restaurangtravmuseet@telia.com","http://maps.google.se/maps?f=q&source=s_q&hl=sv&geocode=&q=Marknadsv%c3%a4gen+24%2c+67231%2c+%c3%85RJ%c3%84NG%2c+Sweden"
67,"Restaurang Tre Bröder","911192","013-28 51 95","Borensberg","http://www.trebroder.se","/Borensberg/Restaurang_Tre_Br%C3%B6der/911192","mailto:info@trebroder.se","http://maps.google.se/maps?f=q&source=s_q&hl=sv&geocode=&q=Bj%c3%b6rkv%c3%a4gen+4%2c+59031%2c+BORENSBERG%2c+Sweden"
68,"Restaurang Tre Glas AB","2274946","033-10 06 50","Borås","http://www.fargeriet.com","/Bor%C3%A5s/Restaurang_Tre_Glas_AB/2274946","mailto:info@fargeriet.com","http://maps.google.se/maps?f=q&source=s_q&hl=sv&geocode=&q=V%c3%a4sterbrogatan+2%2c+50330%2c+BOR%c3%85S%2c+Sweden"
69,"Restaurang Tre Källor","1898680","08-531 809 05","Norsborg","http://www.trekallor.com","/Norsborg/Restaurang_Tre_K%C3%A4llor/1898680","mailto:per.svangren@botfri.se","http://maps.google.se/maps?f=q&source=s_q&hl=sv&geocode=&q=Tre+K%c3%a4llors+v%c3%a4g+8%2c+14565%2c+NORSBORG%2c+Sweden"
70,"Restaurang Tre Kockar","479971","0303-101 23","Ytterby","","/Ytterby/Restaurang_Tre_Kockar/479971","","http://maps.google.se/maps?f=q&source=s_q&hl=sv&geocode=&q=Vidk%c3%a4rrsv%c3%a4gen+7%2c+44250%2c+YTTERBY%2c+Sweden"
71,"Restaurang Tre Kronor","741917","0910-70 22 33","Skellefteå","http://www.3kronor.nu","/Skellefte%C3%A5/Restaurang_Tre_Kronor/741917","","http://maps.google.se/maps?f=q&source=s_q&hl=sv&geocode=&q=Annastigen+24%2c+93170%2c+SKELLEFTE%c3%85%2c+Sweden"
72,"Restaurang Tre Kronor","853181","0612-133 00","Kramfors","","/Kramfors/Restaurang_Tre_Kronor/853181","","http://maps.google.se/maps?f=q&source=s_q&hl=sv&geocode=&q=Torggatan+3%2c+87230%2c+KRAMFORS%2c+Sweden"
73,"Restaurang Tre Syskon","238300","019-31 20 94","Örebro","http://www.tresyskon.se","/%C3%96rebro/Restaurang_Tre_Syskon/238300","","http://maps.google.se/maps?f=q&source=s_q&hl=sv&geocode=&q=Bettorpsgatan+8%2c+70369%2c+%c3%96REBRO%2c+Sweden"
74,"Restaurang Tre Vänner","984836","08-645 87 01","Hägersten","http://www.xn--trevnner-3za.se","/H%C3%A4gersten/Restaurang_Tre_V%C3%A4nner/984836","","http://maps.google.se/maps?f=q&source=s_q&hl=sv&geocode=&q=Midsommarparken+2%2c+12634%2c+H%c3%84GERSTEN%2c+Sweden"
75,"Restaurang Tre Vingar AB","1604505","","Märsta","","/M%C3%A4rsta/Restaurang_Tre_Vingar_AB/1604505","","http://maps.google.se/maps?f=q&source=s_q&hl=sv&geocode=&q=M%c3%a5ngatan+4%2c+19558%2c+M%c3%84RSTA%2c+Sweden"
76,"Restaurang Trekanten","537498","08-447 66 51","Stockholm","http://www.trekanten.nu","/Stockholm/Restaurang_Trekanten/537498","mailto:trekanten@gastrogate.com","http://maps.google.se/maps?f=q&source=s_q&hl=sv&geocode=&q=L%c3%b6vholmsv%c3%a4gen+29%2c+11765%2c+STOCKHOLM%2c+Sweden"
77,"Restaurang Trekanten","2124804","08-645 13 50","Stockholm","","/Stockholm/Restaurang_Trekanten/2124804","","http://maps.google.se/maps?f=q&source=s_q&hl=sv&geocode=&q=L%c3%b6vholmsv%c3%a4gen+29%2c+11765%2c+STOCKHOLM%2c+Sweden"
78,"Restaurang Trescorona","640825","0929-129 64","Älvsbyn","","/%C3%84lvsbyn/Restaurang_Trescorona/640825","","http://maps.google.se/maps?f=q&source=s_q&hl=sv&geocode=&q=Storgatan+4%2c+94231%2c+%c3%84LVSBYN%2c+Sweden"
79,"Restaurang Troja","681704","0510-264 00","Lidköping","","/Lidk%C3%B6ping/Restaurang_Troja/681704","","http://maps.google.se/maps?f=q&source=s_q&hl=sv&geocode=&q=Skaragatan+27%2c+53132%2c+LIDK%c3%96PING%2c+Sweden"
80,"Restaurang Trojka AB","2268449","08-88 96 14","Huddinge","","/Huddinge/Restaurang_Trojka_AB/2268449","","http://maps.google.se/maps?f=q&source=s_q&hl=sv&geocode=&q=Patron+Pehrs+V%c3%a4g+10%2c+14135%2c+HUDDINGE%2c+Sweden"
81,"Restaurang Tulegården","362188","08-612 22 51","Stockholm","","/Stockholm/Restaurang_Tuleg%C3%A5rden/362188","","http://maps.google.se/maps?f=q&source=s_q&hl=sv&geocode=&q=Tulegatan+22%2c+11353%2c+STOCKHOLM%2c+Sweden"
82,"Restaurang Tullen i Botkyrka AB","2774614","08-778 31 80","Tullinge","","/Tullinge/Restaurang_Tullen_i_Botkyrka_AB/2774614","","http://maps.google.se/maps?f=q&source=s_q&hl=sv&geocode=&q=V%c3%a5rb%c3%a4cksv%c3%a4gen+2+A%2c+14640%2c+TULLINGE%2c+Sweden"
83,"Restaurang Två Drakar","366765","08-440 75 00","Stockholm","http://www.eurest.se","/Stockholm/Restaurang_Tv%C3%A5_Drakar/366765","mailto:eurest@eurest.se","http://maps.google.se/maps?f=q&source=s_q&hl=sv&geocode=&q=R%c3%a5lambsv%c3%a4gen+17%2c+11259%2c+STOCKHOLM%2c+Sweden"
84,"Restaurang Två Fikon","2217940","0660-21 11 91","Örnsköldsvik","","/%C3%96rnsk%C3%B6ldsvik/Restaurang_Tv%C3%A5_Fikon/2217940","","http://maps.google.se/maps?f=q&source=s_q&hl=sv&geocode=&q=Skolgatan+4%2c+89133%2c+%c3%96RNSK%c3%96LDSVIK%2c+Sweden"
85,"Restaurang Två Hingstar","662650","026-66 22 22","Gävle","http://www.gavletravet.com","/G%C3%A4vle/Restaurang_Tv%C3%A5_Hingstar/662650","","http://maps.google.se/maps?f=q&source=s_q&hl=sv&geocode=&q=Box+956%2c+80133%2c+G%c3%84VLE%2c+Sweden"
86,"Restaurang Två Hjärtan","730092","0590-146 00","Filipstad","","/Filipstad/Restaurang_Tv%C3%A5_Hj%C3%A4rtan/730092","","http://maps.google.se/maps?f=q&source=s_q&hl=sv&geocode=&q=Vikgatan+1%2c+68230%2c+FILIPSTAD%2c+Sweden"
87,"Restaurang Två Kockar","883361","046-25 27 05","Staffanstorp","http://www.restaurangtvakockar.se","/Staffanstorp/Restaurang_Tv%C3%A5_Kockar/883361","mailto:info@restaurangtvakockar.se","http://maps.google.se/maps?f=q&source=s_q&hl=sv&geocode=&q=Storgatan+11%2c+24531%2c+STAFFANSTORP%2c+Sweden"
88,"Restaurang Två Krögare","126854","08-795 74 79","Järfälla","","/J%C3%A4rf%C3%A4lla/Restaurang_Tv%C3%A5_Kr%C3%B6gare/126854","","http://maps.google.se/maps?f=q&source=s_q&hl=sv&geocode=&q=Attackv%c3%a4gen+2%2c+17563%2c+J%c3%84RF%c3%84LLA%2c+Sweden"
89,"Restaurang Två Krögare","2546810","08-795 74 79","Järfälla","","/J%C3%A4rf%C3%A4lla/Restaurang_Tv%C3%A5_Kr%C3%B6gare/2546810","","http://maps.google.se/maps?f=q&source=s_q&hl=sv&geocode=&q=Attackv%c3%a4gen+2%2c+17563%2c+J%c3%84RF%c3%84LLA%2c+Sweden"
90,"Restaurang Två Tallar","388758","060-57 60 00","Sörberge","http://www.tvatallar.se","/S%C3%B6rberge/Restaurang_Tv%C3%A5_Tallar/388758","","http://maps.google.se/maps?f=q&source=s_q&hl=sv&geocode=&q=Haspelv%c3%a4gen+11%2c+86030%2c+S%c3%96RBERGE%2c+Sweden"
91,"Restaurang Två Tallar","2588715","060-57 60 00","Kovland","","/Kovland/Restaurang_Tv%C3%A5_Tallar/2588715","","http://maps.google.se/maps?f=q&source=s_q&hl=sv&geocode=&q=Bj%c3%a4rme+205%2c+86025%2c+KOVLAND%2c+Sweden"
92,"Restaurang Två Tallar i Timrå AB","2621886","060-57 90 60","Sörberge","","/S%C3%B6rberge/Restaurang_Tv%C3%A5_Tallar_i_Timr%C3%A5_AB/2621886","","http://maps.google.se/maps?f=q&source=s_q&hl=sv&geocode=&q=Midlanda%2c+Flygplats%2c+86030%2c+S%c3%96RBERGE%2c+Sweden"
93,"Restaurang Tvärsöver","2674423","08-641 86 79","Stockholm","","/Stockholm/Restaurang_Tv%C3%A4rs%C3%B6ver/2674423","","http://maps.google.se/maps?f=q&source=s_q&hl=sv&geocode=&q=Bondegatan+1+C%2c+11623%2c+STOCKHOLM%2c+Sweden"
94,"Restaurang Tynderösundet HB","2909950","","Söråker","","/S%C3%B6r%C3%A5ker/Restaurang_Tynder%C3%B6sundet_HB/2909950","","http://maps.google.se/maps?f=q&source=s_q&hl=sv&geocode=&q=Holm%c3%b6+245%2c+86035%2c+S%c3%96R%c3%85KER%2c+Sweden"
95,"Restaurang Tzatsiki","738438","023-109 80","Falun","","/Falun/Restaurang_Tzatsiki/738438","","http://maps.google.se/maps?f=q&source=s_q&hl=sv&geocode=&q=Falugatan+1%2c+79171%2c+FALUN%2c+Sweden"
96,"Restaurang Tzatsiki i Falun","1382557","08-550 118 87","Södertälje","","/S%C3%B6dert%C3%A4lje/Restaurang_Tzatsiki_i_Falun/1382557","","http://maps.google.se/maps?f=q&source=s_q&hl=sv&geocode=&q=Robert+Anbergs+V%c3%a4g+17%2c+15153%2c+S%c3%96DERT%c3%84LJE%2c+Sweden"
97,"Restaurang Tzatziki","1013123","042-12 32 00","Helsingborg","http://www.restaurangtzatziki.se","/Helsingborg/Restaurang_Tzatziki/1013123","","http://maps.google.se/maps?f=q&source=s_q&hl=sv&geocode=&q=Erik+Dahlbergs+Gata+57%2c+25440%2c+HELSINGBORG%2c+Sweden"
98,"Restaurang Udden","902293","0247-102 77","Leksand","","/Leksand/Restaurang_Udden/902293","","http://maps.google.se/maps?f=q&source=s_q&hl=sv&geocode=&q=Norsgatan+34%2c+79330%2c+LEKSAND%2c+Sweden"
99,"Restaurang Underbar","585764","08-10 11 16","Stockholm","","/Stockholm/Restaurang_Underbar/585764","","http://maps.google.se/maps?f=q&source=s_q&hl=sv&geocode=&q=Drottninggatan+102%2c+11160%2c+STOCKHOLM%2c+Sweden"
100,"Restaurang Upper West Kista AB","2523067","08-750 85 62","Kista","","/Kista/Restaurang_Upper_West_Kista_AB/2523067","","http://maps.google.se/maps?f=q&source=s_q&hl=sv&geocode=&q=Kistag%c3%a5ngen+2%2c+16440%2c+KISTA%2c+Sweden"
101,"Restaurang Utsikten","2949891","","Tyresö","","/Tyres%C3%B6/Restaurang_Utsikten/2949891","","http://maps.google.se/maps?f=q&source=s_q&hl=sv&geocode=&q=Bollmora+All%c3%a9+7%2c+13539%2c+TYRES%c3%96%2c+Sweden"
102,"Restaurang Utsikten Ramsele","1949238","0623-725 15","Ramsele","","/Ramsele/Restaurang_Utsikten_Ramsele/1949238","","http://maps.google.se/maps?f=q&source=s_q&hl=sv&geocode=&q=Storgatan+47%2c+88040%2c+RAMSELE%2c+Sweden"
103,"Restaurang Vadstena Valven","116223","0143-123 40","Vadstena","http://www.valven.se","/Vadstena/Restaurang_Vadstena_Valven/116223","mailto:valven@wasadata.net","http://maps.google.se/maps?f=q&source=s_q&hl=sv&geocode=&q=Storgatan+18%2c+59230%2c+VADSTENA%2c+Sweden"
104,"Restaurang Väduren","2162666","08-508 096 39","Stockholm","","/Stockholm/Restaurang_V%C3%A4duren/2162666","","http://maps.google.se/maps?f=q&source=s_q&hl=sv&geocode=&q=Roslagsgatan+20%2c+11355%2c+STOCKHOLM%2c+Sweden"
105,"Restaurang Vågen","1744682","036-10 09 00","Jönköping","","/J%C3%B6nk%C3%B6ping/Restaurang_V%C3%A5gen/1744682","","http://maps.google.se/maps?f=q&source=s_q&hl=sv&geocode=&q=Huskvarnav%c3%a4gen+48%2c+55454%2c+J%c3%96NK%c3%96PING%2c+Sweden"
106,"Restaurang Vågen","1886013","0530-103 08","Mellerud","","/Mellerud/Restaurang_V%C3%A5gen/1886013","","http://maps.google.se/maps?f=q&source=s_q&hl=sv&geocode=&q=V%c3%a4stergatan+4%2c+46431%2c+MELLERUD%2c+Sweden"
107,"Restaurang Väjern","2522841","0523-704 07","Kungshamn","http://www.restaurangvajern.com","/Kungshamn/Restaurang_V%C3%A4jern/2522841","","http://maps.google.se/maps?f=q&source=s_q&hl=sv&geocode=&q=Trygg%c3%b6gatan+2%2c+45644%2c+KUNGSHAMN%2c+Sweden"
108,"Restaurang Valand","994788","031-18 30 93","Göteborg","http://www.valand.nu","/G%C3%B6teborg/Restaurang_Valand/994788","mailto:lisbeth@valand.nu","http://maps.google.se/maps?f=q&source=s_q&hl=sv&geocode=&q=Vasagatan+41%2c+41137%2c+G%c3%96TEBORG%2c+Sweden"
109,"Restaurang Valbergsängen","1857406","0560-129 00","Torsby","","/Torsby/Restaurang_Valbergs%C3%A4ngen/1857406","","http://maps.google.se/maps?f=q&source=s_q&hl=sv&geocode=&q=Valbergs%c3%a4ngen%2c+68533%2c+TORSBY%2c+Sweden"
110,"Restaurang Valdemar","2030969","040-46 46 90","Åkarp","","/%C3%85karp/Restaurang_Valdemar/2030969","","http://maps.google.se/maps?f=q&source=s_q&hl=sv&geocode=&q=Harak%c3%a4rrsv%c3%a4gen+80+C%2c+23253%2c+%c3%85KARP%2c+Sweden"
111,"Restaurang Valen","2193843","08-792 05 00","Täby","","/T%C3%A4by/Restaurang_Valen/2193843","","http://maps.google.se/maps?f=q&source=s_q&hl=sv&geocode=&q=%c3%85kerbyv%c3%a4gen+1%2c+18336%2c+T%c3%84BY%2c+Sweden"
112,"Restaurang Valentino","806347","021-12 65 15","Västerås","","/V%C3%A4ster%C3%A5s/Restaurang_Valentino/806347","","http://maps.google.se/maps?f=q&source=s_q&hl=sv&geocode=&q=Skiljeboplatsen+2%2c+72341%2c+V%c3%84STER%c3%85S%2c+Sweden"
113,"Restaurang Valentino","2726760","0910-888 50","Skellefteå","http://www.restaurangvalentino.se","/Skellefte%C3%A5/Restaurang_Valentino/2726760","","http://maps.google.se/maps?f=q&source=s_q&hl=sv&geocode=&q=Kanalgatan+43%2c+93132%2c+SKELLEFTE%c3%85%2c+Sweden"
114,"Restaurang Vålkojan Kafé & Bar","499698","0684-320 41","Vemhån","http://www.valkojan.se","/Vemh%C3%A5n/Restaurang_V%C3%A5lkojan_Kafe__Bar/499698","mailto:krogen@valkojan.se","http://maps.google.se/maps?f=q&source=s_q&hl=sv&geocode=&q=V%c3%a5lkojan+615%2c+84091%2c+VEMH%c3%85N%2c+Sweden"
115,"Restaurang Välkommen HB","816108","08-583 600 90","Järfälla","","/J%C3%A4rf%C3%A4lla/Restaurang_V%C3%A4lkommen_HB/816108","mailto:wallinsspis@comhem.se","http://maps.google.se/maps?f=q&source=s_q&hl=sv&geocode=&q=Birger+Dahlerus+V%c3%a4g+6%2c+17669%2c+J%c3%84RF%c3%84LLA%2c+Sweden"
116,"Restaurang Vallagrillen","2635536","013-10 41 48","Linköping","","/Link%C3%B6ping/Restaurang_Vallagrillen/2635536","","http://maps.google.se/maps?f=q&source=s_q&hl=sv&geocode=&q=Vallaplan+1%2c+58246%2c+LINK%c3%96PING%2c+Sweden"
117,"Restaurang Valvet","378537","046-211 17 01","Lund","","/Lund/Restaurang_Valvet/378537","","http://maps.google.se/maps?f=q&source=s_q&hl=sv&geocode=&q=Allhelgona+Kyrkogata%2c+1%2c+22362%2c+LUND%2c+Sweden"
118,"Restaurang Vänerparken","448693","0521-655 77","Vänersborg","","/V%C3%A4nersborg/Restaurang_V%C3%A4nerparken/448693","mailto:restaurang.vanerparken@telia.com","http://maps.google.se/maps?f=q&source=s_q&hl=sv&geocode=&q=V%c3%a4nerparken%2c+46235%2c+V%c3%84NERSBORG%2c+Sweden"
119,"Restaurang Våning Ett","2753949","08-511 740 22","Vallentuna","","/Vallentuna/Restaurang_V%C3%A5ning_Ett/2753949","","http://maps.google.se/maps?f=q&source=s_q&hl=sv&geocode=&q=Tuna+Torg+10%2c+18631%2c+VALLENTUNA%2c+Sweden"
120,"Restaurang Varda","1706494","021-14 81 50","Västerås","","/V%C3%A4ster%C3%A5s/Restaurang_Varda/1706494","","http://maps.google.se/maps?f=q&source=s_q&hl=sv&geocode=&q=Vasagatan+14%2c+72215%2c+V%c3%84STER%c3%85S%2c+Sweden"
121,"Restaurang Värendsgatan i Alvesta AB","2441070","0472-125 50","Alvesta","","/Alvesta/Restaurang_V%C3%A4rendsgatan_i_Alvesta_AB/2441070","","http://maps.google.se/maps?f=q&source=s_q&hl=sv&geocode=&q=V%c3%a4rendsgatan+7%2c+34230%2c+ALVESTA%2c+Sweden"
122,"Restaurang Väringgården","2585816","08-560 301 83","Ekerö","","/Eker%C3%B6/Restaurang_V%C3%A4ringg%C3%A5rden/2585816","","http://maps.google.se/maps?f=q&source=s_q&hl=sv&geocode=&q=Jungfrusundsv%c3%a4gen+6%2c+17838%2c+EKER%c3%96%2c+Sweden"
123,"Restaurang Varla","994440","0300-746 34","Fjärås","http://www.restaurang-varla.com","/Fj%C3%A4r%C3%A5s/Restaurang_Varla/994440","mailto:ronny-gunnarsson@swipnet.se","http://maps.google.se/maps?f=q&source=s_q&hl=sv&geocode=&q=F%c3%a5gels%c3%a5ngsv%c3%a4gen+76%2c+43975%2c+FJ%c3%84R%c3%85S%2c+Sweden"
124,"Restaurang Världens Ände i Ystad","1880141","0411-678 55","Ystad","","/Ystad/Restaurang_V%C3%A4rldens_%C3%84nde_i_Ystad/1880141","","http://maps.google.se/maps?f=q&source=s_q&hl=sv&geocode=&q=Ponnyg%c3%a5ngen+3+C%2c+27137%2c+YSTAD%2c+Sweden"
125,"Restaurang Vårrullar Thai & Pub","2740882","0370-993 99","Gnosjö","","/Gnosj%C3%B6/Restaurang_V%C3%A5rrullar_Thai__Pub/2740882","","http://maps.google.se/maps?f=q&source=s_q&hl=sv&geocode=&q=L%c3%a5nggatan+13%2c+33531%2c+GNOSJ%c3%96%2c+Sweden"
126,"Restaurang Vasabi AB","743305","08-732 70 27","Täby","","/T%C3%A4by/Restaurang_Vasabi_AB/743305","","http://maps.google.se/maps?f=q&source=s_q&hl=sv&geocode=&q=Slottsv%c3%a4gen+1%2c+18352%2c+T%c3%84BY%2c+Sweden"
127,"Restaurang Vasagatan 32","1940086","0250-102 27","Mora","http://www.restaurangvasagatan32.se","/Mora/Restaurang_Vasagatan_32/1940086","mailto:jansson.32@hotmail.com","http://maps.google.se/maps?f=q&source=s_q&hl=sv&geocode=&q=Vasagatan+32%2c+79232%2c+MORA%2c+Sweden"
128,"Restaurang Vasapokalen AB","1831912","021-440 10 20","Västerås","","/V%C3%A4ster%C3%A5s/Restaurang_Vasapokalen_AB/1831912","","http://maps.google.se/maps?f=q&source=s_q&hl=sv&geocode=&q=Vasagatan+69%2c+72217%2c+V%c3%84STER%c3%85S%2c+Sweden"
129,"Restaurang Vasastan","2030694","031-13 03 02","Göteborg","http://www.vasastan.org","/G%C3%B6teborg/Restaurang_Vasastan/2030694","mailto:info@vasastan.org","http://maps.google.se/maps?f=q&source=s_q&hl=sv&geocode=&q=Viktoriagatan+2+A%2c+41125%2c+G%c3%96TEBORG%2c+Sweden"
130,"Restaurang Vassruggen AB","2898691","","Huddinge","","/Huddinge/Restaurang_Vassruggen_AB/2898691","","http://maps.google.se/maps?f=q&source=s_q&hl=sv&geocode=&q=Lissma+Skolv%c3%a4g+6%2c+14191%2c+HUDDINGE%2c+Sweden"
131,"Restaurang Västergård","961378","044-432 00","Glimåkra","http://www.restaurangvastergard.se","/Glim%C3%A5kra/Restaurang_V%C3%A4sterg%C3%A5rd/961378","mailto:info@restaurangvastergard.se","http://maps.google.se/maps?f=q&source=s_q&hl=sv&geocode=&q=%c3%85gagatan+14%2c+28064%2c+GLIM%c3%85KRA%2c+Sweden"
132,"Restaurang Västerhus","2650252","031-14 50 50","Göteborg","","/G%C3%B6teborg/Restaurang_V%C3%A4sterhus/2650252","","http://maps.google.se/maps?f=q&source=s_q&hl=sv&geocode=&q=Karl+Johansgatan+11%2c+41459%2c+G%c3%96TEBORG%2c+Sweden"
133,"Restaurang Vattenfallet i Uppsala AB","2825565","","Uppsala","","/Uppsala/Restaurang_Vattenfallet_i_Uppsala_AB/2825565","","http://maps.google.se/maps?f=q&source=s_q&hl=sv&geocode=&q=Hamnplan+5%2c+75319%2c+UPPSALA%2c+Sweden"
134,"Restaurang Vegas Kök & Bar","1707998","0910-134 44","Skellefteå","","/Skellefte%C3%A5/Restaurang_Vegas_K%C3%B6k__Bar/1707998","","http://maps.google.se/maps?f=q&source=s_q&hl=sv&geocode=&q=Nygatan+57%2c+93130%2c+SKELLEFTE%c3%85%2c+Sweden"
135,"Restaurang Vendetta","336269","08-644 55 52","Stockholm","","/Stockholm/Restaurang_Vendetta/336269","","http://maps.google.se/maps?f=q&source=s_q&hl=sv&geocode=&q=Sibyllegatan+33%2c+11442%2c+STOCKHOLM%2c+Sweden"
136,"Restaurang Venezia","416549","090-77 44 44","Umeå","http://www.veneziaumea.se/","/Ume%C3%A5/Restaurang_Venezia/416549","","http://maps.google.se/maps?f=q&source=s_q&hl=sv&geocode=&q=%c3%96stra+Norrlandsgatan+57%2c+90331%2c+UME%c3%85%2c+Sweden"
137,"Restaurang Venezia","593203","042-20 49 94","Ödåkra","","/%C3%96d%C3%A5kra/Restaurang_Venezia/593203","","http://maps.google.se/maps?f=q&source=s_q&hl=sv&geocode=&q=Centralgatan+10%2c+25475%2c+%c3%96D%c3%85KRA%2c+Sweden"
138,"Restaurang Venezia","685712","021-18 25 40","Västerås","http://www.restaurangvenezia.net","/V%C3%A4ster%C3%A5s/Restaurang_Venezia/685712","mailto:restaurangvenezia@hotmail.se","http://maps.google.se/maps?f=q&source=s_q&hl=sv&geocode=&q=Skallbergsgatan+2%2c+72221%2c+V%c3%84STER%c3%85S%2c+Sweden"
139,"Restaurang Vera","2803690","0418-100 63","Landskrona","","/Landskrona/Restaurang_Vera/2803690","","http://maps.google.se/maps?f=q&source=s_q&hl=sv&geocode=&q=R%c3%a5dhusgatan+2%2c+26131%2c+LANDSKRONA%2c+Sweden"
140,"Restaurang Verona","808767","016-51 40 51","Eskilstuna","","/Eskilstuna/Restaurang_Verona/808767","","http://maps.google.se/maps?f=q&source=s_q&hl=sv&geocode=&q=Nyforsgatan+32%2c+63225%2c+ESKILSTUNA%2c+Sweden"
141,"Restaurang Verona","2742408","0150-509 75","Katrineholm","","/Katrineholm/Restaurang_Verona/2742408","mailto:dilvae_s@hotmail.com","http://maps.google.se/maps?f=q&source=s_q&hl=sv&geocode=&q=Brunnsgatan+6%2c+64145%2c+KATRINEHOLM%2c+Sweden"
142,"Restaurang Vi Viet","674695","031-13 28 88","Göteborg","","/G%C3%B6teborg/Restaurang_Vi_Viet/674695","","http://maps.google.se/maps?f=q&source=s_q&hl=sv&geocode=&q=Erik+Dahlbergsgatan+20%2c+41126%2c+G%c3%96TEBORG%2c+Sweden"
143,"Restaurang Victoria","823169","0457-45 03 00","Backaryd","http://www.restaurangvictoria.se","/Backaryd/Restaurang_Victoria/823169","mailto:info@restaurangvictoria.se","http://maps.google.se/maps?f=q&source=s_q&hl=sv&geocode=&q=V%c3%a4rendsv%c3%a4gen+42%2c+37011%2c+BACKARYD%2c+Sweden"
144,"Restaurang Victoria","838355","08-21 86 00","Stockholm","http://www.vickan.nu","/Stockholm/Restaurang_Victoria/838355","mailto:info@vickan.nu","http://maps.google.se/maps?f=q&source=s_q&hl=sv&geocode=&q=Kungstr%c3%a4dg%c3%a5rden%2c+11147%2c+STOCKHOLM%2c+Sweden"
145,"Restaurang Victoria","1803490","","Linköping","","/Link%C3%B6ping/Restaurang_Victoria/1803490","","http://maps.google.se/maps?f=q&source=s_q&hl=sv&geocode=&q=Ryttareg%c3%a5ngen+29%2c+58735%2c+LINK%c3%96PING%2c+Sweden"
146,"Restaurang Victoria","2701721","0247-109 22","Söderhamn","","/S%C3%B6derhamn/Restaurang_Victoria/2701721","","http://maps.google.se/maps?f=q&source=s_q&hl=sv&geocode=&q=Oxtorgsgatan+14%2c+82632%2c+S%c3%96DERHAMN%2c+Sweden"
147,"Restaurang Vietnam","592707","026-18 19 45","Gävle","","/G%C3%A4vle/Restaurang_Vietnam/592707","","http://maps.google.se/maps?f=q&source=s_q&hl=sv&geocode=&q=Rullstensv%c3%a4gen+4%2c+80632%2c+G%c3%84VLE%2c+Sweden"
148,"Restaurang Viking","140456","0525-299 99","Tanumshede","","/Tanumshede/Restaurang_Viking/140456","mailto:iranpour_koroush@hotmail.com","http://maps.google.se/maps?f=q&source=s_q&hl=sv&geocode=&q=Aff%c3%a4rsv%c3%a4gen+6%2c+45730%2c+TANUMSHEDE%2c+Sweden"
149,"Restaurang Viking","1881395","0910-133 53","Skellefteå","","/Skellefte%C3%A5/Restaurang_Viking/1881395","","http://maps.google.se/maps?f=q&source=s_q&hl=sv&geocode=&q=Nygatan+56%2c+93130%2c+SKELLEFTE%c3%85%2c+Sweden"
150,"Restaurang Viking","1951930","042-12 56 88","Helsingborg","http://www.vikingbar.se","/Helsingborg/Restaurang_Viking/1951930","mailto:info@vikingbar.se","http://maps.google.se/maps?f=q&source=s_q&hl=sv&geocode=&q=Gasverksgatan+13%2c+25225%2c+HELSINGBORG%2c+Sweden"
151,"Restaurang Vikingstrand","1922042","042-21 70 10","Helsingborg","","/Helsingborg/Restaurang_Vikingstrand/1922042","","http://maps.google.se/maps?f=q&source=s_q&hl=sv&geocode=&q=Drottninggatan%2c+25221%2c+HELSINGBORG%2c+Sweden"
152,"Restaurang Viktoria","692130","060-61 32 02","Sundsvall","http://www.restaurangviktoria.com","/Sundsvall/Restaurang_Viktoria/692130","mailto:info@restaurangviktoria.com","http://maps.google.se/maps?f=q&source=s_q&hl=sv&geocode=&q=Storgatan+12%2c+85230%2c+SUNDSVALL%2c+Sweden"
153,"Restaurang Viktoria","775844","063-10 55 55","Östersund","","/%C3%96stersund/Restaurang_Viktoria/775844","","http://maps.google.se/maps?f=q&source=s_q&hl=sv&geocode=&q=Pr%c3%a4stgatan+41%2c+83131%2c+%c3%96STERSUND%2c+Sweden"
154,"Restaurang Viktoria","840401","031-13 88 00","Göteborg","","/G%C3%B6teborg/Restaurang_Viktoria/840401","","http://maps.google.se/maps?f=q&source=s_q&hl=sv&geocode=&q=Viktoriagatan+2+B%2c+41125%2c+G%c3%96TEBORG%2c+Sweden"
155,"Restaurang Vilbergen","2103096","011-18 20 21","Norrköping","","/Norrk%C3%B6ping/Restaurang_Vilbergen/2103096","","http://maps.google.se/maps?f=q&source=s_q&hl=sv&geocode=&q=Vilbergen+Centrum%2c+60356%2c+NORRK%c3%96PING%2c+Sweden"
156,"Restaurang Villa","2372968","0510-77 12 15","Lidköping","http://www.restaurangvilla.se","/Lidk%C3%B6ping/Restaurang_Villa/2372968","mailto:restaurangvilla@vlbk.se","http://maps.google.se/maps?f=q&source=s_q&hl=sv&geocode=&q=Mellbygatan+54%2c+53151%2c+LIDK%c3%96PING%2c+Sweden"
157,"Restaurang Villa Fridhem","445582","08-708 76 10","Hägersten","","/H%C3%A4gersten/Restaurang_Villa_Fridhem/445582","","http://maps.google.se/maps?f=q&source=s_q&hl=sv&geocode=&q=Bellmansk%c3%a4llev%c3%a4gen+18%2c+12940%2c+H%c3%84GERSTEN%2c+Sweden"
158,"Restaurang Villa Lindesnäs","1888847","0522-300 58","Uddevalla","http://www.villalindesnas.se","/Uddevalla/Restaurang_Villa_Lindesn%C3%A4s/1888847","mailto:info@villalindesnas.se","http://maps.google.se/maps?f=q&source=s_q&hl=sv&geocode=&q=Lindesn%c3%a4s+745%2c+45191%2c+UDDEVALLA%2c+Sweden"
159,"Restaurang Villa Rosen","2710856","08-711 36 28","Huddinge","","/Huddinge/Restaurang_Villa_Rosen/2710856","","http://maps.google.se/maps?f=q&source=s_q&hl=sv&geocode=&q=L%c3%a4nnav%c3%a4gen+39%2c+14146%2c+HUDDINGE%2c+Sweden"
160,"Restaurang Villa Rosen i Huddinge AB","196327","08-711 36 28","Huddinge","http://www.villarosen.se","/Huddinge/Restaurang_Villa_Rosen_i_Huddinge_AB/196327","","http://maps.google.se/maps?f=q&source=s_q&hl=sv&geocode=&q=Cederv%c3%a4gen+4%2c+14145%2c+HUDDINGE%2c+Sweden"
161,"Restaurang Villa Sandhem","623322","0150-139 88","Katrineholm","http://villasandhem.dinstudio.se","/Katrineholm/Restaurang_Villa_Sandhem/623322","mailto:nicklas.borgqvist@bredband.net","http://maps.google.se/maps?f=q&source=s_q&hl=sv&geocode=&q=Ving%c3%a5kersv%c3%a4gen+13%2c+64136%2c+KATRINEHOLM%2c+Sweden"
162,"Restaurang Villastaden","2305013","033-12 60 30","Borås","http://www.restaurangvillastaden.se","/Bor%C3%A5s/Restaurang_Villastaden/2305013","mailto:info@restaurangvillastaden.se","http://maps.google.se/maps?f=q&source=s_q&hl=sv&geocode=&q=%c3%96vre+Kvarngatan+30%2c+50453%2c+BOR%c3%85S%2c+Sweden"
163,"Restaurang Vindhem","2127569","08-604 04 61","Farsta","","/Farsta/Restaurang_Vindhem/2127569","","http://maps.google.se/maps?f=q&source=s_q&hl=sv&geocode=&q=Kristinehamnsgatan+62%2c+12344%2c+FARSTA%2c+Sweden"
164,"Restaurang Vindhem","2661609","060-58 77 76","Tumba","","/Tumba/Restaurang_Vindhem/2661609","","http://maps.google.se/maps?f=q&source=s_q&hl=sv&geocode=&q=Backv%c3%a4gen+9%2c+14743%2c+TUMBA%2c+Sweden"
165,"Restaurang Vindruvan","2975733","010-104 21 56","Norrköping","","/Norrk%C3%B6ping/Restaurang_Vindruvan/2975733","","http://maps.google.se/maps?f=q&source=s_q&hl=sv&geocode=&q=Dalsgatan+7%2c+60232%2c+NORRK%c3%96PING%2c+Sweden"
166,"Restaurang Vingen","363672","08-782 43 48","Bandhagen","","/Bandhagen/Restaurang_Vingen/363672","","http://maps.google.se/maps?f=q&source=s_q&hl=sv&geocode=&q=Vintrosagatan+7%2c+12473%2c+BANDHAGEN%2c+Sweden"
167,"Restaurang Vintertullen","1710657","08-743 06 50","Stockholm","http://www.se.issworld.com","/Stockholm/Restaurang_Vintertullen/1710657","mailto:teddy.wennerstrand@iss-fs.se","http://maps.google.se/maps?f=q&source=s_q&hl=sv&geocode=&q=Katarina+Bangata+80%2c+11642%2c+STOCKHOLM%2c+Sweden"
168,"Restaurang Vita Elefanten","931175","021-14 69 20","Västerås","","/V%C3%A4ster%C3%A5s/Restaurang_Vita_Elefanten/931175","","http://maps.google.se/maps?f=q&source=s_q&hl=sv&geocode=&q=Stora+Gatan+47%2c+72212%2c+V%c3%84STER%c3%85S%2c+Sweden"
169,"Restaurang Vita Sand","2717655","031-87 71 50","Åsa","","/%C3%85sa/Restaurang_Vita_Sand/2717655","","http://maps.google.se/maps?f=q&source=s_q&hl=sv&geocode=&q=S%c3%b6rviksv%c3%a4gen+7%2c+43954%2c+%c3%85SA%2c+Sweden"
170,"Restaurang Vitsippan","289361","0953-200 07","Rökå","","/R%C3%B6k%C3%A5/Restaurang_Vitsippan/289361","","http://maps.google.se/maps?f=q&source=s_q&hl=sv&geocode=&q=Skolv%c3%a4gen+5%2c+92039%2c+R%c3%96K%c3%85%2c+Sweden"
171,"Restaurang Viva","2226068","046-13 35 10","Lund","","/Lund/Restaurang_Viva/2226068","","http://maps.google.se/maps?f=q&source=s_q&hl=sv&geocode=&q=Karh%c3%b6gstorg+10+E%2c+22358%2c+LUND%2c+Sweden"
172,"Restaurang Vivaldi Italienskt kök o. Bar","192055","031-20 17 71","Göteborg","http://www.restaurangvivaldi.com","/G%C3%B6teborg/Restaurang_Vivaldi_Italienskt_k%C3%B6k_o_Bar/192055","","http://maps.google.se/maps?f=q&source=s_q&hl=sv&geocode=&q=Berzeliigatan+19%2c+41253%2c+G%c3%96TEBORG%2c+Sweden"
173,"Restaurang Volt","2580421","08-662 34 00","Stockholm","http://www.restaurangvolt.se","/Stockholm/Restaurang_Volt/2580421","","http://maps.google.se/maps?f=q&source=s_q&hl=sv&geocode=&q=Kommend%c3%b6rsgatan+16%2c+11448%2c+STOCKHOLM%2c+Sweden"
174,"Restaurang Vulcan","2540907","0586-445 25","Degerfors","","/Degerfors/Restaurang_Vulcan/2540907","","http://maps.google.se/maps?f=q&source=s_q&hl=sv&geocode=&q=Jannelundsv%c3%a4gen+6%2c+69331%2c+DEGERFORS%2c+Sweden"
175,"Restaurang Vurma","2270047","08-611 00 45","Stockholm","","/Stockholm/Restaurang_Vurma/2270047","","http://maps.google.se/maps?f=q&source=s_q&hl=sv&geocode=&q=Polhemsgatan+15%2c+11236%2c+STOCKHOLM%2c+Sweden"
176,"Restaurang Vurma","2992928","08-611 00 45","Stockholm","","/Stockholm/Restaurang_Vurma/2992928","","http://maps.google.se/maps?f=q&source=s_q&hl=sv&geocode=&q=Birger+Jarlsgatan+36%2c+11429%2c+STOCKHOLM%2c+Sweden"
177,"Restaurang W (Gästhamnen)","1425048","08-120 585 30","Vaxholm","","/Vaxholm/Restaurang_W_G%C3%A4sthamnen/1425048","","http://maps.google.se/maps?f=q&source=s_q&hl=sv&geocode=&q=Idrottsv%c3%a4gen+8+A%2c+18534%2c+VAXHOLM%2c+Sweden"
178,"Restaurang Waffi","107014","0393-122 30","Jönköping","","/J%C3%B6nk%C3%B6ping/Restaurang_Waffi/107014","","http://maps.google.se/maps?f=q&source=s_q&hl=sv&geocode=&q=V%c3%a4stra+Storgatan+25+B%2c+55315%2c+J%c3%96NK%c3%96PING%2c+Sweden"
179,"Restaurang Waldorf","709949","0920-22 26 16","Luleå","http://www.restaurangwaldorf.se","/Lule%C3%A5/Restaurang_Waldorf/709949","","http://maps.google.se/maps?f=q&source=s_q&hl=sv&geocode=&q=Storgatan+29%2c+97232%2c+LULE%c3%85%2c+Sweden"
180,"Restaurang Wallhornet, Ann-Charlotte Holback","440881","0250-151 97","Orsa","","/Orsa/Restaurang_Wallhornet_Ann_Charlotte_Holback/440881","","http://maps.google.se/maps?f=q&source=s_q&hl=sv&geocode=&q=Stormyrgatan+12%2c+79434%2c+ORSA%2c+Sweden"
181,"Restaurang Wang","600246","08-91 05 30","Hässelby","http://www.restaurangkoll.se","/H%C3%A4sselby/Restaurang_Wang/600246","","http://maps.google.se/maps?f=q&source=s_q&hl=sv&geocode=&q=Kvarnhagsgatan+59%2c+16554%2c+H%c3%84SSELBY%2c+Sweden"
182,"Restaurang Wei-Wang","2783047","08-530 323 80","Tumba","","/Tumba/Restaurang_Wei_Wang/2783047","","http://maps.google.se/maps?f=q&source=s_q&hl=sv&geocode=&q=Tumba+torg%2c+14730%2c+TUMBA%2c+Sweden"
183,"Restaurang Weiwei i Kista AB","2857182","08-751 64 00","Solna","","/Solna/Restaurang_Weiwei_i_Kista_AB/2857182","","http://maps.google.se/maps?f=q&source=s_q&hl=sv&geocode=&q=Johan+Enbergs+V%c3%a4g+3%2c+17162%2c+SOLNA%2c+Sweden"
184,"Restaurang Weng AB","2793019","0490-311 88","Västervik","","/V%C3%A4stervik/Restaurang_Weng_AB/2793019","","http://maps.google.se/maps?f=q&source=s_q&hl=sv&geocode=&q=Bredgatan+20%2c+59330%2c+V%c3%84STERVIK%2c+Sweden"
185,"Restaurang Werners","2300191","0243-103 79","Borlänge","","/Borl%C3%A4nge/Restaurang_Werners/2300191","","http://maps.google.se/maps?f=q&source=s_q&hl=sv&geocode=&q=Stationsgatan+13%2c+78433%2c+BORL%c3%84NGE%2c+Sweden"
186,"Restaurang West Side","1081784","031-85 53 27","Göteborg","","/G%C3%B6teborg/Restaurang_West_Side/1081784","","http://maps.google.se/maps?f=q&source=s_q&hl=sv&geocode=&q=F%c3%b6rsta+L%c3%a5nggatan+26%2c+41328%2c+G%c3%96TEBORG%2c+Sweden"
187,"Restaurang Wheel Loaders","1861784","0570-833 06","Arvika","","/Arvika/Restaurang_Wheel_Loaders/1861784","","http://maps.google.se/maps?f=q&source=s_q&hl=sv&geocode=&q=Vik%2c+67133%2c+ARVIKA%2c+Sweden"
188,"Restaurang Whoopsi Daisy","993526","031-65 01 10","Göteborg","http://www.whoopsidaisy.se","/G%C3%B6teborg/Restaurang_Whoopsi_Daisy/993526","","http://maps.google.se/maps?f=q&source=s_q&hl=sv&geocode=&q=Wieselgrensplatsen+11%2c+41717%2c+G%c3%96TEBORG%2c+Sweden"
189,"Restaurang Widen HB","2745048","031-43 30 20","Göteborg","","/G%C3%B6teborg/Restaurang_Widen_HB/2745048","","http://maps.google.se/maps?f=q&source=s_q&hl=sv&geocode=&q=Orustgatan+12+C%2c+41474%2c+G%c3%96TEBORG%2c+Sweden"
190,"Restaurang Winblads","1694293","08-10 88 87","Stockholm","","/Stockholm/Restaurang_Winblads/1694293","","http://maps.google.se/maps?f=q&source=s_q&hl=sv&geocode=&q=Kungsholmstorg+16%2c+11221%2c+STOCKHOLM%2c+Sweden"
191,"Restaurang Wing","2762251","040-43 04 88","Arlöv","","/Arl%C3%B6v/Restaurang_Wing/2762251","","http://maps.google.se/maps?f=q&source=s_q&hl=sv&geocode=&q=Dalbyv%c3%a4gen+11+A%2c+23234%2c+ARL%c3%96V%2c+Sweden"
192,"Restaurang Wing Wah","438741","0454-910 05","Olofström","","/Olofstr%C3%B6m/Restaurang_Wing_Wah/438741","","http://maps.google.se/maps?f=q&source=s_q&hl=sv&geocode=&q=%c3%85dalsv%c3%a4gen+2%2c+29334%2c+OLOFSTR%c3%96M%2c+Sweden"
193,"Restaurang Wing-Wah","2217902","031-40 95 18","Göteborg","","/G%C3%B6teborg/Restaurang_Wing_Wah/2217902","","http://maps.google.se/maps?f=q&source=s_q&hl=sv&geocode=&q=%c3%85v%c3%a4gen+42%2c+41251%2c+G%c3%96TEBORG%2c+Sweden"
194,"Restaurang Wing-Wah","2954565","031-40 95 18","Göteborg","","/G%C3%B6teborg/Restaurang_Wing_Wah/2954565","","http://maps.google.se/maps?f=q&source=s_q&hl=sv&geocode=&q=%c3%85v%c3%a4gen+42%2c+41251%2c+G%c3%96TEBORG%2c+Sweden"
195,"Restaurang Winner House","1370521","08-29 64 10","Sundbyberg","","/Sundbyberg/Restaurang_Winner_House/1370521","","http://maps.google.se/maps?f=q&source=s_q&hl=sv&geocode=&q=Esplanaden+11%2c+17268%2c+SUNDBYBERG%2c+Sweden"
196,"Restaurang Wok House","122184","031-18 20 11","Göteborg","http://www.wokhouse.kvartersmenyn.se","/G%C3%B6teborg/Restaurang_Wok_House/122184","","http://maps.google.se/maps?f=q&source=s_q&hl=sv&geocode=&q=Eklandagatan+55-57%2c+41261%2c+G%c3%96TEBORG%2c+Sweden"
197,"Restaurang Wok House","188188","0581-806 15","Lindesberg","http://www.wokhouselinde.se","/Lindesberg/Restaurang_Wok_House/188188","","http://maps.google.se/maps?f=q&source=s_q&hl=sv&geocode=&q=K%c3%b6pmangatan+10%2c+71130%2c+LINDESBERG%2c+Sweden"
198,"Restaurang Wok N Roll","297460","0910-888 13","Skellefteå","","/Skellefte%C3%A5/Restaurang_Wok_N_Roll/297460","","http://maps.google.se/maps?f=q&source=s_q&hl=sv&geocode=&q=H%c3%b6rnellgatan+17%2c+93130%2c+SKELLEFTE%c3%85%2c+Sweden"
199,"Restaurang Wok N Roll","2625789","08-27 89 88","Skellefteå","","/Skellefte%C3%A5/Restaurang_Wok_N_Roll/2625789","","http://maps.google.se/maps?f=q&source=s_q&hl=sv&geocode=&q=H%c3%b6rnellgatan+17%2c+93130%2c+SKELLEFTE%c3%85%2c+Sweden"
200,"Restaurang Wokgarden","783559","08-19 80 30","Hägersten","","/H%C3%A4gersten/Restaurang_Wokgarden/783559","","http://maps.google.se/maps?f=q&source=s_q&hl=sv&geocode=&q=V%c3%a4stberga+G%c3%a5rdsv%c3%a4g+50%2c+12630%2c+H%c3%84GERSTEN%2c+Sweden"
201,"Restaurang Wokhouse","727777","0510-291 88","Lidköping","","/Lidk%C3%B6ping/Restaurang_Wokhouse/727777","","http://maps.google.se/maps?f=q&source=s_q&hl=sv&geocode=&q=K%c3%a4llaregatan+3%2c+53130%2c+LIDK%c3%96PING%2c+Sweden"
202,"Restaurang Wokstugan","2572244","0515-138 40","Falköping","http://www.lunchtajm.se/falkoping/restaurang/20/wokstugan.html","/Falk%C3%B6ping/Restaurang_Wokstugan/2572244","mailto:cxz_2509@hotmail.com","http://maps.google.se/maps?f=q&source=s_q&hl=sv&geocode=&q=Stora+Torget+9%2c+52142%2c+FALK%c3%96PING%2c+Sweden"
203,"Restaurang Wollmar","627060","08-646 39 31","Stockholm","","/Stockholm/Restaurang_Wollmar/627060","","http://maps.google.se/maps?f=q&source=s_q&hl=sv&geocode=&q=Wollmar+Yxkullsgatan+12%2c+11850%2c+STOCKHOLM%2c+Sweden"
204,"Restaurang Won House","304916","08-758 10 03","Täby","","/T%C3%A4by/Restaurang_Won_House/304916","","http://maps.google.se/maps?f=q&source=s_q&hl=sv&geocode=&q=Korsv%c3%a4gen+6%2c+18330%2c+T%c3%84BY%2c+Sweden"
205,"Restaurang Wusonss","638864","08-602 55 00","Årsta","http://www.crystalplazahotel.se","/%C3%85rsta/Restaurang_Wusonss/638864","mailto:info@newworldhotel.se","http://maps.google.se/maps?f=q&source=s_q&hl=sv&geocode=&q=%c3%85byv%c3%a4gen+20%2c+12044%2c+%c3%85RSTA%2c+Sweden"
206,"Restaurang Wu-Zhang AB","2571862","018-10 66 67","Uppsala","","/Uppsala/Restaurang_Wu_Zhang_AB/2571862","","http://maps.google.se/maps?f=q&source=s_q&hl=sv&geocode=&q=Tibastv%c3%a4gen+4%2c+75350%2c+UPPSALA%2c+Sweden"
207,"Restaurang Xi Le´s Food HB","2634280","","Farsta","","/Farsta/Restaurang_Xi_Les_Food_HB/2634280","","http://maps.google.se/maps?f=q&source=s_q&hl=sv&geocode=&q=Fryksdalsbacken+12%2c+12343%2c+FARSTA%2c+Sweden"
208,"Restaurang Yanking","1219368","","Göteborg","","/G%C3%B6teborg/Restaurang_Yanking/1219368","","http://maps.google.se/maps?f=q&source=s_q&hl=sv&geocode=&q=Redbergsv%c3%a4gen+17%2c+41665%2c+G%c3%96TEBORG%2c+Sweden"
209,"Restaurang Yoss AB","2350437","035-18 76 49","Halmstad","http://www.restaurangyoss.se","/Halmstad/Restaurang_Yoss_AB/2350437","","http://maps.google.se/maps?f=q&source=s_q&hl=sv&geocode=&q=Storgatan+35%2c+30243%2c+HALMSTAD%2c+Sweden"
210,"Restaurang Yraftviken","174184","0961-230 42","Laisvall","","/Laisvall/Restaurang_Yraftviken/174184","","http://maps.google.se/maps?f=q&source=s_q&hl=sv&geocode=&q=Adolfstr%c3%b6m+167%2c+93893%2c+LAISVALL%2c+Sweden"
211,"Restaurang Yun Lee","227223","0413-142 00","Eslöv","","/Esl%C3%B6v/Restaurang_Yun_Lee/227223","","http://maps.google.se/maps?f=q&source=s_q&hl=sv&geocode=&q=Bryggaregatan+1%2c+24130%2c+ESL%c3%96V%2c+Sweden"
212,"Restaurang Zaado AB","2678615","040-40 23 44","Svedala","","/Svedala/Restaurang_Zaado_AB/2678615","","http://maps.google.se/maps?f=q&source=s_q&hl=sv&geocode=&q=F%c3%b6retagsgatan+19%2c+23351%2c+SVEDALA%2c+Sweden"
213,"Restaurang Zartosht","2546237","08-35 27 26","Sollentuna","","/Sollentuna/Restaurang_Zartosht/2546237","","http://maps.google.se/maps?f=q&source=s_q&hl=sv&geocode=&q=%c3%85kerv%c3%a4gen+2%2c+19140%2c+SOLLENTUNA%2c+Sweden"
214,"Restaurang Zeb Chicco","2275311","0451-102 00","Hässleholm","","/H%C3%A4ssleholm/Restaurang_Zeb_Chicco/2275311","","http://maps.google.se/maps?f=q&source=s_q&hl=sv&geocode=&q=F%c3%b6rsta+Avenyen+7%2c+28131%2c+H%c3%84SSLEHOLM%2c+Sweden"
215,"Restaurang Zhanjiang","2733325","0506-109 00","Töreboda","","/T%C3%B6reboda/Restaurang_Zhanjiang/2733325","","http://maps.google.se/maps?f=q&source=s_q&hl=sv&geocode=&q=Norra+Torggatan+1%2c+54530%2c+T%c3%96REBODA%2c+Sweden"
216,"Restaurang Zhenwei","2188945","0141-21 28 87","Motala","http://www.zhenwei.se","/Motala/Restaurang_Zhenwei/2188945","mailto:restaurang@zhenwei.se","http://maps.google.se/maps?f=q&source=s_q&hl=sv&geocode=&q=Repslagaregatan+4%2c+59130%2c+MOTALA%2c+Sweden"
217,"Restaurang Zhu Seray AB","660403","08-751 38 88","Eskilstuna","","/Eskilstuna/Restaurang_Zhu_Seray_AB/660403","","http://maps.google.se/maps?f=q&source=s_q&hl=sv&geocode=&q=Fristadstorget+7%2c+63220%2c+ESKILSTUNA%2c+Sweden"
218,"Restaurang Zorba","1036096","0340-132 20","Varberg","http://www.zorba-varberg.se","/Varberg/Restaurang_Zorba/1036096","","http://maps.google.se/maps?f=q&source=s_q&hl=sv&geocode=&q=V%c3%a4stra+Vallgatan+37%2c+43241%2c+VARBERG%2c+Sweden"
219,"Restaurang Zorbas","285970","0480-41 17 44","Kalmar","","/Kalmar/Restaurang_Zorbas/285970","","http://maps.google.se/maps?f=q&source=s_q&hl=sv&geocode=&q=Fiskaregatan+7%2c+39232%2c+KALMAR%2c+Sweden"
